F1,F2,F3,F6,label
389.0,4.745501285347044,0.46786632390745503,0.699228791773779,0
394.0,6.243654822335025,0.6649746192893401,0.766497461928934,0
23.0,5.304347826086956,0.34782608695652173,0.9130434782608695,0
335.0,4.874626865671642,0.5462686567164179,0.764179104477612,0
347.0,5.1354466858789625,0.3919308357348703,0.6887608069164265,0
365.0,5.161643835616438,0.4794520547945205,0.6684931506849315,0
52.0,4.769230769230769,0.4423076923076923,0.8076923076923077,0
265.0,4.871698113207547,0.5018867924528302,0.5924528301886792,0
358.0,5.11731843575419,0.5502793296089385,0.6340782122905028,0
436.0,4.905963302752293,0.5068807339449541,0.6995412844036697,0
26.0,5.846153846153846,0.5384615384615384,0.7692307692307693,0
481.0,5.733887733887734,0.6548856548856549,0.8191268191268192,0
430.0,5.21860465116279,0.541860465116279,0.7697674418604651,0
463.0,5.397408207343412,0.6047516198704104,0.6285097192224622,0
14.0,4.857142857142857,0.5,0.8571428571428571,0
299.0,4.94314381270903,0.4782608695652174,0.5418060200668896,0
101.0,5.247524752475248,0.6831683168316832,0.8316831683168316,0
15.0,5.066666666666666,0.5333333333333333,0.8666666666666667,0
48.0,5.8125,0.7083333333333334,0.6666666666666666,0
260.0,5.1461538461538465,0.5307692307692308,0.6807692307692308,0
225.0,4.435555555555555,0.5866666666666667,0.7111111111111111,0
494.0,5.6417004048583,0.562753036437247,0.7550607287449392,0
488.0,5.084016393442623,0.47540983606557374,0.6372950819672131,0
154.0,5.175324675324675,0.5454545454545454,0.7467532467532467,0
307.0,5.371335504885994,0.5570032573289903,0.6123778501628665,0
124.0,5.112903225806452,0.33064516129032256,0.6451612903225806,0
217.0,4.875576036866359,0.5299539170506913,0.7788018433179723,0
282.0,5.141843971631205,0.4574468085106383,0.6170212765957447,0
114.0,5.2631578947368425,0.5350877192982456,0.7807017543859649,0
19.0,4.894736842105263,0.3157894736842105,0.8421052631578947,0
191.0,4.994764397905759,0.6073298429319371,0.8272251308900523,0
256.0,4.671875,0.55859375,0.8046875,0
404.0,4.992574257425742,0.4084158415841584,0.6707920792079208,0
122.0,4.737704918032787,0.36065573770491804,0.6147540983606558,0
75.0,5.093333333333334,0.5333333333333333,0.6533333333333333,0
477.0,5.148846960167715,0.5324947589098532,0.8176100628930818,0
335.0,4.82089552238806,0.4746268656716418,0.7134328358208956,0
61.0,5.032786885245901,0.47540983606557374,0.7704918032786885,0
135.0,5.118518518518519,0.45925925925925926,0.7481481481481481,0
83.0,4.855421686746988,0.5060240963855421,0.8674698795180723,0
233.0,4.742489270386266,0.41201716738197425,0.7253218884120172,0
359.0,4.727019498607242,0.5013927576601671,0.7019498607242339,0
401.0,4.86284289276808,0.47880299251870323,0.6932668329177057,0
79.0,5.177215189873418,0.6329113924050633,0.7468354430379747,0
105.0,5.171428571428572,0.37142857142857144,0.6476190476190476,0
188.0,4.776595744680851,0.5106382978723404,0.7180851063829787,0
424.0,4.912735849056604,0.5047169811320755,0.6485849056603774,0
111.0,4.900900900900901,0.4864864864864865,0.8468468468468469,0
368.0,5.163043478260869,0.5489130434782609,0.7228260869565217,0
266.0,4.947368421052632,0.48120300751879697,0.6278195488721805,0
224.0,4.625,0.48660714285714285,0.6607142857142857,0
361.0,4.731301939058172,0.47645429362880887,0.5983379501385041,0
285.0,4.663157894736842,0.4631578947368421,0.6491228070175439,0
277.0,3.9891696750902526,0.38267148014440433,0.5884476534296029,0
384.0,4.544270833333333,0.4947916666666667,0.6770833333333334,0
320.0,5.05,0.478125,0.815625,0
306.0,5.333333333333333,0.5098039215686274,0.5686274509803921,0
183.0,4.371584699453552,0.5846994535519126,0.8032786885245902,0
250.0,5.36,0.5,0.712,0
241.0,3.887966804979253,0.2863070539419087,0.46887966804979253,0
387.0,5.232558139534884,0.4935400516795866,0.599483204134367,0
17.0,4.882352941176471,0.23529411764705882,0.5882352941176471,0
475.0,4.72,0.35789473684210527,0.5810526315789474,0
136.0,4.926470588235294,0.5367647058823529,0.7941176470588235,0
59.0,4.389830508474576,0.3559322033898305,0.6610169491525424,0
52.0,4.6923076923076925,0.3076923076923077,0.8076923076923077,0
47.0,4.680851063829787,0.46808510638297873,0.7021276595744681,0
86.0,4.267441860465116,0.32558139534883723,0.5581395348837209,0
64.0,4.296875,0.28125,0.671875,0
157.0,6.598726114649682,0.5987261146496815,0.5159235668789809,0
272.0,4.893382352941177,0.5257352941176471,0.6544117647058824,0
58.0,4.793103448275862,0.4482758620689655,0.8103448275862069,0
245.0,4.612244897959184,0.42857142857142855,0.6285714285714286,0
410.0,5.182926829268292,0.5341463414634147,0.7268292682926829,0
25.0,4.76,0.52,0.92,0
404.0,5.24009900990099,0.4034653465346535,0.7673267326732673,0
18.0,6.222222222222222,0.2777777777777778,0.8333333333333334,0
104.0,4.8173076923076925,0.4423076923076923,0.7788461538461539,0
236.0,5.279661016949152,0.5127118644067796,0.8050847457627118,0
21.0,5.428571428571429,0.3333333333333333,0.6190476190476191,0
135.0,4.266666666666667,0.4740740740740741,0.7037037037037037,0
1.0,9.0,0.0,1.0,0
419.0,4.856801909307876,0.5322195704057279,0.6515513126491647,0
269.0,4.817843866171004,0.4052044609665427,0.6840148698884758,0
227.0,4.726872246696035,0.34801762114537443,0.6607929515418502,0
54.0,4.7592592592592595,0.3333333333333333,0.7777777777777778,0
51.0,5.235294117647059,0.4117647058823529,0.7647058823529411,0
34.0,5.0,0.47058823529411764,0.7941176470588235,0
241.0,4.954356846473029,0.5560165975103735,0.7261410788381742,0
259.0,4.625482625482626,0.4826254826254826,0.7374517374517374,0
281.0,5.398576512455516,0.5409252669039146,0.7651245551601423,0
33.0,4.787878787878788,0.5151515151515151,0.7878787878787878,0
24.0,5.083333333333333,0.5833333333333334,0.9166666666666666,0
43.0,5.209302325581396,0.6046511627906976,0.7674418604651163,0
44.0,5.090909090909091,0.6136363636363636,0.8863636363636364,0
311.0,4.459807073954984,0.5916398713826366,0.7717041800643086,0
38.0,5.026315789473684,0.5263157894736842,0.9473684210526315,0
30.0,4.966666666666667,0.5333333333333333,0.9333333333333333,0
65.0,4.6461538461538465,0.5692307692307692,0.8307692307692308,0
27.0,4.814814814814815,0.5925925925925926,0.8888888888888888,0
34.0,4.5588235294117645,0.47058823529411764,0.8529411764705882,0
31.0,5.032258064516129,0.5483870967741935,0.8387096774193549,0
35.0,4.685714285714286,0.42857142857142855,0.8857142857142857,0
34.0,4.529411764705882,0.5588235294117647,0.9117647058823529,0
257.0,5.159533073929961,0.5019455252918288,0.708171206225681,0
306.0,4.898692810457517,0.41830065359477125,0.696078431372549,0
189.0,5.042328042328043,0.48148148148148145,0.6772486772486772,0
388.0,5.221649484536083,0.45103092783505155,0.6005154639175257,0
447.0,4.409395973154362,0.38478747203579416,0.5704697986577181,0
119.0,4.361344537815126,0.5042016806722689,0.6386554621848739,0
201.0,4.72636815920398,0.42786069651741293,0.746268656716418,0
84.0,5.476190476190476,0.6547619047619048,0.8452380952380952,0
213.0,5.042253521126761,0.5164319248826291,0.7136150234741784,0
35.0,4.542857142857143,0.5428571428571428,0.7714285714285715,0
165.0,4.6,0.36363636363636365,0.7272727272727273,0
33.0,4.96969696969697,0.6060606060606061,0.8787878787878788,0
38.0,4.526315789473684,0.5263157894736842,0.8421052631578947,0
206.0,4.723300970873787,0.47572815533980584,0.7281553398058253,0
264.0,4.4356060606060606,0.38636363636363635,0.5757575757575758,0
406.0,4.738916256157635,0.5221674876847291,0.6674876847290641,0
21.0,4.761904761904762,0.7619047619047619,0.8095238095238095,0
460.0,5.086956521739131,0.48695652173913045,0.717391304347826,0
33.0,5.0606060606060606,0.5454545454545454,0.8484848484848485,0
9.0,4.222222222222222,0.3333333333333333,1.0,0
93.0,5.182795698924731,0.5698924731182796,0.7956989247311828,0
57.0,5.157894736842105,0.3684210526315789,0.8947368421052632,0
67.0,5.059701492537314,0.43283582089552236,0.8805970149253731,0
64.0,5.03125,0.34375,0.8125,0
398.0,4.685929648241206,0.32914572864321606,0.5603015075376885,0
326.0,5.119631901840491,0.5306748466257669,0.6748466257668712,0
97.0,4.56701030927835,0.4639175257731959,0.7216494845360825,0
16.0,4.375,0.4375,1.0,0
111.0,4.378378378378378,0.46846846846846846,0.8108108108108109,0
137.0,4.591240875912408,0.44525547445255476,0.6861313868613139,0
353.0,5.237960339943343,0.5410764872521246,0.6713881019830028,0
39.0,5.205128205128205,0.358974358974359,0.7435897435897436,0
478.0,4.596234309623431,0.5355648535564853,0.6757322175732218,0
338.0,4.798816568047338,0.4881656804733728,0.6183431952662722,0
332.0,4.587349397590361,0.5512048192771084,0.7228915662650602,0
163.0,4.668711656441718,0.5766871165644172,0.7239263803680982,0
298.0,4.62751677852349,0.49328859060402686,0.7046979865771812,0
101.0,4.158415841584159,0.4158415841584158,0.7029702970297029,0
240.0,4.608333333333333,0.4791666666666667,0.6625,0
359.0,4.579387186629527,0.5013927576601671,0.6824512534818942,0
422.0,4.476303317535545,0.509478672985782,0.566350710900474,0
396.0,4.626262626262626,0.45707070707070707,0.6388888888888888,0
402.0,4.527363184079602,0.5373134328358209,0.6865671641791045,0
294.0,4.8061224489795915,0.43197278911564624,0.7040816326530612,0
172.0,4.883720930232558,0.47674418604651164,0.7732558139534884,0
425.0,4.992941176470588,0.4329411764705882,0.6941176470588235,0
329.0,4.811550151975684,0.541033434650456,0.6838905775075987,0
320.0,4.75,0.4,0.675,0
244.0,5.10655737704918,0.48360655737704916,0.819672131147541,0
216.0,4.222222222222222,0.30092592592592593,0.6296296296296297,0
78.0,4.487179487179487,0.358974358974359,0.7435897435897436,0
29.0,4.9655172413793105,0.3793103448275862,0.9655172413793104,0
333.0,4.951951951951952,0.3963963963963964,0.6696696696696697,0
45.0,4.377777777777778,0.4444444444444444,0.9333333333333333,0
375.0,5.210666666666667,0.648,0.5893333333333334,0
243.0,4.995884773662551,0.46502057613168724,0.5555555555555556,0
418.0,4.861244019138756,0.47607655502392343,0.6794258373205742,0
409.0,4.897310513447433,0.5770171149144254,0.6894865525672371,0
478.0,4.943514644351464,0.49581589958158995,0.6673640167364017,0
197.0,4.715736040609137,0.4619289340101523,0.7563451776649747,0
399.0,4.709273182957394,0.43358395989974935,0.6766917293233082,0
254.0,5.05511811023622,0.531496062992126,0.7283464566929134,0
68.0,4.911764705882353,0.5294117647058824,0.7794117647058824,0
224.0,4.745535714285714,0.42410714285714285,0.6830357142857143,0
70.0,5.042857142857143,0.4857142857142857,0.6428571428571429,0
12.0,6.5,0.75,1.0,0
216.0,4.601851851851852,0.32407407407407407,0.6712962962962963,0
51.0,4.823529411764706,0.5294117647058824,0.8823529411764706,0
16.0,5.0,0.5625,0.75,0
120.0,5.1,0.44166666666666665,0.6666666666666666,0
343.0,4.889212827988338,0.5160349854227405,0.641399416909621,0
43.0,4.906976744186046,0.5348837209302325,0.9534883720930233,0
314.0,4.8949044585987265,0.5095541401273885,0.7229299363057324,0
166.0,4.728915662650603,0.35542168674698793,0.6686746987951807,0
420.0,4.988095238095238,0.46904761904761905,0.6642857142857143,0
359.0,5.0194986072423395,0.43175487465181056,0.5041782729805014,0
304.0,5.302631578947368,0.4506578947368421,0.7138157894736842,0
204.0,5.200980392156863,0.5245098039215687,0.7892156862745098,0
54.0,4.888888888888889,0.5,0.7592592592592593,0
193.0,4.66321243523316,0.5077720207253886,0.6476683937823834,0
323.0,5.5170278637770895,0.5263157894736842,0.718266253869969,0
358.0,4.932960893854749,0.5111731843575419,0.7905027932960894,0
166.0,4.331325301204819,0.40963855421686746,0.7108433734939759,0
282.0,4.950354609929078,0.44680851063829785,0.624113475177305,0
44.0,5.0,0.4318181818181818,0.8636363636363636,0
271.0,5.180811808118081,0.3763837638376384,0.6605166051660517,0
358.0,4.941340782122905,0.44692737430167595,0.7569832402234636,0
104.0,5.211538461538462,0.5576923076923077,0.6442307692307693,0
317.0,4.842271293375394,0.5488958990536278,0.637223974763407,0
30.0,5.966666666666667,0.5666666666666667,0.8666666666666667,0
244.0,5.229508196721311,0.45901639344262296,0.7459016393442623,0
229.0,5.078602620087336,0.37117903930131,0.6550218340611353,0
454.0,4.900881057268722,0.47577092511013214,0.6960352422907489,0
415.0,5.240963855421687,0.46265060240963857,0.7156626506024096,0
59.0,5.559322033898305,0.423728813559322,0.7627118644067796,0
143.0,5.027972027972028,0.5174825174825175,0.8251748251748252,0
406.0,4.822660098522167,0.4187192118226601,0.6576354679802956,0
99.0,4.383838383838384,0.46464646464646464,0.46464646464646464,0
4.0,4.25,0.5,1.0,0
412.0,4.83252427184466,0.441747572815534,0.6213592233009708,0
436.0,5.075688073394495,0.48394495412844035,0.5688073394495413,0
276.0,5.065217391304348,0.5507246376811594,0.7427536231884058,0
17.0,5.470588235294118,0.8235294117647058,0.8823529411764706,0
36.0,5.805555555555555,0.6388888888888888,0.9166666666666666,0
496.0,4.975806451612903,0.4596774193548387,0.6774193548387096,0
266.0,4.845864661654136,0.4699248120300752,0.706766917293233,0
70.0,4.9714285714285715,0.6285714285714286,0.8571428571428571,0
76.0,5.815789473684211,0.6710526315789473,0.881578947368421,0
351.0,4.47008547008547,0.5783475783475783,0.7578347578347578,0
118.0,4.508474576271187,0.4745762711864407,0.7542372881355932,0
437.0,4.94279176201373,0.4965675057208238,0.5926773455377574,0
445.0,4.903370786516854,0.49213483146067416,0.6134831460674157,0
60.0,5.483333333333333,0.55,0.7,0
102.0,5.186274509803922,0.5098039215686274,0.696078431372549,0
288.0,5.354166666666667,0.4583333333333333,0.6979166666666666,0
127.0,4.551181102362205,0.5826771653543307,0.7795275590551181,0
205.0,4.9365853658536585,0.5609756097560976,0.7414634146341463,0
381.0,4.879265091863517,0.6167979002624672,0.7086614173228346,0
307.0,4.990228013029316,0.38436482084690554,0.5276872964169381,0
89.0,4.617977528089888,0.38202247191011235,0.8764044943820225,0
170.0,5.294117647058823,0.3764705882352941,0.6529411764705882,0
253.0,4.913043478260869,0.5652173913043478,0.7430830039525692,0
449.0,4.429844097995546,0.46770601336302897,0.623608017817372,0
392.0,5.831632653061225,0.5816326530612245,0.7959183673469388,0
22.0,5.045454545454546,0.6818181818181818,0.9090909090909091,0
89.0,5.146067415730337,0.39325842696629215,0.7752808988764045,0
62.0,5.080645161290323,0.5645161290322581,0.7741935483870968,0
101.0,4.732673267326732,0.49504950495049505,0.900990099009901,0
128.0,5.203125,0.53125,0.7109375,0
228.0,4.956140350877193,0.5087719298245614,0.6578947368421053,0
177.0,5.033898305084746,0.4463276836158192,0.8022598870056498,0
388.0,5.131443298969073,0.5515463917525774,0.6932989690721649,0
20.0,5.15,0.45,0.9,0
160.0,4.96875,0.49375,0.6875,0
319.0,5.181818181818182,0.5141065830721003,0.6896551724137931,0
15.0,4.733333333333333,0.4666666666666667,0.8666666666666667,0
9.0,4.444444444444445,0.3333333333333333,0.8888888888888888,0
189.0,4.476190476190476,0.4074074074074074,0.7671957671957672,0
49.0,5.224489795918367,0.5102040816326531,0.9183673469387755,0
301.0,4.471760797342193,0.5249169435215947,0.4950166112956811,0
407.0,5.287469287469287,0.5257985257985258,0.6953316953316954,0
185.0,5.081081081081081,0.44324324324324327,0.7567567567567568,0
93.0,5.182795698924731,0.4731182795698925,0.7526881720430108,0
182.0,4.983516483516484,0.41208791208791207,0.7472527472527473,0
293.0,4.750853242320819,0.5802047781569966,0.7406143344709898,0
17.0,6.176470588235294,0.4117647058823529,1.0,0
223.0,5.5291479820627805,0.5336322869955157,0.8340807174887892,0
150.0,4.573333333333333,0.4666666666666667,0.8466666666666667,0
202.0,4.985148514851486,0.5346534653465347,0.5396039603960396,0
343.0,4.3061224489795915,0.4839650145772595,0.6793002915451894,0
277.0,4.877256317689531,0.5126353790613718,0.7075812274368231,0
88.0,4.545454545454546,0.5227272727272727,0.7159090909090909,0
268.0,5.440298507462686,0.503731343283582,0.6492537313432836,0
222.0,4.882882882882883,0.43243243243243246,0.7252252252252253,0
69.0,4.159420289855072,0.5507246376811594,0.6811594202898551,0
47.0,4.51063829787234,0.425531914893617,0.7446808510638298,0
47.0,4.468085106382978,0.48936170212765956,0.7659574468085106,0
132.0,4.242424242424242,0.6590909090909091,0.6742424242424242,0
80.0,4.7875,0.575,0.8375,0
382.0,5.013089005235602,0.4895287958115183,0.7015706806282722,0
52.0,5.288461538461538,0.38461538461538464,0.8461538461538461,0
112.0,4.830357142857143,0.5982142857142857,0.9107142857142857,0
381.0,4.622047244094488,0.5879265091863517,0.7375328083989501,0
156.0,4.532051282051282,0.47435897435897434,0.6794871794871795,0
254.0,5.0,0.6181102362204725,0.7795275590551181,0
394.0,4.959390862944162,0.4796954314720812,0.7233502538071066,0
352.0,5.113636363636363,0.5710227272727273,0.6931818181818182,0
114.0,4.93859649122807,0.6403508771929824,0.7894736842105263,0
457.0,4.978118161925602,0.48577680525164113,0.6783369803063457,0
68.0,4.9411764705882355,0.6176470588235294,0.7647058823529411,0
65.0,4.153846153846154,0.3384615384615385,0.7076923076923077,0
391.0,5.156010230179028,0.4680306905370844,0.7263427109974424,0
125.0,5.0,0.608,0.688,0
5.0,5.6,0.8,0.8,0
183.0,5.109289617486339,0.37158469945355194,0.6939890710382514,0
155.0,4.974193548387097,0.47096774193548385,0.6838709677419355,0
450.0,4.786666666666667,0.44222222222222224,0.6888888888888889,0
303.0,4.508250825082508,0.38613861386138615,0.6897689768976898,0
146.0,5.671232876712328,0.5136986301369864,0.7671232876712328,0
252.0,5.2103174603174605,0.4166666666666667,0.6587301587301587,0
15.0,5.133333333333334,0.5333333333333333,0.7333333333333333,0
100.0,4.92,0.37,0.54,0
404.0,5.051980198019802,0.4900990099009901,0.6782178217821783,0
37.0,4.162162162162162,0.4594594594594595,0.918918918918919,0
249.0,5.080321285140562,0.6345381526104418,0.7349397590361446,0
277.0,5.227436823104693,0.49097472924187724,0.7653429602888087,0
294.0,5.091836734693878,0.6258503401360545,0.6020408163265306,0
94.0,4.23404255319149,0.3829787234042553,0.8404255319148937,0
156.0,5.012820512820513,0.5384615384615384,0.782051282051282,0
312.0,4.673076923076923,0.47115384615384615,0.7307692307692307,0
94.0,5.457446808510638,0.48936170212765956,0.8085106382978723,0
95.0,4.852631578947369,0.5368421052631579,0.6631578947368421,0
117.0,5.905982905982906,0.5384615384615384,0.8376068376068376,0
129.0,5.24031007751938,0.4728682170542636,0.627906976744186,0
340.0,4.7558823529411764,0.5147058823529411,0.6617647058823529,0
150.0,4.673333333333333,0.47333333333333333,0.7666666666666667,0
431.0,4.9025522041763345,0.4385150812064965,0.703016241299304,0
148.0,5.054054054054054,0.4864864864864865,0.8378378378378378,0
207.0,4.676328502415459,0.5410628019323671,0.7004830917874396,0
160.0,4.4625,0.5625,0.65,0
287.0,4.7665505226480835,0.46689895470383275,0.710801393728223,0
393.0,4.801526717557252,0.5114503816793893,0.6208651399491094,0
18.0,5.555555555555555,0.5555555555555556,0.8333333333333334,0
34.0,5.235294117647059,0.47058823529411764,0.9117647058823529,0
225.0,5.168888888888889,0.52,0.6533333333333333,0
89.0,5.49438202247191,0.4044943820224719,0.8202247191011236,0
38.0,5.526315789473684,0.7105263157894737,0.8157894736842105,0
14.0,5.785714285714286,0.6428571428571429,0.8571428571428571,0
44.0,4.681818181818182,0.3409090909090909,0.8181818181818182,0
388.0,4.953608247422681,0.49226804123711343,0.7268041237113402,0
138.0,5.507246376811594,0.5797101449275363,0.7246376811594203,0
26.0,5.6923076923076925,0.7692307692307693,0.8076923076923077,0
116.0,4.844827586206897,0.5862068965517241,0.853448275862069,0
80.0,5.4625,0.5,0.75,0
398.0,5.203517587939698,0.4045226130653266,0.6482412060301508,0
51.0,4.235294117647059,0.35294117647058826,0.7647058823529411,0
439.0,5.284738041002278,0.48291571753986334,0.6947608200455581,0
447.0,4.366890380313199,0.4541387024608501,0.5480984340044742,0
68.0,5.014705882352941,0.5735294117647058,0.9117647058823529,0
298.0,4.697986577181208,0.3691275167785235,0.5335570469798657,0
394.0,5.073604060913706,0.49746192893401014,0.6802030456852792,0
18.0,5.388888888888889,0.3888888888888889,0.6666666666666666,0
7.0,4.428571428571429,0.5714285714285714,0.8571428571428571,0
442.0,5.169683257918552,0.48868778280542985,0.7036199095022625,0
215.0,4.572093023255814,0.4372093023255814,0.6883720930232559,0
472.0,4.74364406779661,0.4957627118644068,0.7182203389830508,0
361.0,4.232686980609419,0.4404432132963989,0.6731301939058172,0
248.0,4.67741935483871,0.4596774193548387,0.6814516129032258,0
34.0,5.176470588235294,0.6764705882352942,0.8823529411764706,0
292.0,5.205479452054795,0.3767123287671233,0.547945205479452,0
360.0,5.138888888888889,0.49722222222222223,0.7222222222222222,0
81.0,5.135802469135802,0.5185185185185185,0.8888888888888888,0
113.0,5.185840707964601,0.48672566371681414,0.672566371681416,0
334.0,4.967065868263473,0.6676646706586826,0.6287425149700598,0
367.0,5.1035422343324255,0.47411444141689374,0.6920980926430518,0
397.0,4.828715365239295,0.5440806045340051,0.6750629722921915,0
179.0,5.162011173184357,0.49162011173184356,0.7206703910614525,0
14.0,4.928571428571429,0.7142857142857143,0.9285714285714286,0
99.0,5.0606060606060606,0.48484848484848486,0.7878787878787878,0
59.0,4.610169491525424,0.576271186440678,0.9152542372881356,0
103.0,4.456310679611651,0.6213592233009708,0.7184466019417476,0
470.0,4.976595744680851,0.5872340425531914,0.7085106382978723,0
33.0,4.878787878787879,0.15151515151515152,0.6666666666666666,0
212.0,5.099056603773585,0.5566037735849056,0.7830188679245284,0
123.0,4.699186991869919,0.5121951219512195,0.7235772357723578,0
476.0,5.233193277310924,0.5777310924369747,0.6995798319327731,0
196.0,5.23469387755102,0.49489795918367346,0.7295918367346939,0
428.0,4.7453271028037385,0.4369158878504673,0.6191588785046729,0
17.0,4.352941176470588,0.7647058823529411,0.7647058823529411,0
22.0,5.0,0.5,0.9545454545454546,0
432.0,4.701388888888889,0.5115740740740741,0.6157407407407407,0
496.0,5.266129032258065,0.4959677419354839,0.594758064516129,0
453.0,4.830022075055187,0.47019867549668876,0.5209713024282561,0
137.0,4.839416058394161,0.48175182481751827,0.8029197080291971,0
195.0,5.205128205128205,0.5435897435897435,0.7435897435897436,0
204.0,4.8088235294117645,0.4215686274509804,0.7598039215686274,0
347.0,4.7982708933717575,0.4668587896253602,0.7867435158501441,0
45.0,5.022222222222222,0.5555555555555556,0.7777777777777778,0
140.0,4.807142857142857,0.4857142857142857,0.8071428571428572,0
170.0,4.7,0.5588235294117647,0.7235294117647059,0
135.0,4.555555555555555,0.5111111111111111,0.7925925925925926,0
270.0,4.574074074074074,0.5333333333333333,0.7333333333333333,0
101.0,4.7227722772277225,0.6039603960396039,0.7920792079207921,0
261.0,5.045977011494253,0.5440613026819924,0.7049808429118773,0
273.0,5.106227106227106,0.5641025641025641,0.7216117216117216,0
274.0,4.7700729927007295,0.5072992700729927,0.7153284671532847,0
452.0,5.0,0.5154867256637168,0.6637168141592921,0
256.0,4.98828125,0.50390625,0.734375,0
405.0,4.854320987654321,0.4345679012345679,0.6987654320987654,0
442.0,4.764705882352941,0.49095022624434387,0.7375565610859729,0
467.0,4.745182012847966,0.4539614561027837,0.6680942184154176,0
400.0,4.7025,0.56,0.6675,0
344.0,4.636627906976744,0.5232558139534884,0.688953488372093,0
411.0,4.841849148418492,0.49148418491484186,0.6520681265206812,0
224.0,5.294642857142857,0.5982142857142857,0.6116071428571429,0
263.0,5.23574144486692,0.4600760456273764,0.5893536121673004,0
133.0,4.924812030075188,0.39849624060150374,0.7218045112781954,0
125.0,4.672,0.304,0.736,0
12.0,4.666666666666667,0.4166666666666667,0.5,0
185.0,5.454054054054054,0.5621621621621622,0.6864864864864865,0
141.0,5.113475177304965,0.46808510638297873,0.7021276595744681,0
392.0,5.079081632653061,0.5306122448979592,0.7193877551020408,0
44.0,5.431818181818182,0.5227272727272727,0.7272727272727273,0
137.0,4.613138686131387,0.41605839416058393,0.7518248175182481,0
428.0,5.095794392523365,0.45794392523364486,0.6962616822429907,0
60.0,5.15,0.48333333333333334,0.8333333333333334,0
216.0,4.99537037037037,0.5046296296296297,0.7407407407407407,0
350.0,5.045714285714285,0.5742857142857143,0.7314285714285714,0
51.0,5.411764705882353,0.5294117647058824,0.8823529411764706,0
221.0,4.710407239819005,0.40271493212669685,0.6968325791855203,0
44.0,4.0227272727272725,0.38636363636363635,0.75,0
263.0,4.916349809885932,0.5703422053231939,0.7452471482889734,0
428.0,5.0233644859813085,0.49065420560747663,0.647196261682243,0
399.0,5.0551378446115285,0.5037593984962406,0.706766917293233,0
4.0,4.0,0.75,1.0,0
370.0,4.951351351351351,0.4783783783783784,0.6054054054054054,0
100.0,4.62,0.35,0.72,0
291.0,5.065292096219931,0.5017182130584192,0.6529209621993127,0
175.0,5.457142857142857,0.52,0.8171428571428572,0
406.0,4.197044334975369,0.5197044334975369,0.6576354679802956,0
285.0,5.5017543859649125,0.5754385964912281,0.7403508771929824,0
274.0,5.5,0.551094890510949,0.7043795620437956,0
288.0,5.388888888888889,0.5,0.7430555555555556,0
289.0,5.442906574394463,0.5709342560553633,0.7820069204152249,0
230.0,5.430434782608696,0.5782608695652174,0.7086956521739131,0
15.0,5.733333333333333,0.6,0.8666666666666667,0
233.0,5.549356223175966,0.5793991416309013,0.7253218884120172,0
117.0,4.811965811965812,0.42735042735042733,0.8205128205128205,0
323.0,4.823529411764706,0.5077399380804953,0.7925696594427245,0
254.0,5.413385826771654,0.547244094488189,0.6811023622047244,0
17.0,6.588235294117647,0.6470588235294118,0.8823529411764706,0
335.0,4.674626865671642,0.5701492537313433,0.7014925373134329,0
54.0,4.833333333333333,0.25925925925925924,0.8518518518518519,0
488.0,4.891393442622951,0.48770491803278687,0.75,0
434.0,4.951612903225806,0.44930875576036866,0.6175115207373272,0
198.0,4.9646464646464645,0.5050505050505051,0.7777777777777778,0
131.0,4.488549618320611,0.4580152671755725,0.7404580152671756,0
371.0,4.862533692722372,0.477088948787062,0.6900269541778976,0
374.0,5.197860962566845,0.4572192513368984,0.6363636363636364,0
414.0,4.881642512077295,0.5193236714975845,0.7222222222222222,0
176.0,4.784090909090909,0.4943181818181818,0.7215909090909091,0
7.0,5.714285714285714,0.7142857142857143,1.0,0
268.0,5.373134328358209,0.5559701492537313,0.8022388059701493,0
361.0,5.501385041551247,0.4709141274238227,0.7146814404432132,0
468.0,5.102564102564102,0.47649572649572647,0.6474358974358975,0
280.0,5.503571428571429,0.46785714285714286,0.7464285714285714,0
407.0,5.506142506142506,0.5257985257985258,0.683046683046683,0
247.0,4.700404858299595,0.4777327935222672,0.7004048582995951,0
61.0,4.950819672131147,0.4918032786885246,0.8688524590163934,0
81.0,5.481481481481482,0.5802469135802469,0.7160493827160493,0
448.0,5.544642857142857,0.48214285714285715,0.6026785714285714,0
462.0,4.800865800865801,0.4935064935064935,0.6666666666666666,0
230.0,5.021739130434782,0.5304347826086957,0.7565217391304347,0
162.0,4.7407407407407405,0.5061728395061729,0.808641975308642,0
222.0,5.396396396396397,0.5585585585585585,0.8063063063063063,0
147.0,5.35374149659864,0.5782312925170068,0.8435374149659864,0
308.0,5.392857142857143,0.5811688311688312,0.7857142857142857,0
137.0,5.0510948905109485,0.5328467153284672,0.8321167883211679,0
497.0,5.287726358148894,0.48893360160965793,0.6237424547283702,0
36.0,4.944444444444445,0.6388888888888888,0.8611111111111112,0
134.0,4.947761194029851,0.5223880597014925,0.7388059701492538,0
246.0,5.0528455284552845,0.4796747967479675,0.8130081300813008,0
303.0,5.293729372937293,0.5214521452145214,0.7623762376237624,0
409.0,4.836185819070905,0.49144254278728605,0.706601466992665,0
219.0,4.9771689497716896,0.54337899543379,0.7899543378995434,0
133.0,4.954887218045113,0.48872180451127817,0.7368421052631579,0
110.0,5.181818181818182,0.4818181818181818,0.7454545454545455,0
381.0,4.955380577427822,0.47244094488188976,0.6666666666666666,0
430.0,5.002325581395349,0.5279069767441861,0.7488372093023256,0
260.0,4.653846153846154,0.5038461538461538,0.7076923076923077,0
38.0,5.5,0.7368421052631579,0.9210526315789473,0
104.0,5.336538461538462,0.5480769230769231,0.8269230769230769,0
54.0,5.592592592592593,0.7407407407407407,0.9074074074074074,0
329.0,4.911854103343465,0.46808510638297873,0.7446808510638298,0
89.0,4.910112359550562,0.5730337078651685,0.7752808988764045,0
250.0,5.204,0.484,0.784,0
190.0,5.136842105263158,0.5736842105263158,0.7526315789473684,0
56.0,5.535714285714286,0.6428571428571429,0.8392857142857143,0
417.0,4.841726618705036,0.486810551558753,0.6666666666666666,0
331.0,4.900302114803625,0.5226586102719033,0.5861027190332326,0
249.0,5.248995983935743,0.5301204819277109,0.7710843373493976,0
302.0,5.314569536423841,0.5794701986754967,0.7516556291390728,0
101.0,5.306930693069307,0.6435643564356436,0.900990099009901,0
67.0,5.388059701492537,0.6119402985074627,0.8805970149253731,0
437.0,4.922196796338673,0.4782608695652174,0.6681922196796338,0
471.0,5.055201698513801,0.4819532908704883,0.7303609341825902,0
232.0,4.995689655172414,0.5474137931034483,0.8189655172413793,0
8.0,4.5,0.5,1.0,0
48.0,5.083333333333333,0.2916666666666667,0.6875,0
41.0,5.512195121951219,0.5121951219512195,0.8780487804878049,0
44.0,5.886363636363637,0.6818181818181818,0.8636363636363636,0
300.0,5.183333333333334,0.5366666666666666,0.7733333333333333,0
126.0,5.333333333333333,0.5079365079365079,0.8650793650793651,0
71.0,5.267605633802817,0.5492957746478874,0.8309859154929577,0
327.0,5.287461773700306,0.5382262996941896,0.6636085626911316,0
157.0,5.114649681528663,0.5286624203821656,0.8471337579617835,0
258.0,5.329457364341085,0.5426356589147286,0.7984496124031008,0
96.0,4.9375,0.6458333333333334,0.78125,0
152.0,5.25,0.5986842105263158,0.8223684210526315,0
42.0,5.333333333333333,0.6666666666666666,0.9285714285714286,0
392.0,5.028061224489796,0.5178571428571429,0.6326530612244898,0
31.0,4.935483870967742,0.5806451612903226,0.6774193548387096,0
263.0,4.927756653992396,0.4448669201520912,0.7034220532319392,0
16.0,5.5625,0.5625,0.9375,0
458.0,5.032751091703057,0.5131004366812227,0.6943231441048034,0
78.0,4.923076923076923,0.5384615384615384,0.782051282051282,0
216.0,4.578703703703703,0.4675925925925926,0.6527777777777778,0
404.0,4.349009900990099,0.556930693069307,0.6757425742574258,0
462.0,5.37012987012987,0.5432900432900433,0.6883116883116883,0
117.0,5.145299145299146,0.6153846153846154,0.7521367521367521,0
381.0,4.818897637795276,0.41732283464566927,0.5984251968503937,0
350.0,4.485714285714286,0.4828571428571429,0.7114285714285714,0
177.0,5.254237288135593,0.559322033898305,0.7062146892655368,0
373.0,5.257372654155496,0.4932975871313673,0.7319034852546917,0
199.0,5.301507537688442,0.4824120603015075,0.8241206030150754,0
454.0,4.894273127753304,0.4911894273127753,0.698237885462555,0
161.0,5.105590062111801,0.6086956521739131,0.8509316770186336,0
278.0,5.226618705035971,0.460431654676259,0.802158273381295,0
282.0,4.886524822695035,0.44680851063829785,0.6843971631205674,0
421.0,5.159144893111639,0.4916864608076009,0.7434679334916865,0
235.0,5.080851063829787,0.4340425531914894,0.4978723404255319,0
199.0,4.386934673366834,0.39195979899497485,0.6482412060301508,0
9.0,4.555555555555555,0.7777777777777778,0.8888888888888888,0
105.0,5.371428571428571,0.4380952380952381,0.6666666666666666,0
40.0,5.55,0.5,0.95,0
39.0,4.256410256410256,0.3333333333333333,0.5641025641025641,0
48.0,5.041666666666667,0.375,0.7291666666666666,0
301.0,5.079734219269103,0.5415282392026578,0.6943521594684385,0
209.0,4.84688995215311,0.5119617224880383,0.7655502392344498,0
225.0,5.066666666666666,0.5111111111111111,0.6888888888888889,0
358.0,4.9636871508379885,0.5,0.6145251396648045,0
283.0,4.646643109540636,0.48056537102473496,0.6113074204946997,0
36.0,5.111111111111111,0.3888888888888889,0.9166666666666666,0
15.0,4.933333333333334,0.13333333333333333,0.6666666666666666,0
84.0,5.011904761904762,0.5476190476190477,0.8095238095238095,0
86.0,4.825581395348837,0.5,0.8023255813953488,0
412.0,5.058252427184466,0.441747572815534,0.6747572815533981,0
161.0,5.099378881987578,0.5031055900621118,0.8074534161490683,0
281.0,5.512455516014235,0.6298932384341637,0.8149466192170819,0
129.0,5.255813953488372,0.6589147286821705,0.7364341085271318,0
439.0,5.230068337129841,0.5854214123006833,0.7676537585421412,0
204.0,5.127450980392157,0.5980392156862745,0.7549019607843137,0
363.0,5.2699724517906334,0.628099173553719,0.7961432506887053,0
60.0,5.45,0.65,0.9,0
324.0,4.638888888888889,0.4567901234567901,0.7469135802469136,0
282.0,5.26595744680851,0.5673758865248227,0.7304964539007093,0
334.0,5.637724550898204,0.6167664670658682,0.7694610778443114,0
18.0,4.5,0.6666666666666666,0.8888888888888888,0
314.0,4.980891719745223,0.5222929936305732,0.6942675159235668,0
191.0,5.612565445026178,0.5602094240837696,0.8691099476439791,0
392.0,5.283163265306122,0.6913265306122449,0.6403061224489796,0
63.0,5.0476190476190474,0.5714285714285714,0.873015873015873,0
156.0,4.980769230769231,0.5512820512820513,0.7051282051282052,0
41.0,5.341463414634147,0.4146341463414634,0.8048780487804879,0
100.0,5.01,0.53,0.76,0
40.0,5.6,0.575,0.875,0
459.0,4.7363834422657956,0.48366013071895425,0.738562091503268,0
101.0,4.841584158415841,0.49504950495049505,0.7722772277227723,0
13.0,6.076923076923077,0.7692307692307693,0.9230769230769231,0
49.0,5.510204081632653,0.46938775510204084,0.7755102040816326,0
406.0,5.593596059113301,0.4729064039408867,0.5591133004926109,0
108.0,5.342592592592593,0.5833333333333334,0.7870370370370371,0
86.0,4.883720930232558,0.47674418604651164,0.8372093023255814,0
250.0,4.38,0.46,0.708,0
146.0,4.465753424657534,0.5342465753424658,0.7123287671232876,0
25.0,4.96,0.52,0.96,0
236.0,4.8559322033898304,0.4703389830508475,0.7838983050847458,0
144.0,4.479166666666667,0.4513888888888889,0.7152777777777778,0
256.0,4.265625,0.515625,0.71875,0
172.0,4.726744186046512,0.5058139534883721,0.7093023255813954,0
288.0,4.388888888888889,0.3819444444444444,0.6875,0
146.0,5.136986301369863,0.5273972602739726,0.7876712328767124,0
13.0,5.230769230769231,0.8461538461538461,0.7692307692307693,0
192.0,4.8125,0.5729166666666666,0.828125,0
335.0,4.51044776119403,0.6328358208955224,0.5671641791044776,0
36.0,5.25,0.6944444444444444,0.8055555555555556,0
404.0,4.896039603960396,0.6212871287128713,0.7524752475247525,0
194.0,4.809278350515464,0.5360824742268041,0.8247422680412371,0
414.0,5.057971014492754,0.5193236714975845,0.785024154589372,0
18.0,4.777777777777778,0.6111111111111112,0.9444444444444444,0
303.0,4.623762376237623,0.5445544554455446,0.7095709570957096,0
45.0,5.622222222222222,0.5333333333333333,0.8666666666666667,0
475.0,4.783157894736842,0.4926315789473684,0.7263157894736842,0
139.0,4.669064748201439,0.6258992805755396,0.8273381294964028,0
134.0,5.149253731343284,0.5,0.8283582089552238,0
441.0,5.038548752834467,0.5782312925170068,0.6462585034013606,0
181.0,4.917127071823204,0.6022099447513812,0.56353591160221,0
338.0,5.15680473372781,0.45857988165680474,0.7130177514792899,0
166.0,4.873493975903615,0.6385542168674698,0.7710843373493976,0
283.0,4.936395759717315,0.5795053003533569,0.7809187279151943,0
37.0,4.945945945945946,0.40540540540540543,1.0,0
145.0,4.4206896551724135,0.6413793103448275,0.7586206896551724,0
132.0,4.78030303030303,0.4621212121212121,0.6818181818181818,0
47.0,5.425531914893617,0.48936170212765956,0.8085106382978723,0
78.0,5.730769230769231,0.7435897435897436,0.8461538461538461,0
47.0,4.872340425531915,0.425531914893617,0.8936170212765957,0
73.0,4.780821917808219,0.4657534246575342,0.821917808219178,0
96.0,4.729166666666667,0.375,0.8125,0
38.0,4.7631578947368425,0.5526315789473685,0.8421052631578947,0
66.0,4.9393939393939394,0.5606060606060606,0.8333333333333334,0
179.0,5.067039106145251,0.441340782122905,0.776536312849162,0
81.0,5.2592592592592595,0.4444444444444444,0.8024691358024691,0
345.0,5.260869565217392,0.5362318840579711,0.8057971014492754,0
275.0,5.1854545454545455,0.43272727272727274,0.6,0
171.0,5.497076023391813,0.6257309941520468,0.7485380116959064,0
8.0,5.375,0.75,0.875,0
101.0,5.069306930693069,0.46534653465346537,0.8613861386138614,0
344.0,5.1686046511627906,0.438953488372093,0.7645348837209303,0
377.0,5.050397877984085,0.5013262599469496,0.6551724137931034,0
315.0,5.257142857142857,0.49206349206349204,0.5650793650793651,0
351.0,4.783475783475783,0.4415954415954416,0.6866096866096866,0
318.0,4.5754716981132075,0.4811320754716981,0.6698113207547169,0
51.0,5.078431372549019,0.37254901960784315,0.9019607843137255,0
102.0,5.2254901960784315,0.5392156862745098,0.7254901960784313,0
370.0,4.4135135135135135,0.3162162162162162,0.5756756756756757,0
107.0,5.168224299065421,0.7289719626168224,0.7289719626168224,0
122.0,5.475409836065574,0.5491803278688525,0.680327868852459,0
28.0,5.5,0.7857142857142857,0.8214285714285714,0
79.0,4.772151898734177,0.4177215189873418,0.6962025316455697,0
410.0,4.682926829268292,0.44390243902439025,0.6902439024390243,0
226.0,4.774336283185841,0.584070796460177,0.5663716814159292,0
403.0,4.729528535980148,0.46153846153846156,0.5955334987593052,0
178.0,5.252808988764045,0.4157303370786517,0.7640449438202247,0
196.0,5.311224489795919,0.4846938775510204,0.7551020408163265,0
137.0,4.890510948905109,0.45985401459854014,0.8029197080291971,0
114.0,4.807017543859649,0.543859649122807,0.7105263157894737,0
118.0,4.720338983050848,0.3474576271186441,0.7796610169491526,0
24.0,5.5,0.5,0.7916666666666666,0
348.0,5.160919540229885,0.5747126436781609,0.7729885057471264,0
83.0,5.036144578313253,0.5421686746987951,0.8554216867469879,0
268.0,5.108208955223881,0.5447761194029851,0.746268656716418,0
16.0,5.25,0.75,0.875,0
62.0,5.612903225806452,0.24193548387096775,0.6129032258064516,0
49.0,5.040816326530612,0.5306122448979592,0.9591836734693877,0
73.0,4.972602739726027,0.6027397260273972,0.8767123287671232,0
135.0,4.9185185185185185,0.4222222222222222,0.7555555555555555,0
431.0,5.004640371229699,0.531322505800464,0.7262180974477959,0
59.0,5.508474576271187,0.4576271186440678,0.8813559322033898,0
209.0,4.488038277511961,0.4449760765550239,0.7272727272727273,0
126.0,4.261904761904762,0.40476190476190477,0.8174603174603174,0
185.0,4.643243243243243,0.4594594594594595,0.7621621621621621,0
26.0,5.230769230769231,0.5,0.8461538461538461,0
250.0,4.536,0.46,0.756,0
314.0,4.942675159235669,0.48089171974522293,0.767515923566879,0
31.0,5.516129032258065,0.6129032258064516,0.9032258064516129,0
47.0,4.957446808510638,0.46808510638297873,0.8723404255319149,0
342.0,4.93859649122807,0.5146198830409356,0.6432748538011696,0
249.0,5.244979919678715,0.5301204819277109,0.7831325301204819,0
446.0,4.829596412556054,0.484304932735426,0.6928251121076233,0
428.0,4.94392523364486,0.4696261682242991,0.7032710280373832,0
114.0,4.219298245614035,0.24561403508771928,0.6140350877192983,0
102.0,4.833333333333333,0.4411764705882353,0.8627450980392157,0
146.0,5.054794520547945,0.4726027397260274,0.7602739726027398,0
478.0,4.887029288702929,0.5543933054393305,0.7405857740585774,0
281.0,4.644128113879003,0.3914590747330961,0.5266903914590747,0
103.0,5.087378640776699,0.5339805825242718,0.8932038834951457,0
482.0,5.08298755186722,0.553941908713693,0.6763485477178424,0
332.0,4.858433734939759,0.4608433734939759,0.6385542168674698,0
103.0,5.262135922330097,0.6504854368932039,0.8446601941747572,0
148.0,4.905405405405405,0.6013513513513513,0.7567567567567568,0
301.0,4.710963455149502,0.4186046511627907,0.6777408637873754,0
348.0,4.663793103448276,0.4827586206896552,0.7068965517241379,0
377.0,4.819628647214854,0.5251989389920424,0.6816976127320955,0
108.0,4.805555555555555,0.49074074074074076,0.7685185185185185,0
199.0,5.010050251256281,0.4271356783919598,0.7638190954773869,0
419.0,4.854415274463007,0.5107398568019093,0.5560859188544153,0
289.0,4.906574394463668,0.4671280276816609,0.698961937716263,0
429.0,4.8997668997669,0.43356643356643354,0.6386946386946387,0
396.0,4.659090909090909,0.4444444444444444,0.5732323232323232,0
26.0,5.038461538461538,0.38461538461538464,0.6923076923076923,0
134.0,4.485074626865671,0.3208955223880597,0.6417910447761194,0
17.0,5.294117647058823,0.5294117647058824,0.7647058823529411,0
119.0,5.126050420168068,0.5462184873949579,0.8823529411764706,0
284.0,5.22887323943662,0.6408450704225352,0.704225352112676,0
348.0,5.022988505747127,0.40229885057471265,0.7011494252873564,0
101.0,4.663366336633663,0.48514851485148514,0.7425742574257426,0
134.0,5.291044776119403,0.5298507462686567,0.746268656716418,0
36.0,5.222222222222222,0.4166666666666667,0.5833333333333334,0
297.0,4.956228956228956,0.41414141414141414,0.7171717171717171,0
83.0,4.457831325301205,0.3373493975903614,0.6506024096385542,0
272.0,4.790441176470588,0.45588235294117646,0.7941176470588235,0
458.0,4.997816593886463,0.46943231441048033,0.6834061135371179,0
446.0,5.105381165919282,0.46860986547085204,0.7040358744394619,0
150.0,5.226666666666667,0.5933333333333334,0.8266666666666667,0
117.0,5.35042735042735,0.5213675213675214,0.717948717948718,0
81.0,5.0,0.5679012345679012,0.7407407407407407,0
129.0,4.922480620155039,0.5271317829457365,0.6666666666666666,0
45.0,5.533333333333333,0.5111111111111111,0.8222222222222222,0
49.0,6.346938775510204,0.7346938775510204,0.9183673469387755,0
171.0,5.099415204678363,0.6023391812865497,0.695906432748538,0
131.0,5.320610687022901,0.549618320610687,0.7480916030534351,0
104.0,5.096153846153846,0.5384615384615384,0.6923076923076923,0
42.0,5.571428571428571,0.6666666666666666,0.8333333333333334,0
56.0,5.285714285714286,0.6607142857142857,0.8392857142857143,0
357.0,4.969187675070028,0.49859943977591037,0.6722689075630253,0
445.0,4.876404494382022,0.5078651685393258,0.6808988764044944,0
79.0,4.772151898734177,0.6329113924050633,0.8481012658227848,0
439.0,5.4419134396355355,0.6674259681093394,0.6082004555808656,0
20.0,7.3,0.4,0.8,0
343.0,5.501457725947522,0.5160349854227405,0.6501457725947521,0
10.0,4.7,0.6,1.0,0
185.0,5.308108108108108,0.5081081081081081,0.7513513513513513,0
193.0,4.937823834196891,0.48186528497409326,0.6994818652849741,0
341.0,5.284457478005865,0.5601173020527859,0.6715542521994134,0
167.0,5.269461077844311,0.6586826347305389,0.7065868263473054,0
201.0,5.164179104477612,0.47761194029850745,0.7512437810945274,0
3.0,4.666666666666667,0.3333333333333333,1.0,0
239.0,4.945606694560669,0.4225941422594142,0.6903765690376569,0
53.0,5.283018867924528,0.6792452830188679,0.7547169811320755,0
138.0,5.36231884057971,0.6159420289855072,0.7681159420289855,0
123.0,4.813008130081301,0.5447154471544715,0.7886178861788617,0
50.0,5.06,0.52,0.82,0
97.0,5.319587628865979,0.6391752577319587,0.8041237113402062,0
76.0,4.776315789473684,0.5921052631578947,0.8421052631578947,0
64.0,4.75,0.59375,0.6875,0
48.0,5.583333333333333,0.7291666666666666,0.8333333333333334,0
57.0,5.701754385964913,0.7192982456140351,0.8596491228070176,0
52.0,5.730769230769231,0.6538461538461539,0.8653846153846154,0
45.0,5.622222222222222,0.6222222222222222,0.8,0
155.0,5.432258064516129,0.6129032258064516,0.7096774193548387,0
46.0,5.413043478260869,0.6086956521739131,0.8478260869565217,0
50.0,4.82,0.5,0.76,0
25.0,5.48,0.36,0.92,0
377.0,5.1936339522546415,0.5358090185676393,0.7798408488063661,0
60.0,5.383333333333334,0.5833333333333334,0.8,0
215.0,5.251162790697674,0.44651162790697674,0.6651162790697674,0
56.0,5.25,0.6607142857142857,0.7678571428571429,0
46.0,4.760869565217392,0.5,0.8913043478260869,0
200.0,5.375,0.625,0.795,0
46.0,5.782608695652174,0.6086956521739131,0.8695652173913043,0
67.0,5.1940298507462686,0.6567164179104478,0.8805970149253731,0
29.0,5.827586206896552,0.6896551724137931,0.896551724137931,0
267.0,5.104868913857678,0.43820224719101125,0.7565543071161048,0
106.0,5.518867924528302,0.5566037735849056,0.7830188679245284,0
71.0,4.802816901408451,0.4225352112676056,0.8309859154929577,0
87.0,4.655172413793103,0.41379310344827586,0.8390804597701149,0
69.0,4.434782608695652,0.42028985507246375,0.8405797101449275,0
423.0,4.964539007092198,0.5271867612293144,0.6122931442080378,0
63.0,5.0476190476190474,0.5396825396825397,0.746031746031746,0
49.0,5.061224489795919,0.5714285714285714,0.7959183673469388,0
65.0,4.769230769230769,0.5076923076923077,0.8307692307692308,0
59.0,4.745762711864407,0.6101694915254238,0.711864406779661,0
90.0,5.155555555555556,0.5111111111111111,0.6666666666666666,0
99.0,5.090909090909091,0.5858585858585859,0.6666666666666666,0
148.0,5.263513513513513,0.6283783783783784,0.6554054054054054,0
187.0,5.245989304812834,0.5347593582887701,0.8235294117647058,0
40.0,4.9,0.675,0.875,0
405.0,4.725925925925926,0.4345679012345679,0.6098765432098765,0
417.0,4.683453237410072,0.328537170263789,0.5371702637889688,0
410.0,4.7682926829268295,0.5390243902439025,0.5609756097560976,0
370.0,5.521621621621621,0.5351351351351351,0.7243243243243244,0
414.0,4.72463768115942,0.5096618357487923,0.6111111111111112,0
138.0,4.833333333333333,0.5434782608695652,0.7463768115942029,0
52.0,4.884615384615385,0.6538461538461539,0.8653846153846154,0
389.0,4.796915167095116,0.5141388174807198,0.6375321336760925,0
130.0,4.7846153846153845,0.46923076923076923,0.7846153846153846,0
296.0,6.614864864864865,0.7162162162162162,0.8006756756756757,0
255.0,4.737254901960784,0.49411764705882355,0.6745098039215687,0
335.0,5.471641791044776,0.5014925373134328,0.5492537313432836,0
190.0,4.7368421052631575,0.49473684210526314,0.7684210526315789,0
11.0,5.0,0.7272727272727273,0.5454545454545454,0
431.0,4.849187935034803,0.5220417633410673,0.6937354988399071,0
453.0,4.677704194260485,0.5121412803532008,0.7571743929359823,0
355.0,4.56056338028169,0.4732394366197183,0.7126760563380282,0
317.0,4.952681388012619,0.5236593059936908,0.7192429022082019,0
324.0,5.111111111111111,0.5123456790123457,0.6203703703703703,0
388.0,4.907216494845361,0.46134020618556704,0.7319587628865979,0
129.0,4.782945736434108,0.5193798449612403,0.813953488372093,0
185.0,4.864864864864865,0.5621621621621622,0.7081081081081081,0
472.0,5.139830508474576,0.6228813559322034,0.711864406779661,0
9.0,5.222222222222222,0.6666666666666666,0.8888888888888888,0
100.0,4.87,0.44,0.77,0
130.0,5.630769230769231,0.5769230769230769,0.8,0
329.0,4.787234042553192,0.5440729483282675,0.6534954407294833,0
422.0,4.741706161137441,0.5023696682464455,0.7132701421800948,0
125.0,4.648,0.416,0.776,0
419.0,4.890214797136038,0.45823389021479716,0.6610978520286396,0
196.0,5.790816326530612,0.5867346938775511,0.8316326530612245,0
205.0,4.765853658536585,0.4926829268292683,0.7317073170731707,0
69.0,5.318840579710145,0.5217391304347826,0.855072463768116,0
349.0,5.01432664756447,0.46418338108882523,0.7650429799426934,0
265.0,4.547169811320755,0.4339622641509434,0.7169811320754716,0
212.0,4.830188679245283,0.4669811320754717,0.7547169811320755,0
274.0,4.467153284671533,0.48905109489051096,0.718978102189781,0
428.0,4.535046728971962,0.5186915887850467,0.6565420560747663,0
423.0,4.51063829787234,0.5721040189125296,0.723404255319149,0
131.0,5.190839694656488,0.5954198473282443,0.7480916030534351,0
63.0,5.095238095238095,0.5873015873015873,0.873015873015873,0
376.0,4.747340425531915,0.5186170212765957,0.7526595744680851,0
437.0,4.540045766590389,0.4096109839816934,0.6590389016018307,0
197.0,4.720812182741117,0.5177664974619289,0.7157360406091371,0
231.0,5.194805194805195,0.5887445887445888,0.7272727272727273,0
20.0,4.4,0.3,0.9,0
179.0,4.76536312849162,0.5027932960893855,0.7039106145251397,0
40.0,5.525,0.55,0.975,0
28.0,5.642857142857143,0.6785714285714286,0.8928571428571429,0
451.0,4.751662971175167,0.5099778270509978,0.6984478935698448,0
395.0,4.931645569620253,0.389873417721519,0.6759493670886076,0
423.0,4.8936170212765955,0.42789598108747046,0.7446808510638298,0
297.0,4.771043771043771,0.4713804713804714,0.7609427609427609,0
371.0,4.7601078167115904,0.39892183288409705,0.7412398921832885,0
211.0,4.76303317535545,0.4786729857819905,0.7061611374407583,0
219.0,5.0228310502283104,0.4657534246575342,0.6986301369863014,0
384.0,4.942708333333333,0.5130208333333334,0.6744791666666666,0
234.0,4.688034188034188,0.49572649572649574,0.7606837606837606,0
117.0,4.9914529914529915,0.39316239316239315,0.7008547008547008,0
116.0,4.301724137931035,0.4827586206896552,0.7586206896551724,0
53.0,5.584905660377358,0.5283018867924528,0.9245283018867925,0
211.0,4.9052132701421804,0.41232227488151657,0.6966824644549763,0
247.0,4.939271255060729,0.4534412955465587,0.7004048582995951,0
443.0,5.042889390519187,0.4288939051918736,0.5801354401805869,0
179.0,5.005586592178771,0.4972067039106145,0.8268156424581006,0
369.0,5.401084010840108,0.5555555555555556,0.8130081300813008,0
27.0,4.296296296296297,0.37037037037037035,0.7407407407407407,0
84.0,4.714285714285714,0.35714285714285715,0.6785714285714286,0
17.0,4.823529411764706,0.5294117647058824,0.8823529411764706,0
143.0,4.874125874125874,0.3776223776223776,0.6293706293706294,0
26.0,4.769230769230769,0.3076923076923077,0.6923076923076923,0
19.0,4.7368421052631575,0.42105263157894735,0.8421052631578947,0
476.0,4.735294117647059,0.569327731092437,0.6869747899159664,0
52.0,4.788461538461538,0.34615384615384615,0.7307692307692307,0
50.0,5.38,0.58,0.7,0
468.0,4.858974358974359,0.41452991452991456,0.594017094017094,0
168.0,5.571428571428571,0.47023809523809523,0.7142857142857143,0
83.0,5.0602409638554215,0.4457831325301205,0.7951807228915663,0
64.0,4.953125,0.453125,0.796875,0
44.0,4.2272727272727275,0.36363636363636365,0.8636363636363636,0
75.0,5.12,0.6266666666666667,0.8,0
148.0,5.331081081081081,0.6013513513513513,0.7905405405405406,0
128.0,4.1953125,0.4140625,0.7109375,0
426.0,4.838028169014085,0.49061032863849763,0.7206572769953051,0
99.0,5.02020202020202,0.6161616161616161,0.8181818181818182,0
30.0,5.433333333333334,0.5,0.8,0
447.0,5.192393736017897,0.5704697986577181,0.7024608501118568,0
481.0,4.798336798336798,0.4573804573804574,0.6881496881496881,0
285.0,4.726315789473684,0.5508771929824562,0.7298245614035088,0
58.0,4.362068965517241,0.27586206896551724,0.5689655172413793,0
239.0,5.096234309623431,0.3723849372384937,0.7154811715481172,0
187.0,5.283422459893048,0.42245989304812837,0.6951871657754011,0
289.0,5.397923875432526,0.4359861591695502,0.6262975778546713,0
324.0,4.888888888888889,0.5154320987654321,0.7376543209876543,0
258.0,5.054263565891473,0.4496124031007752,0.7209302325581395,0
33.0,4.666666666666667,0.24242424242424243,0.7575757575757576,0
143.0,5.153846153846154,0.35664335664335667,0.6013986013986014,0
62.0,4.806451612903226,0.41935483870967744,0.7580645161290323,0
87.0,4.862068965517241,0.367816091954023,0.8620689655172413,0
98.0,4.989795918367347,0.32653061224489793,0.7551020408163265,0
400.0,5.6075,0.51,0.66,0
45.0,4.844444444444444,0.4444444444444444,0.7111111111111111,0
365.0,4.673972602739726,0.41643835616438357,0.7452054794520548,0
68.0,4.970588235294118,0.39705882352941174,0.7941176470588235,0
329.0,5.109422492401216,0.5197568389057751,0.7386018237082067,0
287.0,5.031358885017422,0.4076655052264808,0.7003484320557491,0
57.0,5.052631578947368,0.5087719298245614,0.8421052631578947,0
9.0,4.555555555555555,0.2222222222222222,1.0,0
246.0,5.016260162601626,0.5284552845528455,0.7642276422764228,0
300.0,4.743333333333333,0.53,0.6933333333333334,0
201.0,4.875621890547263,0.5522388059701493,0.736318407960199,0
273.0,4.853479853479853,0.43223443223443225,0.7216117216117216,0
409.0,4.97799511002445,0.45232273838630804,0.6405867970660146,0
66.0,5.136363636363637,0.42424242424242425,0.8484848484848485,0
79.0,5.924050632911392,0.569620253164557,0.7341772151898734,0
180.0,4.905555555555556,0.5055555555555555,0.7944444444444444,0
77.0,4.688311688311688,0.4675324675324675,0.7662337662337663,0
234.0,4.948717948717949,0.5769230769230769,0.7478632478632479,0
169.0,4.881656804733728,0.5266272189349113,0.7751479289940828,0
407.0,5.275184275184275,0.547911547911548,0.6683046683046683,0
297.0,5.074074074074074,0.5286195286195287,0.6195286195286195,0
314.0,5.181528662420382,0.5031847133757962,0.6401273885350318,0
121.0,5.066115702479339,0.4793388429752066,0.7851239669421488,0
162.0,4.197530864197531,0.5123456790123457,0.5246913580246914,0
333.0,4.75975975975976,0.3783783783783784,0.6876876876876877,0
24.0,4.208333333333333,0.5416666666666666,0.875,0
38.0,5.052631578947368,0.5526315789473685,0.9210526315789473,0
50.0,4.66,0.46,0.8,0
170.0,4.6647058823529415,0.5352941176470588,0.8352941176470589,0
304.0,4.338815789473684,0.4506578947368421,0.7072368421052632,0
478.0,4.579497907949791,0.5104602510460251,0.6861924686192469,0
242.0,5.082644628099174,0.5206611570247934,0.6694214876033058,0
358.0,5.089385474860335,0.5195530726256983,0.7458100558659218,0
121.0,4.454545454545454,0.47107438016528924,0.628099173553719,0
284.0,4.855633802816901,0.38380281690140844,0.6267605633802817,0
421.0,4.945368171021378,0.4346793349168646,0.6769596199524941,0
30.0,5.933333333333334,0.6333333333333333,0.9333333333333333,0
164.0,4.914634146341464,0.4024390243902439,0.7439024390243902,0
288.0,5.142361111111111,0.4756944444444444,0.6805555555555556,0
231.0,4.748917748917749,0.4588744588744589,0.5930735930735931,0
244.0,4.631147540983607,0.4918032786885246,0.6680327868852459,0
198.0,5.191919191919192,0.3888888888888889,0.6919191919191919,0
445.0,4.3393258426966295,0.3707865168539326,0.6224719101123596,0
419.0,4.763723150357995,0.45584725536992843,0.7398568019093079,0
235.0,4.970212765957447,0.5106382978723404,0.7063829787234043,0
281.0,4.679715302491103,0.5444839857651246,0.6797153024911032,0
96.0,4.5625,0.34375,0.6875,0
182.0,5.093406593406593,0.532967032967033,0.8131868131868132,0
142.0,5.225352112676056,0.5,0.7535211267605634,0
326.0,5.088957055214724,0.4233128834355828,0.696319018404908,0
462.0,5.071428571428571,0.41774891774891776,0.5735930735930735,0
352.0,5.082386363636363,0.5340909090909091,0.6875,0
388.0,5.152061855670103,0.6108247422680413,0.6752577319587629,0
373.0,4.892761394101877,0.4289544235924933,0.5737265415549598,0
95.0,4.505263157894737,0.4421052631578947,0.8631578947368421,0
247.0,4.846153846153846,0.4331983805668016,0.7854251012145749,0
134.0,4.708955223880597,0.3880597014925373,0.7686567164179104,0
476.0,4.983193277310924,0.5252100840336135,0.7016806722689075,0
193.0,5.33678756476684,0.5803108808290155,0.7616580310880829,0
27.0,4.62962962962963,0.4444444444444444,0.8148148148148148,0
52.0,4.615384615384615,0.36538461538461536,0.7307692307692307,0
395.0,5.093670886075949,0.4936708860759494,0.8253164556962025,0
278.0,4.989208633093525,0.4568345323741007,0.7841726618705036,0
243.0,5.094650205761317,0.43209876543209874,0.720164609053498,0
185.0,5.27027027027027,0.43243243243243246,0.7945945945945946,0
101.0,4.663366336633663,0.45544554455445546,0.8118811881188119,0
152.0,4.592105263157895,0.618421052631579,0.7631578947368421,0
122.0,4.811475409836065,0.5081967213114754,0.8524590163934426,0
376.0,4.531914893617022,0.5186170212765957,0.5558510638297872,0
89.0,4.47191011235955,0.5955056179775281,0.8202247191011236,0
253.0,4.32806324110672,0.5533596837944664,0.5454545454545454,0
212.0,4.985849056603773,0.5943396226415094,0.7122641509433962,0
61.0,4.655737704918033,0.7377049180327869,0.6885245901639344,0
75.0,4.253333333333333,0.49333333333333335,0.7866666666666666,0
294.0,4.9523809523809526,0.4387755102040816,0.5918367346938775,0
129.0,4.51937984496124,0.6434108527131783,0.7829457364341085,0
118.0,4.279661016949152,0.4491525423728814,0.7457627118644068,0
211.0,4.739336492890995,0.46445497630331756,0.7772511848341233,0
339.0,4.383480825958702,0.5368731563421829,0.6194690265486725,0
53.0,4.584905660377358,0.5283018867924528,0.7169811320754716,0
50.0,4.88,0.64,0.86,0
105.0,4.838095238095238,0.4857142857142857,0.8380952380952381,0
107.0,4.738317757009346,0.7102803738317757,0.7009345794392523,0
173.0,4.988439306358382,0.4797687861271676,0.7514450867052023,0
229.0,5.0873362445414845,0.5545851528384279,0.834061135371179,0
202.0,4.792079207920792,0.5445544554455446,0.6534653465346535,0
355.0,4.47887323943662,0.4732394366197183,0.6591549295774648,0
255.0,4.643137254901961,0.5254901960784314,0.6470588235294118,0
185.0,5.064864864864865,0.5135135135135135,0.7675675675675676,0
224.0,5.008928571428571,0.5089285714285714,0.7991071428571429,0
45.0,4.955555555555556,0.5333333333333333,0.8888888888888888,0
206.0,5.490291262135922,0.5194174757281553,0.7135922330097088,0
372.0,4.400537634408602,0.521505376344086,0.6451612903225806,0
442.0,4.735294117647059,0.5316742081447964,0.667420814479638,0
114.0,5.06140350877193,0.43859649122807015,0.7631578947368421,0
142.0,4.76056338028169,0.38028169014084506,0.6971830985915493,0
60.0,6.683333333333334,0.7166666666666667,0.75,0
143.0,5.188811188811189,0.3916083916083916,0.7622377622377622,0
91.0,4.8901098901098905,0.4065934065934066,0.7362637362637363,0
94.0,5.446808510638298,0.5319148936170213,0.8404255319148937,0
98.0,5.346938775510204,0.3673469387755102,0.7448979591836735,0
111.0,5.873873873873874,0.5225225225225225,0.7567567567567568,0
132.0,5.303030303030303,0.49242424242424243,0.803030303030303,0
57.0,5.333333333333333,0.543859649122807,0.8947368421052632,0
208.0,4.903846153846154,0.4230769230769231,0.7163461538461539,0
337.0,4.84272997032641,0.4065281899109792,0.629080118694362,0
234.0,5.094017094017094,0.46153846153846156,0.7521367521367521,0
285.0,5.021052631578947,0.4666666666666667,0.7052631578947368,0
410.0,4.719512195121951,0.47317073170731705,0.7390243902439024,0
79.0,4.886075949367089,0.4430379746835443,0.8481012658227848,0
198.0,4.848484848484849,0.5202020202020202,0.702020202020202,0
301.0,4.764119601328904,0.5149501661129569,0.654485049833887,0
308.0,4.857142857142857,0.538961038961039,0.7435064935064936,0
211.0,5.222748815165877,0.4786729857819905,0.7061611374407583,0
315.0,5.317460317460317,0.43492063492063493,0.780952380952381,0
236.0,5.317796610169491,0.5211864406779662,0.6101694915254238,0
268.0,4.895522388059701,0.4552238805970149,0.7164179104477612,0
169.0,4.792899408284024,0.4556213017751479,0.7218934911242604,0
88.0,4.795454545454546,0.5454545454545454,0.8522727272727273,0
45.0,5.555555555555555,0.6444444444444445,0.9777777777777777,0
135.0,5.125925925925926,0.6,0.837037037037037,0
257.0,5.116731517509727,0.5836575875486382,0.7821011673151751,0
323.0,5.253869969040248,0.5263157894736842,0.7523219814241486,0
100.0,5.12,0.46,0.61,0
99.0,4.94949494949495,0.5151515151515151,0.7474747474747475,0
34.0,4.029411764705882,0.5,0.7941176470588235,0
196.0,4.903061224489796,0.39285714285714285,0.6479591836734694,0
309.0,4.967637540453074,0.4401294498381877,0.7119741100323624,0
309.0,5.1877022653721685,0.4627831715210356,0.6148867313915858,0
51.0,5.078431372549019,0.39215686274509803,0.7647058823529411,0
54.0,5.925925925925926,0.5,0.5370370370370371,0
46.0,5.6521739130434785,0.4782608695652174,0.5434782608695652,0
46.0,5.6521739130434785,0.4782608695652174,0.5434782608695652,0
70.0,5.442857142857143,0.5142857142857142,0.6142857142857143,0
106.0,5.7075471698113205,0.5377358490566038,0.8113207547169812,0
81.0,5.518518518518518,0.48148148148148145,0.8024691358024691,0
73.0,5.342465753424658,0.4657534246575342,0.7945205479452054,0
91.0,5.461538461538462,0.43956043956043955,0.7362637362637363,0
90.0,5.388888888888889,0.4666666666666667,0.8111111111111111,0
81.0,5.3580246913580245,0.4691358024691358,0.8024691358024691,0
60.0,5.583333333333333,0.45,0.8666666666666667,0
451.0,5.013303769401331,0.5210643015521065,0.7095343680709535,0
63.0,5.555555555555555,0.4444444444444444,0.8253968253968254,0
130.0,5.015384615384615,0.5615384615384615,0.8692307692307693,0
62.0,5.435483870967742,0.43548387096774194,0.8548387096774194,0
234.0,5.200854700854701,0.47435897435897434,0.7393162393162394,0
237.0,4.991561181434599,0.4767932489451477,0.729957805907173,0
140.0,5.385714285714286,0.42142857142857143,0.8428571428571429,0
162.0,5.1234567901234565,0.5432098765432098,0.7345679012345679,0
304.0,4.694078947368421,0.5756578947368421,0.7730263157894737,0
387.0,4.656330749354005,0.5426356589147286,0.689922480620155,0
404.0,4.6138613861386135,0.5445544554455446,0.7079207920792079,0
300.0,4.906666666666666,0.53,0.73,0
80.0,5.45,0.425,0.7875,0
169.0,5.023668639053255,0.5207100591715976,0.7159763313609467,0
193.0,5.455958549222798,0.5284974093264249,0.8134715025906736,0
155.0,4.548387096774194,0.3935483870967742,0.7677419354838709,0
359.0,4.557103064066852,0.39275766016713093,0.5571030640668524,0
292.0,4.726027397260274,0.4486301369863014,0.7328767123287672,0
40.0,5.5,0.525,0.8,0
182.0,5.318681318681318,0.4725274725274725,0.7197802197802198,0
212.0,4.7075471698113205,0.42452830188679247,0.6273584905660378,0
157.0,5.235668789808917,0.4585987261146497,0.7961783439490446,0
89.0,5.337078651685394,0.39325842696629215,0.6404494382022472,0
98.0,4.622448979591836,0.32653061224489793,0.7959183673469388,0
55.0,5.163636363636364,0.4,0.8909090909090909,0
92.0,5.163043478260869,0.391304347826087,0.6413043478260869,0
68.0,5.352941176470588,0.39705882352941174,0.8970588235294118,0
190.0,4.88421052631579,0.5210526315789473,0.8157894736842105,0
85.0,5.011764705882353,0.35294117647058826,0.7411764705882353,0
132.0,4.962121212121212,0.5606060606060606,0.8560606060606061,0
238.0,4.840336134453781,0.5336134453781513,0.7142857142857143,0
129.0,5.0852713178294575,0.49612403100775193,0.7906976744186046,0
110.0,5.390909090909091,0.6181818181818182,0.8727272727272727,0
25.0,5.24,0.56,0.76,0
79.0,4.962025316455696,0.45569620253164556,0.7721518987341772,0
151.0,5.112582781456954,0.5033112582781457,0.7417218543046358,0
19.0,5.473684210526316,0.6842105263157895,0.8947368421052632,0
93.0,5.096774193548387,0.5161290322580645,0.7741935483870968,0
199.0,4.874371859296482,0.542713567839196,0.8190954773869347,0
16.0,4.75,0.5625,0.9375,0
126.0,5.095238095238095,0.5555555555555556,0.8333333333333334,0
92.0,4.934782608695652,0.6413043478260869,0.8478260869565217,0
178.0,5.151685393258427,0.5786516853932584,0.7471910112359551,0
166.0,5.024096385542169,0.4879518072289157,0.6024096385542169,0
381.0,4.902887139107611,0.5459317585301837,0.7900262467191601,0
323.0,5.260061919504644,0.5882352941176471,0.8018575851393189,0
103.0,5.310679611650485,0.7087378640776699,0.8640776699029126,0
422.0,4.708530805687204,0.6137440758293838,0.7037914691943128,0
54.0,5.037037037037037,0.5,0.8148148148148148,0
67.0,4.3283582089552235,0.582089552238806,0.8507462686567164,0
491.0,5.244399185336049,0.5091649694501018,0.5987780040733197,0
44.0,5.5227272727272725,0.5454545454545454,0.8863636363636364,0
469.0,5.17910447761194,0.6098081023454158,0.7100213219616205,0
181.0,4.928176795580111,0.56353591160221,0.6132596685082873,0
416.0,4.449519230769231,0.4014423076923077,0.6129807692307693,0
138.0,5.2101449275362315,0.4927536231884058,0.7681159420289855,0
289.0,5.359861591695502,0.5259515570934256,0.6124567474048442,0
157.0,5.178343949044586,0.5605095541401274,0.8152866242038217,0
164.0,4.951219512195122,0.4573170731707317,0.7804878048780488,0
238.0,4.743697478991597,0.5,0.7142857142857143,0
118.0,5.016949152542373,0.5847457627118644,0.8135593220338984,0
426.0,4.483568075117371,0.4788732394366197,0.6291079812206573,0
251.0,4.717131474103586,0.4820717131474104,0.7131474103585658,0
281.0,5.345195729537367,0.7188612099644128,0.6334519572953736,0
437.0,4.869565217391305,0.5766590389016019,0.7643020594965675,0
127.0,5.070866141732283,0.4566929133858268,0.7165354330708661,0
18.0,5.333333333333333,0.7222222222222222,1.0,0
143.0,5.146853146853147,0.5104895104895105,0.7202797202797203,0
47.0,4.48936170212766,0.46808510638297873,0.723404255319149,0
121.0,4.528925619834711,0.4132231404958678,0.3140495867768595,0
253.0,4.4980237154150196,0.4150197628458498,0.7114624505928854,0
285.0,4.814035087719298,0.519298245614035,0.7298245614035088,0
256.0,4.859375,0.49609375,0.73828125,0
62.0,5.483870967741935,0.5161290322580645,0.9193548387096774,0
311.0,5.07395498392283,0.5112540192926045,0.6559485530546624,0
111.0,4.675675675675675,0.5045045045045045,0.7027027027027027,0
206.0,4.912621359223301,0.44660194174757284,0.7815533980582524,0
327.0,5.348623853211009,0.5382262996941896,0.636085626911315,0
367.0,4.871934604904633,0.5095367847411444,0.6103542234332425,0
212.0,5.084905660377358,0.5283018867924528,0.7877358490566038,0
377.0,4.769230769230769,0.32625994694960214,0.610079575596817,0
386.0,4.007772020725389,0.5880829015544041,0.6994818652849741,0
214.0,4.925233644859813,0.40654205607476634,0.7242990654205608,0
32.0,4.53125,0.53125,0.8125,0
142.0,4.514084507042254,0.5774647887323944,0.6338028169014085,0
211.0,4.947867298578199,0.5118483412322274,0.7630331753554502,0
3.0,6.0,1.0,1.0,0
50.0,5.12,0.42,0.88,0
209.0,4.478468899521531,0.4880382775119617,0.6411483253588517,0
252.0,4.583333333333333,0.5198412698412699,0.6944444444444444,0
16.0,5.5625,0.375,0.75,0
202.0,5.336633663366337,0.5148514851485149,0.7772277227722773,0
115.0,5.28695652173913,0.5217391304347826,0.8521739130434782,0
190.0,4.989473684210527,0.5210526315789473,0.7736842105263158,0
235.0,5.0638297872340425,0.46382978723404256,0.7489361702127659,0
4.0,5.0,0.5,1.0,0
32.0,4.5625,0.375,0.875,0
166.0,4.837349397590361,0.42771084337349397,0.6626506024096386,0
75.0,5.72,0.41333333333333333,0.76,0
102.0,5.382352941176471,0.4215686274509804,0.6666666666666666,0
230.0,5.208695652173913,0.5695652173913044,0.808695652173913,0
41.0,4.317073170731708,0.43902439024390244,0.6585365853658537,0
357.0,4.988795518207283,0.5882352941176471,0.7282913165266106,0
191.0,5.010471204188482,0.4816753926701571,0.6230366492146597,0
421.0,5.052256532066508,0.45368171021377673,0.6793349168646081,0
98.0,5.214285714285714,0.3673469387755102,0.6632653061224489,0
100.0,5.6,0.37,0.68,0
64.0,5.3125,0.328125,0.71875,0
164.0,5.286585365853658,0.3719512195121951,0.573170731707317,0
62.0,4.967741935483871,0.4032258064516129,0.8548387096774194,0
90.0,4.9222222222222225,0.5444444444444444,0.8222222222222222,0
231.0,5.2727272727272725,0.5887445887445888,0.7012987012987013,0
233.0,5.240343347639485,0.49356223175965663,0.7081545064377682,0
417.0,5.124700239808154,0.5611510791366906,0.762589928057554,0
465.0,5.01505376344086,0.4236559139784946,0.632258064516129,0
222.0,4.81981981981982,0.5405405405405406,0.7612612612612613,0
288.0,4.506944444444445,0.3194444444444444,0.7013888888888888,0
119.0,4.756302521008403,0.42857142857142855,0.7478991596638656,0
235.0,5.089361702127659,0.5106382978723404,0.7531914893617021,0
77.0,5.532467532467533,0.5064935064935064,0.7922077922077922,0
61.0,6.0,0.45901639344262296,0.9016393442622951,0
56.0,4.767857142857143,0.5535714285714286,0.9285714285714286,0
94.0,5.042553191489362,0.6276595744680851,0.8085106382978723,0
91.0,4.791208791208791,0.4725274725274725,0.8351648351648352,0
135.0,5.022222222222222,0.5037037037037037,0.8,0
80.0,5.0875,0.3875,0.7875,0
339.0,4.480825958702065,0.45722713864306785,0.5899705014749262,0
79.0,5.8734177215189876,0.5822784810126582,0.7468354430379747,0
234.0,5.9743589743589745,0.5683760683760684,0.7051282051282052,0
86.0,5.034883720930233,0.5581395348837209,0.7558139534883721,0
79.0,4.69620253164557,0.4050632911392405,0.8481012658227848,0
347.0,4.538904899135447,0.42939481268011526,0.5965417867435159,0
177.0,5.265536723163842,0.5480225988700564,0.7457627118644068,0
328.0,4.759146341463414,0.4573170731707317,0.6585365853658537,0
172.0,5.093023255813954,0.436046511627907,0.7790697674418605,0
84.0,4.559523809523809,0.44047619047619047,0.7380952380952381,0
105.0,4.771428571428571,0.38095238095238093,0.7619047619047619,0
319.0,4.755485893416928,0.5517241379310345,0.6865203761755486,0
73.0,4.767123287671233,0.589041095890411,0.7808219178082192,0
168.0,4.5476190476190474,0.47619047619047616,0.6666666666666666,0
314.0,4.773885350318471,0.49044585987261147,0.6464968152866242,0
230.0,4.586956521739131,0.4260869565217391,0.6695652173913044,0
27.0,4.703703703703703,0.3333333333333333,0.7037037037037037,0
15.0,4.933333333333334,0.5333333333333333,0.8,0
25.0,4.84,0.44,0.76,0
26.0,4.269230769230769,0.3076923076923077,0.8846153846153846,0
433.0,4.74364896073903,0.48036951501154734,0.6859122401847575,0
467.0,4.841541755888651,0.44967880085653106,0.6274089935760171,0
279.0,4.831541218637993,0.44086021505376344,0.6200716845878136,0
322.0,5.236024844720497,0.4751552795031056,0.7018633540372671,0
243.0,5.20164609053498,0.5267489711934157,0.7983539094650206,0
373.0,4.957104557640751,0.450402144772118,0.7319034852546917,0
48.0,4.4375,0.2708333333333333,0.75,0
200.0,5.45,0.53,0.69,0
271.0,5.3468634686346865,0.4870848708487085,0.7158671586715867,0
308.0,5.068181818181818,0.39285714285714285,0.6948051948051948,0
423.0,5.033096926713948,0.5839243498817966,0.5768321513002365,0
112.0,4.991071428571429,0.5535714285714286,0.8035714285714286,0
11.0,5.090909090909091,0.7272727272727273,0.6363636363636364,0
325.0,5.295384615384616,0.5938461538461538,0.7692307692307693,0
373.0,5.394101876675603,0.5227882037533512,0.6219839142091153,0
278.0,4.561151079136691,0.3129496402877698,0.6079136690647482,0
146.0,5.034246575342466,0.4520547945205479,0.7465753424657534,0
285.0,5.003508771929824,0.5017543859649123,0.7824561403508772,0
381.0,4.451443569553806,0.5459317585301837,0.6614173228346457,0
24.0,4.833333333333333,0.3333333333333333,0.7083333333333334,0
143.0,5.1328671328671325,0.5454545454545454,0.7482517482517482,0
132.0,5.9772727272727275,0.7121212121212122,0.6742424242424242,0
178.0,4.792134831460674,0.37640449438202245,0.6910112359550562,0
104.0,4.4326923076923075,0.5865384615384616,0.7692307692307693,0
172.0,5.191860465116279,0.5,0.7965116279069767,0
268.0,4.514925373134329,0.5671641791044776,0.7052238805970149,0
151.0,4.774834437086093,0.47019867549668876,0.609271523178808,0
171.0,5.678362573099415,0.6257309941520468,0.7777777777777778,0
290.0,4.931034482758621,0.39655172413793105,0.6689655172413793,0
287.0,5.560975609756097,0.5574912891986062,0.6689895470383276,0
266.0,5.18796992481203,0.5263157894736842,0.7518796992481203,0
62.0,5.032258064516129,0.5967741935483871,0.8225806451612904,0
131.0,4.9465648854961835,0.4351145038167939,0.6412213740458015,0
98.0,5.010204081632653,0.46938775510204084,0.7755102040816326,0
122.0,4.483606557377049,0.4098360655737705,0.7622950819672131,0
287.0,5.2160278745644595,0.45993031358885017,0.6759581881533101,0
57.0,4.947368421052632,0.5614035087719298,0.8070175438596491,0
63.0,5.222222222222222,0.5714285714285714,0.7619047619047619,0
189.0,4.968253968253968,0.43386243386243384,0.8042328042328042,0
478.0,4.7761506276150625,0.4686192468619247,0.6506276150627615,0
96.0,5.541666666666667,0.5520833333333334,0.75,0
108.0,5.12962962962963,0.5277777777777778,0.7870370370370371,0
50.0,5.04,0.5,0.84,0
59.0,4.9491525423728815,0.4915254237288136,0.7627118644067796,0
214.0,5.313084112149533,0.4672897196261682,0.7009345794392523,0
140.0,5.164285714285715,0.5928571428571429,0.7357142857142858,0
240.0,5.091666666666667,0.44583333333333336,0.7291666666666666,0
28.0,5.5,0.2857142857142857,1.0,0
203.0,4.630541871921182,0.5714285714285714,0.8029556650246306,0
41.0,5.487804878048781,0.5121951219512195,0.8780487804878049,0
58.0,5.448275862068965,0.5862068965517241,0.8448275862068966,0
165.0,4.884848484848485,0.42424242424242425,0.6121212121212121,0
75.0,4.933333333333334,0.5333333333333333,0.7733333333333333,0
431.0,4.830626450116009,0.46635730858468677,0.728538283062645,0
19.0,4.684210526315789,0.42105263157894735,0.8421052631578947,0
94.0,5.074468085106383,0.5106382978723404,0.8085106382978723,0
73.0,4.712328767123288,0.5753424657534246,0.821917808219178,0
165.0,5.0,0.5454545454545454,0.7636363636363637,0
38.0,5.342105263157895,0.47368421052631576,0.8947368421052632,0
344.0,5.816860465116279,0.6482558139534884,0.7093023255813954,0
46.0,5.565217391304348,0.5434782608695652,0.9130434782608695,0
18.0,4.777777777777778,0.3333333333333333,0.7222222222222222,0
56.0,5.946428571428571,0.39285714285714285,0.875,0
167.0,4.892215568862276,0.38323353293413176,0.7245508982035929,0
89.0,4.797752808988764,0.47191011235955055,0.898876404494382,0
115.0,4.860869565217391,0.46956521739130436,0.8,0
16.0,5.0625,0.5625,0.875,0
242.0,4.3347107438016526,0.45867768595041325,0.6570247933884298,0
432.0,5.296296296296297,0.4097222222222222,0.7083333333333334,0
266.0,4.842105263157895,0.4924812030075188,0.6240601503759399,0
152.0,4.907894736842105,0.4605263157894737,0.7236842105263158,0
169.0,5.017751479289941,0.5266272189349113,0.6923076923076923,0
7.0,3.5714285714285716,0.5714285714285714,0.8571428571428571,0
4.0,4.0,0.75,1.0,0
101.0,4.821782178217822,0.33663366336633666,0.6831683168316832,0
340.0,3.9705882352941178,0.38529411764705884,0.5264705882352941,0
284.0,5.084507042253521,0.5387323943661971,0.7570422535211268,0
87.0,4.793103448275862,0.40229885057471265,0.6896551724137931,0
90.0,5.111111111111111,0.6111111111111112,0.7555555555555555,0
91.0,5.076923076923077,0.4725274725274725,0.7692307692307693,0
53.0,4.339622641509434,0.41509433962264153,0.7924528301886793,0
471.0,4.575371549893843,0.4309978768577495,0.6687898089171974,0
329.0,5.127659574468085,0.5653495440729484,0.662613981762918,0
175.0,5.171428571428572,0.5085714285714286,0.7428571428571429,0
189.0,4.804232804232805,0.5079365079365079,0.7037037037037037,0
77.0,5.181818181818182,0.5974025974025974,0.7922077922077922,0
43.0,5.604651162790698,0.7209302325581395,0.8372093023255814,0
38.0,5.657894736842105,0.7105263157894737,0.9210526315789473,0
171.0,4.608187134502924,0.5029239766081871,0.7076023391812866,0
27.0,5.518518518518518,0.5555555555555556,0.8148148148148148,0
281.0,4.3736654804270465,0.45195729537366547,0.6298932384341637,0
317.0,5.309148264984227,0.4794952681388013,0.6908517350157729,0
33.0,4.878787878787879,0.42424242424242425,0.8787878787878788,0
265.0,5.018867924528302,0.5660377358490566,0.6981132075471698,0
63.0,4.857142857142857,0.5079365079365079,0.9365079365079365,0
38.0,4.552631578947368,0.631578947368421,0.7894736842105263,0
147.0,4.98639455782313,0.48299319727891155,0.7959183673469388,0
196.0,4.86734693877551,0.47959183673469385,0.6683673469387755,0
423.0,5.00709219858156,0.3971631205673759,0.6855791962174941,0
460.0,4.858695652173913,0.48478260869565215,0.717391304347826,0
296.0,4.483108108108108,0.3885135135135135,0.6351351351351351,0
130.0,5.269230769230769,0.4307692307692308,0.7846153846153846,0
421.0,4.907363420427553,0.44418052256532065,0.6080760095011877,0
362.0,4.607734806629834,0.4281767955801105,0.7265193370165746,0
299.0,4.879598662207358,0.45819397993311034,0.6321070234113713,0
150.0,5.133333333333334,0.38,0.7533333333333333,0
68.0,4.705882352941177,0.5147058823529411,0.7352941176470589,0
61.0,4.901639344262295,0.6229508196721312,0.819672131147541,0
169.0,4.6923076923076925,0.5029585798816568,0.6863905325443787,0
99.0,4.696969696969697,0.5353535353535354,0.7373737373737373,0
185.0,4.8,0.5621621621621622,0.772972972972973,0
218.0,5.032110091743119,0.43577981651376146,0.7431192660550459,0
191.0,4.706806282722513,0.45549738219895286,0.6649214659685864,0
89.0,5.269662921348314,0.47191011235955055,0.8651685393258427,0
318.0,5.012578616352202,0.5094339622641509,0.6855345911949685,0
160.0,4.8375,0.53125,0.69375,0
38.0,4.421052631578948,0.42105263157894735,0.868421052631579,0
278.0,4.892086330935252,0.44244604316546765,0.7230215827338129,0
354.0,4.655367231638418,0.4293785310734463,0.5988700564971752,0
256.0,4.87890625,0.53515625,0.75,0
86.0,5.186046511627907,0.6395348837209303,0.5581395348837209,0
28.0,4.678571428571429,0.5,0.8571428571428571,0
127.0,4.6299212598425195,0.5354330708661418,0.6929133858267716,0
338.0,4.914201183431953,0.4822485207100592,0.7633136094674556,0
105.0,4.3238095238095235,0.44761904761904764,0.6095238095238096,0
39.0,5.256410256410256,0.48717948717948717,0.7948717948717948,0
56.0,4.696428571428571,0.42857142857142855,0.7857142857142857,0
136.0,5.588235294117647,0.4852941176470588,0.625,0
20.0,5.85,0.5,0.85,0
299.0,4.976588628762542,0.5117056856187291,0.7558528428093646,0
474.0,4.789029535864979,0.3924050632911392,0.6919831223628692,0
436.0,4.470183486238532,0.4243119266055046,0.6490825688073395,0
62.0,4.483870967741935,0.43548387096774194,0.7419354838709677,0
328.0,5.0,0.4603658536585366,0.5365853658536586,0
278.0,5.194244604316546,0.5431654676258992,0.7553956834532374,0
25.0,5.28,0.44,0.68,0
429.0,5.375291375291376,0.5407925407925408,0.6713286713286714,0
201.0,5.313432835820896,0.5422885572139303,0.7313432835820896,0
18.0,4.277777777777778,0.3888888888888889,0.9444444444444444,0
21.0,5.0476190476190474,0.6190476190476191,0.9047619047619048,0
52.0,4.769230769230769,0.46153846153846156,0.75,0
104.0,4.9423076923076925,0.6057692307692307,0.7692307692307693,0
34.0,4.764705882352941,0.47058823529411764,0.9705882352941176,0
337.0,5.121661721068249,0.4599406528189911,0.6676557863501483,0
275.0,5.1054545454545455,0.5381818181818182,0.7527272727272727,0
86.0,5.3023255813953485,0.5581395348837209,0.7674418604651163,0
446.0,4.838565022421525,0.4282511210762332,0.7309417040358744,0
358.0,5.212290502793296,0.46089385474860334,0.6005586592178771,0
316.0,5.4525316455696204,0.5031645569620253,0.7120253164556962,0
100.0,5.52,0.54,0.89,0
322.0,5.043478260869565,0.5031055900621118,0.6987577639751553,0
67.0,4.3283582089552235,0.5074626865671642,0.8656716417910447,0
108.0,4.87962962962963,0.5555555555555556,0.7037037037037037,0
274.0,5.04014598540146,0.4708029197080292,0.718978102189781,0
428.0,4.962616822429907,0.5070093457943925,0.7383177570093458,0
417.0,4.611510791366906,0.4196642685851319,0.657074340527578,0
46.0,4.782608695652174,0.30434782608695654,0.7608695652173914,0
9.0,4.666666666666667,0.7777777777777778,0.8888888888888888,0
41.0,4.463414634146342,0.4634146341463415,0.7804878048780488,0
301.0,5.089700996677741,0.5083056478405316,0.7009966777408638,0
152.0,5.282894736842105,0.47368421052631576,0.6842105263157895,0
128.0,5.2421875,0.3984375,0.8359375,0
354.0,4.963276836158192,0.4661016949152542,0.6666666666666666,0
458.0,4.962882096069869,0.5021834061135371,0.7183406113537117,0
21.0,4.190476190476191,0.38095238095238093,0.9047619047619048,0
421.0,4.617577197149644,0.5558194774346793,0.7410926365795725,0
198.0,5.2272727272727275,0.5353535353535354,0.6868686868686869,0
119.0,4.53781512605042,0.42857142857142855,0.7647058823529411,0
453.0,5.0551876379690945,0.48344370860927155,0.6136865342163356,0
68.0,4.544117647058823,0.4117647058823529,0.6764705882352942,0
446.0,5.239910313901345,0.4820627802690583,0.6591928251121076,0
389.0,5.167095115681234,0.4730077120822622,0.712082262210797,0
218.0,4.770642201834862,0.46788990825688076,0.7431192660550459,0
47.0,6.191489361702128,0.5106382978723404,0.8723404255319149,0
235.0,5.017021276595744,0.49361702127659574,0.7191489361702128,0
51.0,5.313725490196078,0.5686274509803921,0.9019607843137255,0
72.0,4.847222222222222,0.4444444444444444,0.8472222222222222,0
55.0,5.054545454545455,0.4909090909090909,0.8727272727272727,0
170.0,5.011764705882353,0.5117647058823529,0.7647058823529411,0
314.0,4.8471337579617835,0.5159235668789809,0.7611464968152867,0
17.0,4.764705882352941,0.5882352941176471,0.8235294117647058,0
435.0,4.873563218390805,0.5172413793103449,0.6735632183908046,0
12.0,5.333333333333333,0.5,0.9166666666666666,0
132.0,5.507575757575758,0.48484848484848486,0.6742424242424242,0
121.0,4.87603305785124,0.4462809917355372,0.7933884297520661,0
388.0,4.481958762886598,0.4639175257731959,0.6726804123711341,0
166.0,5.006024096385542,0.4879518072289157,0.9036144578313253,0
418.0,5.016746411483253,0.46411483253588515,0.7822966507177034,0
54.0,4.833333333333333,0.5,0.9444444444444444,0
72.0,4.416666666666667,0.4583333333333333,0.8333333333333334,0
247.0,5.42914979757085,0.5344129554655871,0.8016194331983806,0
111.0,5.036036036036036,0.5495495495495496,0.8198198198198198,0
229.0,4.685589519650655,0.43231441048034935,0.6943231441048034,0
176.0,4.9602272727272725,0.4659090909090909,0.7670454545454546,0
264.0,4.962121212121212,0.5151515151515151,0.7613636363636364,0
393.0,5.470737913486005,0.6106870229007634,0.648854961832061,0
69.0,4.942028985507246,0.5652173913043478,0.8985507246376812,0
189.0,5.0,0.455026455026455,0.7354497354497355,0
60.0,5.683333333333334,0.6,0.8,0
294.0,4.819727891156463,0.5136054421768708,0.7619047619047619,0
130.0,5.346153846153846,0.49230769230769234,0.8076923076923077,0
263.0,4.931558935361217,0.5057034220532319,0.7946768060836502,0
84.0,5.095238095238095,0.4880952380952381,0.6785714285714286,0
158.0,4.981012658227848,0.5189873417721519,0.7658227848101266,0
240.0,4.870833333333334,0.5166666666666667,0.7291666666666666,0
106.0,5.160377358490566,0.49056603773584906,0.7641509433962265,0
114.0,5.526315789473684,0.5,0.8421052631578947,0
265.0,5.033962264150944,0.5245283018867924,0.7773584905660378,0
55.0,5.218181818181818,0.5454545454545454,0.5272727272727272,0
12.0,5.166666666666667,0.5,1.0,0
204.0,5.28921568627451,0.5441176470588235,0.7549019607843137,0
161.0,5.285714285714286,0.546583850931677,0.782608695652174,0
217.0,4.9308755760368665,0.511520737327189,0.7603686635944701,0
69.0,5.3768115942028984,0.42028985507246375,0.7536231884057971,0
99.0,5.070707070707071,0.41414141414141414,0.8787878787878788,0
194.0,4.61340206185567,0.4948453608247423,0.7319587628865979,0
169.0,4.893491124260355,0.44970414201183434,0.7869822485207101,0
256.0,4.64453125,0.34375,0.69140625,0
114.0,5.0,0.43859649122807015,0.7982456140350878,0
26.0,4.461538461538462,0.34615384615384615,0.9230769230769231,0
27.0,4.703703703703703,0.4444444444444444,0.9259259259259259,0
124.0,5.016129032258065,0.6209677419354839,0.9032258064516129,0
354.0,5.011299435028248,0.4830508474576271,0.652542372881356,0
176.0,4.971590909090909,0.5795454545454546,0.8011363636363636,0
158.0,5.253164556962025,0.3987341772151899,0.7848101265822784,0
347.0,4.881844380403458,0.4322766570605187,0.6484149855907781,0
241.0,5.128630705394191,0.5726141078838174,0.7344398340248963,0
215.0,4.706976744186046,0.40930232558139534,0.7023255813953488,0
36.0,4.777777777777778,0.4722222222222222,0.8055555555555556,0
175.0,5.057142857142857,0.49714285714285716,0.7142857142857143,0
403.0,4.799007444168734,0.5186104218362283,0.47890818858560796,0
249.0,5.204819277108434,0.5180722891566265,0.8433734939759037,0
21.0,4.666666666666667,0.47619047619047616,0.9047619047619048,0
436.0,5.105504587155964,0.5022935779816514,0.7201834862385321,0
30.0,5.2,0.5,0.8,0
88.0,5.409090909090909,0.42045454545454547,0.6931818181818182,0
59.0,4.932203389830509,0.4067796610169492,0.7966101694915254,0
92.0,5.163043478260869,0.5,0.7608695652173914,0
274.0,5.091240875912408,0.5182481751824818,0.791970802919708,0
396.0,5.174242424242424,0.547979797979798,0.7550505050505051,0
44.0,4.840909090909091,0.6136363636363636,0.8863636363636364,0
187.0,5.331550802139038,0.5454545454545454,0.8502673796791443,0
221.0,5.53393665158371,0.6470588235294118,0.8371040723981901,0
140.0,4.792857142857143,0.5,0.7642857142857142,0
285.0,5.059649122807017,0.4456140350877193,0.7192982456140351,0
85.0,4.658823529411765,0.6588235294117647,0.7764705882352941,0
87.0,4.850574712643678,0.45977011494252873,0.735632183908046,0
92.0,5.119565217391305,0.5,0.6304347826086957,0
11.0,4.0,0.36363636363636365,1.0,0
119.0,4.714285714285714,0.5126050420168067,0.6974789915966386,0
108.0,5.268518518518518,0.5,0.7592592592592593,0
291.0,5.037800687285223,0.5670103092783505,0.7731958762886598,0
318.0,4.918238993710692,0.7327044025157232,0.5817610062893082,0
359.0,4.612813370473537,0.7186629526462396,0.754874651810585,0
463.0,4.520518358531318,0.5269978401727862,0.6393088552915767,0
343.0,3.9300291545189503,0.42565597667638483,0.49271137026239065,0
259.0,5.173745173745174,0.46332046332046334,0.7374517374517374,0
226.0,5.31858407079646,0.5530973451327433,0.8141592920353983,0
92.0,5.141304347826087,0.5108695652173914,0.75,0
202.0,4.9504950495049505,0.5297029702970297,0.806930693069307,0
416.0,5.122596153846154,0.5480769230769231,0.6225961538461539,0
388.0,5.131443298969073,0.5,0.6778350515463918,0
85.0,5.011764705882353,0.5764705882352941,0.788235294117647,0
160.0,5.125,0.51875,0.93125,0
228.0,5.083333333333333,0.5482456140350878,0.8333333333333334,0
38.0,5.315789473684211,0.6052631578947368,0.8421052631578947,0
300.0,5.07,0.51,0.79,0
67.0,5.2388059701492535,0.5074626865671642,0.7611940298507462,0
30.0,5.0,0.43333333333333335,0.7666666666666667,0
91.0,5.142857142857143,0.5274725274725275,0.7142857142857143,0
131.0,5.122137404580153,0.5190839694656488,0.7099236641221374,0
168.0,5.178571428571429,0.44642857142857145,0.7380952380952381,0
240.0,4.6625,0.525,0.6375,0
110.0,4.872727272727273,0.43636363636363634,0.7090909090909091,0
37.0,4.945945945945946,0.43243243243243246,0.7567567567567568,0
125.0,4.608,0.464,0.72,0
19.0,4.315789473684211,0.47368421052631576,1.0,0
88.0,5.204545454545454,0.6590909090909091,0.7386363636363636,0
274.0,4.616788321167883,0.48175182481751827,0.6131386861313869,0
50.0,4.84,0.44,0.86,0
340.0,5.544117647058823,0.45294117647058824,0.6588235294117647,0
25.0,5.68,0.8,0.8,0
37.0,4.972972972972973,0.5675675675675675,0.8918918918918919,0
22.0,5.318181818181818,0.36363636363636365,1.0,0
43.0,5.325581395348837,0.5348837209302325,0.8837209302325582,0
318.0,4.959119496855346,0.49056603773584906,0.7295597484276729,0
75.0,5.0,0.49333333333333335,0.7866666666666666,0
198.0,5.459595959595959,0.5555555555555556,0.7323232323232324,0
176.0,5.1477272727272725,0.5170454545454546,0.7840909090909091,0
229.0,5.03056768558952,0.38427947598253276,0.6375545851528385,0
327.0,5.333333333333333,0.5779816513761468,0.709480122324159,0
393.0,5.180661577608142,0.48091603053435117,0.5318066157760815,0
56.0,5.285714285714286,0.5178571428571429,0.7142857142857143,0
92.0,5.217391304347826,0.4782608695652174,0.9021739130434783,0
442.0,4.762443438914027,0.4796380090497738,0.6538461538461539,0
38.0,4.947368421052632,0.42105263157894735,1.0,0
433.0,5.244803695150115,0.4341801385681293,0.6581986143187067,0
32.0,5.125,0.4375,1.0,0
281.0,4.893238434163701,0.5195729537366548,0.797153024911032,0
202.0,5.430693069306931,0.5544554455445545,0.7326732673267327,0
447.0,4.901565995525727,0.5033557046979866,0.6152125279642058,0
45.0,4.711111111111111,0.3111111111111111,0.9777777777777777,0
257.0,5.249027237354086,0.5214007782101168,0.6964980544747081,0
41.0,5.463414634146342,0.4634146341463415,0.9512195121951219,0
45.0,4.7555555555555555,0.35555555555555557,0.8444444444444444,0
224.0,5.267857142857143,0.5803571428571429,0.6875,0
54.0,4.611111111111111,0.4444444444444444,0.7962962962962963,0
29.0,5.448275862068965,0.6206896551724138,0.896551724137931,0
23.0,5.304347826086956,0.5652173913043478,0.9565217391304348,0
16.0,5.1875,0.5625,0.875,0
273.0,4.967032967032967,0.3992673992673993,0.706959706959707,0
418.0,4.7990430622009566,0.507177033492823,0.6244019138755981,0
37.0,5.243243243243243,0.4864864864864865,0.8648648648648649,0
123.0,5.626016260162602,0.5691056910569106,0.8130081300813008,0
98.0,4.551020408163265,0.47959183673469385,0.7959183673469388,0
28.0,5.392857142857143,0.75,0.9285714285714286,0
75.0,5.44,0.6,0.9066666666666666,0
108.0,5.212962962962963,0.5462962962962963,0.7685185185185185,0
167.0,4.8562874251497,0.5389221556886228,0.688622754491018,0
135.0,5.007407407407407,0.5037037037037037,0.8,0
16.0,5.0,0.5625,1.0,0
97.0,5.34020618556701,0.5876288659793815,0.9072164948453608,0
317.0,4.9842271293375395,0.5488958990536278,0.7192429022082019,0
167.0,5.137724550898204,0.5389221556886228,0.6526946107784432,0
234.0,5.17948717948718,0.4444444444444444,0.7649572649572649,0
336.0,4.8898809523809526,0.49107142857142855,0.7261904761904762,0
164.0,4.932926829268292,0.3597560975609756,0.823170731707317,0
306.0,5.336601307189542,0.5588235294117647,0.5915032679738562,0
235.0,5.425531914893617,0.4595744680851064,0.7872340425531915,0
225.0,5.24,0.49777777777777776,0.7644444444444445,0
430.0,4.9186046511627906,0.4744186046511628,0.6581395348837209,0
43.0,5.186046511627907,0.27906976744186046,0.9534883720930233,0
137.0,4.45985401459854,0.4233576642335766,0.6934306569343066,0
34.0,4.676470588235294,0.5294117647058824,0.7647058823529411,0
370.0,4.5864864864864865,0.372972972972973,0.5243243243243243,0
302.0,5.19205298013245,0.4867549668874172,0.7748344370860927,0
129.0,4.875968992248062,0.4728682170542636,0.8449612403100775,0
118.0,4.813559322033898,0.3983050847457627,0.8220338983050848,0
8.0,5.75,0.75,1.0,0
428.0,4.69392523364486,0.40186915887850466,0.7126168224299065,0
187.0,4.967914438502674,0.5187165775401069,0.8288770053475936,0
145.0,4.586206896551724,0.38620689655172413,0.7310344827586207,0
403.0,4.5334987593052105,0.4466501240694789,0.6823821339950372,0
198.0,4.671717171717172,0.41414141414141414,0.7222222222222222,0
258.0,4.321705426356589,0.3992248062015504,0.6511627906976745,0
266.0,4.883458646616542,0.424812030075188,0.6992481203007519,0
305.0,4.79344262295082,0.46885245901639344,0.6557377049180327,0
309.0,5.11326860841424,0.46601941747572817,0.6763754045307443,0
50.0,4.76,0.36,0.66,0
225.0,5.075555555555556,0.52,0.7244444444444444,0
33.0,4.151515151515151,0.21212121212121213,0.6363636363636364,0
211.0,4.545023696682464,0.44549763033175355,0.7582938388625592,0
70.0,5.557142857142857,0.5857142857142857,0.8714285714285714,0
455.0,4.975824175824176,0.5736263736263736,0.6791208791208792,0
54.0,4.944444444444445,0.48148148148148145,0.9074074074074074,0
278.0,4.830935251798561,0.5575539568345323,0.7014388489208633,0
87.0,4.919540229885057,0.45977011494252873,0.8045977011494253,0
322.0,4.8478260869565215,0.5279503105590062,0.5279503105590062,0
83.0,4.963855421686747,0.46987951807228917,0.9518072289156626,0
69.0,5.855072463768116,0.5217391304347826,0.7971014492753623,0
28.0,4.714285714285714,0.6071428571428571,1.0,0
50.0,5.04,0.4,0.96,0
427.0,5.0023419203747075,0.4707259953161593,0.6885245901639344,0
231.0,5.004329004329004,0.5627705627705628,0.7662337662337663,0
273.0,5.2234432234432235,0.5787545787545788,0.8058608058608059,0
229.0,5.213973799126638,0.3930131004366812,0.6200873362445415,0
185.0,5.07027027027027,0.4810810810810811,0.8,0
93.0,4.43010752688172,0.5053763440860215,0.8279569892473119,0
270.0,5.037037037037037,0.5111111111111111,0.762962962962963,0
92.0,4.989130434782608,0.4782608695652174,0.8369565217391305,0
151.0,5.2781456953642385,0.5298013245033113,0.7549668874172185,0
123.0,5.048780487804878,0.5203252032520326,0.7642276422764228,0
378.0,5.124338624338624,0.4417989417989418,0.7407407407407407,0
206.0,5.043689320388349,0.42718446601941745,0.7087378640776699,0
63.0,4.809523809523809,0.3333333333333333,0.7301587301587301,0
71.0,5.464788732394366,0.647887323943662,1.0,0
357.0,4.873949579831932,0.5238095238095238,0.7394957983193278,0
41.0,5.024390243902439,0.4878048780487805,0.9512195121951219,0
138.0,4.884057971014493,0.5652173913043478,0.8115942028985508,0
452.0,4.975663716814159,0.4668141592920354,0.6570796460176991,0
121.0,5.016528925619835,0.5041322314049587,0.6859504132231405,0
35.0,4.4,0.4857142857142857,0.8571428571428571,0
121.0,4.8429752066115705,0.5454545454545454,0.7520661157024794,0
338.0,4.8698224852071,0.4437869822485207,0.6686390532544378,0
74.0,4.837837837837838,0.4594594594594595,0.7972972972972973,0
84.0,5.0476190476190474,0.5,0.8333333333333334,0
94.0,4.904255319148936,0.5425531914893617,0.7021276595744681,0
98.0,4.377551020408164,0.5,0.7244897959183674,0
92.0,4.9021739130434785,0.43478260869565216,0.782608695652174,0
253.0,5.2727272727272725,0.5612648221343873,0.7747035573122529,0
401.0,5.224438902743142,0.5610972568578554,0.6184538653366584,0
230.0,5.160869565217391,0.45652173913043476,0.7913043478260869,0
54.0,5.351851851851852,0.5185185185185185,0.9814814814814815,0
56.0,5.053571428571429,0.5357142857142857,0.8035714285714286,0
333.0,5.099099099099099,0.5315315315315315,0.8198198198198198,0
373.0,4.882037533512064,0.4101876675603217,0.7533512064343163,0
400.0,5.0325,0.51,0.79,0
108.0,5.064814814814815,0.4351851851851852,0.8703703703703703,0
425.0,4.896470588235294,0.52,0.731764705882353,0
304.0,4.996710526315789,0.4934210526315789,0.7302631578947368,0
212.0,5.254716981132075,0.5707547169811321,0.7452830188679245,0
455.0,5.030769230769231,0.5032967032967033,0.6593406593406593,0
407.0,4.680589680589681,0.4742014742014742,0.6781326781326781,0
300.0,5.4,0.51,0.71,0
99.0,5.05050505050505,0.42424242424242425,0.797979797979798,0
447.0,5.492170022371365,0.5145413870246085,0.6375838926174496,0
95.0,5.189473684210526,0.5789473684210527,0.7368421052631579,0
63.0,5.317460317460317,0.3492063492063492,0.7619047619047619,0
33.0,5.090909090909091,0.3939393939393939,0.9393939393939394,0
22.0,5.045454545454546,0.45454545454545453,0.9090909090909091,0
91.0,5.978021978021978,0.4835164835164835,0.7802197802197802,0
60.0,5.233333333333333,0.5,0.9166666666666666,0
240.0,4.966666666666667,0.4666666666666667,0.75,0
379.0,5.313984168865435,0.5593667546174143,0.7044854881266491,0
32.0,5.53125,0.6875,0.875,0
210.0,4.714285714285714,0.44761904761904764,0.6714285714285714,0
111.0,4.882882882882883,0.40540540540540543,0.7027027027027027,0
170.0,4.770588235294118,0.3941176470588235,0.6705882352941176,0
214.0,5.457943925233645,0.5093457943925234,0.7850467289719626,0
178.0,5.03932584269663,0.4550561797752809,0.651685393258427,0
349.0,5.01432664756447,0.4383954154727794,0.6074498567335244,0
95.0,5.08421052631579,0.5368421052631579,0.8315789473684211,0
127.0,4.968503937007874,0.4330708661417323,0.7874015748031497,0
62.0,4.967741935483871,0.3387096774193548,0.6935483870967742,0
398.0,5.153266331658291,0.4899497487437186,0.6984924623115578,0
78.0,5.717948717948718,0.6538461538461539,0.9230769230769231,0
75.0,5.093333333333334,0.5333333333333333,0.8533333333333334,0
80.0,4.8125,0.65,0.8625,0
169.0,5.177514792899408,0.5502958579881657,0.6923076923076923,0
136.0,5.25,0.5441176470588235,0.7867647058823529,0
127.0,5.433070866141732,0.5354330708661418,0.7165354330708661,0
238.0,5.029411764705882,0.47058823529411764,0.7478991596638656,0
66.0,5.045454545454546,0.5151515151515151,0.8333333333333334,0
232.0,4.943965517241379,0.4870689655172414,0.5818965517241379,0
44.0,4.704545454545454,0.5,0.6136363636363636,0
205.0,4.785365853658536,0.5804878048780487,0.8146341463414634,0
32.0,5.875,0.5625,0.78125,0
10.0,5.6,0.5,0.9,0
14.0,5.285714285714286,0.35714285714285715,1.0,0
28.0,5.357142857142857,0.6071428571428571,0.75,0
20.0,4.6,0.35,0.95,0
25.0,5.04,0.52,0.84,0
109.0,4.981651376146789,0.3394495412844037,0.47706422018348627,0
137.0,5.321167883211679,0.5912408759124088,0.8978102189781022,0
117.0,5.068376068376068,0.4358974358974359,0.8888888888888888,0
340.0,5.002941176470588,0.4852941176470588,0.7705882352941177,0
193.0,5.067357512953368,0.5129533678756477,0.8393782383419689,0
63.0,5.349206349206349,0.4444444444444444,0.6031746031746031,0
340.0,4.95,0.4823529411764706,0.6941176470588235,0
81.0,5.444444444444445,0.6666666666666666,0.8765432098765432,0
207.0,5.043478260869565,0.5120772946859904,0.7536231884057971,0
127.0,5.346456692913386,0.5511811023622047,0.8503937007874016,0
284.0,4.947183098591549,0.528169014084507,0.7288732394366197,0
70.0,5.328571428571428,0.6857142857142857,0.8,0
66.0,5.5,0.5757575757575758,0.8636363636363636,0
321.0,4.744548286604362,0.4953271028037383,0.7694704049844237,0
32.0,4.65625,0.28125,0.875,0
72.0,5.138888888888889,0.5833333333333334,0.8194444444444444,0
76.0,5.131578947368421,0.4868421052631579,0.8289473684210527,0
87.0,5.183908045977011,0.5747126436781609,0.8160919540229885,0
117.0,5.0256410256410255,0.49572649572649574,0.7948717948717948,0
73.0,5.013698630136986,0.5342465753424658,0.7945205479452054,0
44.0,5.409090909090909,0.6363636363636364,0.7954545454545454,0
162.0,5.12962962962963,0.5061728395061729,0.7407407407407407,0
100.0,5.23,0.52,0.84,0
174.0,5.126436781609195,0.4942528735632184,0.8563218390804598,0
81.0,5.395061728395062,0.5925925925925926,0.8888888888888888,0
83.0,5.554216867469879,0.46987951807228917,0.8795180722891566,0
121.0,4.892561983471074,0.6033057851239669,0.7107438016528925,0
280.0,4.917857142857143,0.43214285714285716,0.7321428571428571,0
129.0,5.178294573643411,0.4883720930232558,0.751937984496124,0
349.0,4.773638968481375,0.4297994269340974,0.7306590257879656,0
216.0,4.907407407407407,0.5231481481481481,0.7453703703703703,0
33.0,4.454545454545454,0.2727272727272727,0.8787878787878788,0
345.0,4.721739130434782,0.4289855072463768,0.7188405797101449,0
69.0,5.0144927536231885,0.463768115942029,0.782608695652174,0
302.0,5.360927152317881,0.6589403973509934,0.7880794701986755,0
286.0,4.84965034965035,0.534965034965035,0.7342657342657343,0
376.0,4.829787234042553,0.47074468085106386,0.7101063829787234,0
415.0,5.356626506024097,0.4987951807228916,0.763855421686747,0
276.0,5.155797101449275,0.5760869565217391,0.7318840579710145,0
28.0,5.0,0.35714285714285715,1.0,0
36.0,5.055555555555555,0.4166666666666667,0.9722222222222222,0
130.0,5.023076923076923,0.49230769230769234,0.8692307692307693,0
142.0,5.091549295774648,0.4647887323943662,0.7535211267605634,0
158.0,5.481012658227848,0.4430379746835443,0.8417721518987342,0
315.0,5.057142857142857,0.44126984126984126,0.6984126984126984,0
177.0,4.988700564971752,0.5706214689265536,0.7740112994350282,0
192.0,5.244791666666667,0.4635416666666667,0.78125,0
266.0,5.30827067669173,0.5112781954887218,0.8383458646616542,0
131.0,5.206106870229007,0.4351145038167939,0.8320610687022901,0
470.0,4.7957446808510635,0.5680851063829787,0.6893617021276596,0
48.0,6.291666666666667,0.5,0.8541666666666666,0
461.0,4.8503253796095445,0.45336225596529284,0.665943600867679,0
72.0,4.75,0.7083333333333334,0.8194444444444444,0
150.0,5.533333333333333,0.7866666666666666,0.6066666666666667,0
417.0,5.134292565947242,0.4892086330935252,0.6139088729016786,0
2.0,5.5,0.5,1.0,0
8.0,5.5,0.5,1.0,0
169.0,4.538461538461538,0.3905325443786982,0.7100591715976331,0
389.0,4.951156812339332,0.4498714652956298,0.6658097686375322,0
371.0,4.129380053908355,0.477088948787062,0.5741239892183289,0
371.0,4.153638814016173,0.3504043126684636,0.5983827493261455,0
157.0,5.280254777070064,0.5095541401273885,0.7070063694267515,0
115.0,3.739130434782609,0.5652173913043478,0.8782608695652174,0
451.0,4.175166297117516,0.38802660753880264,0.6053215077605322,0
374.0,4.307486631016043,0.5026737967914439,0.679144385026738,0
177.0,3.9604519774011298,0.480225988700565,0.6271186440677966,0
154.0,5.1103896103896105,0.5584415584415584,0.8831168831168831,0
181.0,5.751381215469613,0.569060773480663,0.7071823204419889,0
71.0,5.985915492957746,0.6338028169014085,0.8309859154929577,0
55.0,5.745454545454545,0.4909090909090909,0.8363636363636363,0
128.0,5.0546875,0.484375,0.6640625,0
213.0,4.71830985915493,0.4647887323943662,0.6150234741784038,0
56.0,5.071428571428571,0.35714285714285715,0.9285714285714286,0
21.0,6.0,0.6666666666666666,0.8571428571428571,0
31.0,5.032258064516129,0.5483870967741935,0.8709677419354839,0
11.0,6.818181818181818,0.7272727272727273,1.0,0
26.0,6.115384615384615,0.5769230769230769,0.9615384615384616,0
18.0,6.222222222222222,0.6666666666666666,0.9444444444444444,0
493.0,5.62474645030426,0.6734279918864098,0.7038539553752535,0
203.0,5.172413793103448,0.5221674876847291,0.7586206896551724,0
12.0,6.666666666666667,0.6666666666666666,1.0,0
121.0,4.867768595041323,0.512396694214876,0.7933884297520661,0
18.0,6.722222222222222,0.6666666666666666,0.9444444444444444,0
18.0,7.0,0.6666666666666666,0.9444444444444444,0
44.0,6.068181818181818,0.6136363636363636,0.8636363636363636,0
368.0,5.315217391304348,0.5271739130434783,0.7309782608695652,0
227.0,5.140969162995595,0.5330396475770925,0.7797356828193832,0
413.0,5.087167070217918,0.4963680387409201,0.7627118644067796,0
47.0,5.340425531914893,0.48936170212765956,0.8297872340425532,0
212.0,4.683962264150943,0.30660377358490565,0.6132075471698113,0
67.0,6.134328358208955,0.417910447761194,0.5970149253731343,0
53.0,5.377358490566038,0.4528301886792453,0.8301886792452831,0
194.0,5.355670103092783,0.4845360824742268,0.4381443298969072,0
397.0,5.347607052896725,0.5239294710327456,0.7279596977329975,0
151.0,5.417218543046357,0.5364238410596026,0.7483443708609272,0
146.0,4.801369863013699,0.3219178082191781,0.6917808219178082,0
173.0,5.277456647398844,0.5028901734104047,0.7861271676300579,0
37.0,5.378378378378378,0.5675675675675675,0.7567567567567568,0
173.0,4.994219653179191,0.5028901734104047,0.6994219653179191,0
204.0,4.887254901960785,0.44607843137254904,0.696078431372549,0
79.0,4.974683544303797,0.45569620253164556,0.6962025316455697,0
49.0,5.387755102040816,0.4897959183673469,0.7959183673469388,0
160.0,4.95625,0.425,0.79375,0
181.0,5.232044198895028,0.4530386740331492,0.7624309392265194,0
69.0,5.217391304347826,0.4492753623188406,0.9130434782608695,0
33.0,5.03030303030303,0.3333333333333333,0.9393939393939394,0
271.0,4.985239852398524,0.4981549815498155,0.6715867158671587,0
295.0,4.664406779661017,0.5728813559322034,0.7661016949152543,0
475.0,4.637894736842105,0.5452631578947369,0.6463157894736842,0
273.0,4.769230769230769,0.5347985347985348,0.8241758241758241,0
210.0,4.919047619047619,0.5333333333333333,0.6904761904761905,0
151.0,4.867549668874172,0.48344370860927155,0.7483443708609272,0
149.0,4.597315436241611,0.436241610738255,0.697986577181208,0
299.0,5.39799331103679,0.5484949832775919,0.725752508361204,0
92.0,5.271739130434782,0.5652173913043478,0.8260869565217391,0
74.0,4.1891891891891895,0.32432432432432434,0.7972972972972973,0
101.0,5.03960396039604,0.37623762376237624,0.7326732673267327,0
156.0,4.814102564102564,0.47435897435897434,0.7948717948717948,0
89.0,5.123595505617978,0.4943820224719101,0.8089887640449438,0
136.0,5.242647058823529,0.5588235294117647,0.8235294117647058,0
39.0,5.0,0.4358974358974359,0.9487179487179487,0
95.0,5.010526315789473,0.3473684210526316,0.8105263157894737,0
36.0,6.055555555555555,0.4444444444444444,0.9722222222222222,0
376.0,5.034574468085107,0.6356382978723404,0.7287234042553191,0
18.0,6.833333333333333,0.6666666666666666,0.9444444444444444,0
70.0,5.6,0.5428571428571428,0.9,0
18.0,6.833333333333333,0.6666666666666666,0.9444444444444444,0
18.0,6.888888888888889,0.6666666666666666,0.9444444444444444,0
57.0,5.842105263157895,0.543859649122807,0.8771929824561403,0
35.0,5.885714285714286,0.6571428571428571,0.9714285714285714,0
140.0,4.942857142857143,0.5285714285714286,0.7642857142857142,0
18.0,6.5,0.6666666666666666,0.9444444444444444,0
51.0,5.549019607843137,0.6274509803921569,0.8627450980392157,0
159.0,5.213836477987422,0.4088050314465409,0.7735849056603774,0
73.0,5.63013698630137,0.5342465753424658,0.7534246575342466,0
189.0,4.91005291005291,0.36507936507936506,0.671957671957672,0
40.0,4.975,0.425,0.8,0
31.0,4.67741935483871,0.41935483870967744,0.8064516129032258,0
36.0,5.055555555555555,0.5,0.8055555555555556,0
51.0,5.019607843137255,0.47058823529411764,0.7843137254901961,0
177.0,5.112994350282486,0.4406779661016949,0.7570621468926554,0
332.0,4.945783132530121,0.5180722891566265,0.7018072289156626,0
149.0,5.10738255033557,0.4899328859060403,0.7919463087248322,0
226.0,5.1371681415929205,0.5309734513274337,0.7522123893805309,0
48.0,5.5,0.5208333333333334,0.8958333333333334,0
47.0,5.404255319148936,0.5957446808510638,0.723404255319149,0
267.0,5.127340823970037,0.5131086142322098,0.6853932584269663,0
128.0,5.0703125,0.6328125,0.828125,0
215.0,5.246511627906977,0.4744186046511628,0.7348837209302326,0
45.0,5.177777777777778,0.35555555555555557,0.7777777777777778,0
114.0,5.298245614035087,0.5701754385964912,0.8070175438596491,0
104.0,5.096153846153846,0.5961538461538461,0.8269230769230769,0
113.0,5.486725663716814,0.4424778761061947,0.7699115044247787,0
76.0,5.342105263157895,0.35526315789473684,0.6710526315789473,0
360.0,5.183333333333334,0.49722222222222223,0.6722222222222223,0
57.0,5.771929824561403,0.47368421052631576,0.9649122807017544,0
370.0,5.0675675675675675,0.518918918918919,0.7756756756756756,0
81.0,5.012345679012346,0.345679012345679,0.6419753086419753,0
207.0,5.164251207729468,0.45410628019323673,0.7053140096618358,0
102.0,5.235294117647059,0.5098039215686274,0.7745098039215687,0
337.0,4.816023738872404,0.37091988130563797,0.7091988130563798,0
61.0,4.278688524590164,0.3770491803278688,0.9344262295081968,0
215.0,4.972093023255814,0.4883720930232558,0.7395348837209302,0
149.0,5.268456375838926,0.4228187919463087,0.8791946308724832,0
110.0,5.218181818181818,0.41818181818181815,0.9,0
435.0,5.027586206896552,0.46436781609195404,0.5586206896551724,0
61.0,5.065573770491803,0.45901639344262296,0.7868852459016393,0
193.0,5.238341968911917,0.5803108808290155,0.8290155440414507,0
226.0,5.601769911504425,0.5398230088495575,0.6637168141592921,0
239.0,5.108786610878661,0.4476987447698745,0.7405857740585774,0
482.0,4.529045643153527,0.470954356846473,0.5663900414937759,0
256.0,5.0,0.65234375,0.79296875,0
142.0,5.288732394366197,0.6056338028169014,0.7746478873239436,0
151.0,5.112582781456954,0.7350993377483444,0.7218543046357616,0
80.0,4.4375,0.575,0.7625,0
316.0,4.768987341772152,0.5443037974683544,0.7120253164556962,0
256.0,5.35546875,0.71484375,0.78125,0
181.0,4.6464088397790055,0.5524861878453039,0.7734806629834254,0
83.0,4.855421686746988,0.6626506024096386,0.8313253012048193,0
143.0,5.027972027972028,0.5874125874125874,0.8041958041958042,0
152.0,5.2631578947368425,0.618421052631579,0.8486842105263158,0
294.0,5.129251700680272,0.5340136054421769,0.7278911564625851,0
221.0,5.090497737556561,0.5248868778280543,0.746606334841629,0
388.0,5.121134020618556,0.5515463917525774,0.6726804123711341,0
76.0,5.697368421052632,0.5,0.8157894736842105,0
161.0,4.968944099378882,0.43478260869565216,0.7950310559006211,0
171.0,5.0701754385964914,0.6081871345029239,0.7953216374269005,0
427.0,5.11943793911007,0.4168618266978923,0.585480093676815,0
16.0,4.5,0.625,0.9375,0
119.0,4.8655462184873945,0.4789915966386555,0.8403361344537815,0
210.0,5.0095238095238095,0.4857142857142857,0.7857142857142857,0
157.0,5.420382165605096,0.5732484076433121,0.7643312101910829,0
108.0,5.296296296296297,0.5277777777777778,0.7962962962962963,0
44.0,5.545454545454546,0.45454545454545453,0.75,0
111.0,5.315315315315315,0.5315315315315315,0.9099099099099099,0
249.0,4.843373493975903,0.4899598393574297,0.6706827309236948,0
62.0,4.967741935483871,0.5161290322580645,0.6451612903225806,0
459.0,4.644880174291939,0.477124183006536,0.5337690631808278,0
448.0,4.332589285714286,0.40625,0.5401785714285714,0
126.0,5.158730158730159,0.42857142857142855,0.7301587301587301,0
141.0,4.609929078014185,0.375886524822695,0.6879432624113475,0
188.0,4.781914893617022,0.5106382978723404,0.7021276595744681,0
186.0,4.645161290322581,0.5053763440860215,0.6559139784946236,0
190.0,4.905263157894737,0.5473684210526316,0.7947368421052632,0
53.0,4.39622641509434,0.4528301886792453,0.8867924528301887,0
40.0,5.575,0.475,0.85,0
15.0,5.133333333333334,0.4666666666666667,0.9333333333333333,0
101.0,4.326732673267327,0.45544554455445546,0.7425742574257426,0
2.0,6.0,0.5,1.0,0
254.0,4.7047244094488185,0.5039370078740157,0.6377952755905512,0
234.0,5.358974358974359,0.5470085470085471,0.6666666666666666,0
173.0,5.520231213872832,0.5491329479768786,0.8034682080924855,0
117.0,5.222222222222222,0.5897435897435898,0.8034188034188035,0
73.0,5.178082191780822,0.3698630136986301,0.821917808219178,0
307.0,4.957654723127036,0.511400651465798,0.6970684039087948,0
92.0,5.0978260869565215,0.5978260869565217,0.8369565217391305,0
325.0,5.203076923076923,0.556923076923077,0.6953846153846154,0
31.0,6.193548387096774,0.7096774193548387,1.0,0
108.0,6.175925925925926,0.6666666666666666,0.8148148148148148,0
109.0,4.63302752293578,0.5229357798165137,0.7798165137614679,0
211.0,5.265402843601896,0.4928909952606635,0.7109004739336493,0
92.0,4.956521739130435,0.5217391304347826,0.7608695652173914,0
168.0,4.880952380952381,0.44047619047619047,0.6904761904761905,0
241.0,5.149377593360996,0.5975103734439834,0.7053941908713693,0
27.0,5.0,0.4444444444444444,0.8518518518518519,0
157.0,5.171974522292993,0.5031847133757962,0.7770700636942676,0
452.0,4.831858407079646,0.5331858407079646,0.745575221238938,0
429.0,5.06993006993007,0.5174825174825175,0.5967365967365967,0
163.0,5.0,0.5337423312883436,0.7116564417177914,0
172.0,4.906976744186046,0.5406976744186046,0.7616279069767442,0
125.0,5.304,0.552,0.752,0
477.0,5.3081761006289305,0.4968553459119497,0.6729559748427673,0
133.0,4.7293233082706765,0.48120300751879697,0.6992481203007519,0
109.0,5.027522935779817,0.4036697247706422,0.7064220183486238,0
202.0,5.118811881188119,0.4801980198019802,0.7425742574257426,0
355.0,5.121126760563381,0.49014084507042255,0.7267605633802817,0
109.0,5.5504587155963305,0.5137614678899083,0.7614678899082569,0
412.0,5.009708737864078,0.5121359223300971,0.5412621359223301,0
73.0,4.958904109589041,0.4246575342465753,0.8082191780821918,0
451.0,4.953436807095343,0.6496674057649667,0.753880266075388,0
35.0,5.085714285714285,0.5714285714285714,0.8571428571428571,0
97.0,5.288659793814433,0.5257731958762887,0.7628865979381443,0
56.0,5.482142857142857,0.6071428571428571,0.8392857142857143,0
19.0,6.578947368421052,0.7368421052631579,0.8421052631578947,0
110.0,5.263636363636364,0.509090909090909,0.7909090909090909,0
74.0,4.864864864864865,0.5,0.8513513513513513,0
94.0,5.585106382978723,0.5638297872340425,0.9148936170212766,0
150.0,4.726666666666667,0.38666666666666666,0.44666666666666666,0
96.0,4.885416666666667,0.5729166666666666,0.75,0
123.0,5.040650406504065,0.4959349593495935,0.8211382113821138,0
83.0,4.506024096385542,0.3132530120481928,0.6506024096385542,0
246.0,5.260162601626016,0.4349593495934959,0.7073170731707317,0
241.0,4.854771784232365,0.5311203319502075,0.7883817427385892,0
244.0,4.881147540983607,0.5204918032786885,0.7213114754098361,0
73.0,5.36986301369863,0.547945205479452,0.8493150684931506,0
70.0,4.985714285714286,0.5,0.8285714285714286,0
65.0,5.338461538461538,0.4153846153846154,0.8461538461538461,0
180.0,5.222222222222222,0.49444444444444446,0.7388888888888889,0
97.0,5.154639175257732,0.5051546391752577,0.845360824742268,0
45.0,5.6,0.6222222222222222,0.8222222222222222,0
260.0,5.219230769230769,0.4346153846153846,0.7384615384615385,0
76.0,5.394736842105263,0.4868421052631579,0.868421052631579,0
63.0,5.396825396825397,0.5079365079365079,0.8888888888888888,0
25.0,5.88,0.4,1.0,0
93.0,5.043010752688172,0.5053763440860215,0.7526881720430108,0
212.0,5.419811320754717,0.6273584905660378,0.589622641509434,0
210.0,4.8428571428571425,0.47619047619047616,0.7238095238095238,0
296.0,4.976351351351352,0.4831081081081081,0.6790540540540541,0
46.0,6.456521739130435,0.5434782608695652,0.8913043478260869,0
102.0,5.088235294117647,0.46078431372549017,0.7450980392156863,0
87.0,4.942528735632184,0.6206896551724138,0.8850574712643678,0
304.0,4.9769736842105265,0.5493421052631579,0.7039473684210527,0
377.0,4.843501326259947,0.5172413793103449,0.7161803713527851,0
111.0,4.783783783783784,0.4864864864864865,0.7657657657657657,0
62.0,5.306451612903226,0.532258064516129,0.9032258064516129,0
53.0,5.283018867924528,0.4528301886792453,0.7547169811320755,0
89.0,5.46067415730337,0.47191011235955055,0.7640449438202247,0
373.0,4.557640750670242,0.5335120643431636,0.6595174262734584,0
252.0,5.0436507936507935,0.5674603174603174,0.8253968253968254,0
42.0,5.0,0.47619047619047616,0.8333333333333334,0
86.0,4.906976744186046,0.686046511627907,0.686046511627907,0
271.0,4.970479704797048,0.5756457564575646,0.7712177121771218,0
218.0,5.110091743119266,0.5091743119266054,0.7110091743119266,0
451.0,5.41019955654102,0.5011086474501109,0.6053215077605322,0
161.0,5.521739130434782,0.4720496894409938,0.7639751552795031,0
443.0,5.072234762979684,0.48758465011286684,0.6320541760722348,0
157.0,4.503184713375796,0.5159235668789809,0.7070063694267515,0
170.0,5.141176470588236,0.5176470588235295,0.7294117647058823,0
235.0,5.246808510638298,0.548936170212766,0.7021276595744681,0
412.0,4.621359223300971,0.4684466019417476,0.6941747572815534,0
235.0,4.987234042553191,0.4978723404255319,0.7063829787234043,0
367.0,4.926430517711172,0.45776566757493187,0.6866485013623979,0
190.0,4.973684210526316,0.43157894736842106,0.7526315789473684,0
108.0,5.388888888888889,0.5,0.8796296296296297,0
89.0,4.674157303370786,0.6629213483146067,0.7415730337078652,0
42.0,4.9523809523809526,0.5238095238095238,0.9047619047619048,0
174.0,4.873563218390805,0.6379310344827587,0.5229885057471264,0
193.0,4.461139896373057,0.49222797927461137,0.689119170984456,0
461.0,5.030368763557484,0.5162689804772235,0.6507592190889371,0
108.0,5.638888888888889,0.49074074074074076,0.5925925925925926,0
63.0,5.857142857142857,0.36507936507936506,0.7301587301587301,0
340.0,4.632352941176471,0.40588235294117647,0.6764705882352942,0
190.0,5.042105263157895,0.5473684210526316,0.7052631578947368,0
94.0,4.51063829787234,0.5,0.723404255319149,0
428.0,4.957943925233645,0.5327102803738317,0.6799065420560748,0
220.0,5.095454545454546,0.38181818181818183,0.7181818181818181,0
96.0,4.520833333333333,0.4895833333333333,0.7291666666666666,0
17.0,5.0,0.35294117647058826,0.9411764705882353,0
366.0,4.691256830601093,0.4781420765027322,0.546448087431694,0
112.0,4.678571428571429,0.5,0.8571428571428571,0
312.0,4.871794871794871,0.49038461538461536,0.7596153846153846,0
362.0,4.820441988950276,0.42265193370165743,0.6132596685082873,0
216.0,4.898148148148148,0.4398148148148148,0.5787037037037037,0
197.0,4.619289340101523,0.3756345177664975,0.6548223350253807,0
218.0,4.674311926605505,0.5229357798165137,0.7752293577981652,0
165.0,5.224242424242425,0.5212121212121212,0.7151515151515152,0
259.0,4.6061776061776065,0.525096525096525,0.7799227799227799,0
217.0,4.52073732718894,0.5069124423963134,0.7096774193548387,0
471.0,5.707006369426751,0.732484076433121,0.6666666666666666,0
195.0,4.430769230769231,0.47692307692307695,0.6461538461538462,0
282.0,4.50709219858156,0.49645390070921985,0.6773049645390071,0
127.0,5.062992125984252,0.4409448818897638,0.6614173228346457,0
468.0,4.797008547008547,0.5576923076923077,0.7136752136752137,0
473.0,4.976744186046512,0.5010570824524313,0.5898520084566596,0
179.0,4.899441340782123,0.5865921787709497,0.770949720670391,0
130.0,4.884615384615385,0.5538461538461539,0.7923076923076923,0
311.0,5.205787781350482,0.5048231511254019,0.7106109324758842,0
113.0,5.061946902654867,0.40707964601769914,0.8584070796460177,0
247.0,5.368421052631579,0.5870445344129555,0.6234817813765182,0
65.0,4.707692307692308,0.46153846153846156,0.8307692307692308,0
254.0,4.964566929133858,0.4015748031496063,0.6692913385826772,0
127.0,5.322834645669292,0.5984251968503937,0.8110236220472441,0
358.0,5.231843575418995,0.5391061452513967,0.664804469273743,0
84.0,5.666666666666667,0.5476190476190477,0.8214285714285714,0
91.0,5.0989010989010985,0.45054945054945056,0.8791208791208791,0
142.0,4.943661971830986,0.5422535211267606,0.7464788732394366,0
120.0,5.025,0.5166666666666667,0.8166666666666667,0
298.0,5.345637583892618,0.5771812080536913,0.7348993288590604,0
194.0,4.670103092783505,0.4845360824742268,0.5979381443298969,0
307.0,5.026058631921824,0.5374592833876222,0.7361563517915309,0
477.0,4.7756813417190775,0.4863731656184486,0.6436058700209644,0
53.0,4.773584905660377,0.6415094339622641,0.9056603773584906,0
53.0,4.90566037735849,0.660377358490566,0.7735849056603774,0
138.0,4.7898550724637685,0.5,0.855072463768116,0
440.0,5.209090909090909,0.5295454545454545,0.6386363636363637,0
71.0,5.535211267605634,0.49295774647887325,0.9154929577464789,0
156.0,5.083333333333333,0.48717948717948717,0.7628205128205128,0
208.0,4.884615384615385,0.49038461538461536,0.6971153846153846,0
199.0,5.1206030150753765,0.4472361809045226,0.7336683417085427,0
30.0,5.333333333333333,0.6,0.8333333333333334,0
184.0,5.554347826086956,0.483695652173913,0.6195652173913043,0
459.0,4.880174291938998,0.4553376906318083,0.6993464052287581,0
133.0,5.293233082706767,0.556390977443609,0.7969924812030075,0
421.0,5.344418052256532,0.4845605700712589,0.7624703087885986,0
366.0,4.781420765027322,0.3770491803278688,0.6475409836065574,0
74.0,4.756756756756757,0.44594594594594594,0.7702702702702703,0
388.0,4.86340206185567,0.422680412371134,0.7061855670103093,0
314.0,4.914012738853503,0.5509554140127388,0.7420382165605095,0
241.0,4.755186721991701,0.6016597510373444,0.7053941908713693,0
189.0,4.703703703703703,0.42328042328042326,0.7513227513227513,0
134.0,5.343283582089552,0.5373134328358209,0.7910447761194029,0
153.0,4.620915032679738,0.41830065359477125,0.7450980392156863,0
211.0,4.492890995260663,0.4028436018957346,0.5924170616113744,0
82.0,4.402439024390244,0.36585365853658536,0.7682926829268293,0
299.0,4.765886287625418,0.46153846153846156,0.6521739130434783,0
276.0,4.663043478260869,0.5652173913043478,0.7065217391304348,0
184.0,5.163043478260869,0.5,0.6793478260869565,0
53.0,4.962264150943396,0.5283018867924528,0.9056603773584906,0
96.0,4.78125,0.5833333333333334,0.7291666666666666,0
113.0,4.672566371681416,0.3893805309734513,0.8230088495575221,0
103.0,5.553398058252427,0.5339805825242718,0.7475728155339806,0
236.0,5.326271186440678,0.5296610169491526,0.673728813559322,0
153.0,4.6797385620915035,0.49019607843137253,0.7647058823529411,0
92.0,5.336956521739131,0.532608695652174,0.8043478260869565,0
139.0,5.302158273381295,0.48201438848920863,0.7913669064748201,0
144.0,5.208333333333333,0.5416666666666666,0.8125,0
100.0,5.37,0.6,0.86,0
186.0,5.618279569892473,0.5645161290322581,0.8010752688172043,0
53.0,4.3584905660377355,0.32075471698113206,0.7924528301886793,0
27.0,5.666666666666667,0.6666666666666666,0.9259259259259259,0
260.0,5.334615384615384,0.5423076923076923,0.6307692307692307,0
232.0,5.012931034482759,0.4396551724137931,0.6163793103448276,0
49.0,5.204081632653061,0.4489795918367347,0.8979591836734694,0
60.0,4.85,0.38333333333333336,0.85,0
13.0,6.6923076923076925,0.8461538461538461,1.0,0
237.0,5.194092827004219,0.4978902953586498,0.7552742616033755,0
294.0,4.993197278911564,0.48299319727891155,0.7278911564625851,0
223.0,4.856502242152466,0.5246636771300448,0.6322869955156951,0
262.0,4.320610687022901,0.4083969465648855,0.6641221374045801,0
139.0,5.776978417266187,0.460431654676259,0.5251798561151079,0
94.0,5.382978723404255,0.40425531914893614,0.5212765957446809,0
256.0,5.34765625,0.44921875,0.390625,0
55.0,5.236363636363636,0.45454545454545453,0.9090909090909091,0
366.0,5.136612021857924,0.5491803278688525,0.6885245901639344,0
145.0,5.082758620689655,0.4827586206896552,0.8137931034482758,0
366.0,4.7650273224043715,0.43169398907103823,0.7295081967213115,0
399.0,5.238095238095238,0.48120300751879697,0.6441102756892231,0
373.0,5.281501340482574,0.45308310991957107,0.6487935656836461,0
97.0,5.360824742268041,0.5154639175257731,0.6494845360824743,0
117.0,4.615384615384615,0.4358974358974359,0.5470085470085471,0
125.0,5.24,0.52,0.808,0
269.0,4.687732342007435,0.5539033457249071,0.6468401486988847,0
375.0,5.149333333333334,0.6026666666666667,0.5973333333333334,0
114.0,5.912280701754386,0.6140350877192983,0.6842105263157895,0
86.0,5.569767441860465,0.6395348837209303,0.8837209302325582,0
125.0,5.552,0.552,0.784,0
114.0,5.508771929824562,0.5263157894736842,0.7017543859649122,0
50.0,5.64,0.48,0.86,0
79.0,5.3164556962025316,0.4810126582278481,0.8481012658227848,0
179.0,5.122905027932961,0.46368715083798884,0.7597765363128491,0
72.0,5.166666666666667,0.5,0.7083333333333334,0
114.0,5.342105263157895,0.5526315789473685,0.8245614035087719,0
89.0,5.179775280898877,0.5280898876404494,0.8764044943820225,0
291.0,4.711340206185567,0.4536082474226804,0.6254295532646048,0
168.0,5.619047619047619,0.5119047619047619,0.7857142857142857,0
195.0,5.292307692307692,0.6256410256410256,0.717948717948718,0
46.0,5.021739130434782,0.5,0.8913043478260869,0
180.0,4.983333333333333,0.4222222222222222,0.8,0
266.0,5.120300751879699,0.47368421052631576,0.7255639097744361,0
276.0,5.144927536231884,0.5471014492753623,0.7391304347826086,0
79.0,5.455696202531645,0.4810126582278481,0.7721518987341772,0
286.0,4.713286713286713,0.5174825174825175,0.6748251748251748,0
92.0,4.9021739130434785,0.5217391304347826,0.7717391304347826,0
114.0,4.666666666666667,0.5175438596491229,0.7631578947368421,0
35.0,4.771428571428571,0.45714285714285713,1.0,0
140.0,5.214285714285714,0.4642857142857143,0.8428571428571429,0
64.0,5.28125,0.578125,0.9375,0
261.0,4.881226053639847,0.4444444444444444,0.7547892720306514,0
169.0,4.165680473372781,0.5443786982248521,0.6627218934911243,0
176.0,4.607954545454546,0.45454545454545453,0.6988636363636364,0
182.0,5.489010989010989,0.5274725274725275,0.8241758241758241,0
105.0,5.0285714285714285,0.5238095238095238,0.6666666666666666,0
347.0,4.763688760806916,0.5043227665706052,0.6195965417867435,0
143.0,5.062937062937063,0.5314685314685315,0.7062937062937062,0
87.0,5.551724137931035,0.45977011494252873,0.7701149425287356,0
322.0,5.037267080745342,0.5434782608695652,0.6242236024844721,0
17.0,5.647058823529412,0.47058823529411764,0.8823529411764706,0
299.0,4.471571906354515,0.3779264214046823,0.5719063545150501,0
148.0,4.533783783783784,0.43243243243243246,0.777027027027027,0
246.0,4.654471544715447,0.43902439024390244,0.6707317073170732,0
291.0,5.329896907216495,0.6391752577319587,0.711340206185567,0
72.0,5.166666666666667,0.5416666666666666,0.6666666666666666,0
132.0,5.7272727272727275,0.5606060606060606,0.6666666666666666,0
34.0,5.029411764705882,0.6176470588235294,0.7647058823529411,0
209.0,4.77511961722488,0.4449760765550239,0.7272727272727273,0
165.0,5.381818181818182,0.6242424242424243,0.6666666666666666,0
45.0,5.355555555555555,0.37777777777777777,0.9555555555555556,0
91.0,4.912087912087912,0.31868131868131866,0.8351648351648352,0
60.0,4.833333333333333,0.2833333333333333,0.8166666666666667,0
64.0,4.6875,0.40625,0.78125,0
35.0,5.371428571428571,0.3142857142857143,0.9142857142857143,0
164.0,5.054878048780488,0.5304878048780488,0.7804878048780488,0
48.0,4.791666666666667,0.4375,0.9166666666666666,0
97.0,4.989690721649485,0.4948453608247423,0.7938144329896907,0
53.0,5.39622641509434,0.41509433962264153,0.9056603773584906,0
153.0,5.045751633986928,0.477124183006536,0.7058823529411765,0
98.0,5.23469387755102,0.5204081632653061,0.8775510204081632,0
467.0,5.233404710920771,0.5246252676659529,0.6445396145610278,0
80.0,4.5625,0.5375,0.7875,0
274.0,4.569343065693431,0.48175182481751827,0.6897810218978102,0
410.0,4.904878048780488,0.47073170731707314,0.6829268292682927,0
335.0,5.149253731343284,0.4835820895522388,0.7134328358208956,0
121.0,4.793388429752066,0.4628099173553719,0.8264462809917356,0
62.0,4.403225806451613,0.4838709677419355,0.7580645161290323,0
132.0,5.0,0.4318181818181818,0.7727272727272727,0
39.0,5.538461538461538,0.41025641025641024,0.8461538461538461,0
484.0,5.117768595041323,0.5,0.71900826446281,0
314.0,5.3630573248407645,0.4872611464968153,0.697452229299363,0
60.0,4.166666666666667,0.4666666666666667,0.75,0
290.0,5.162068965517242,0.5448275862068965,0.7586206896551724,0
116.0,5.206896551724138,0.46551724137931033,0.7758620689655172,0
218.0,5.073394495412844,0.5458715596330275,0.7981651376146789,0
205.0,4.907317073170732,0.34146341463414637,0.6878048780487804,0
8.0,4.625,0.375,1.0,0
79.0,5.012658227848101,0.6075949367088608,0.8607594936708861,0
12.0,4.416666666666667,0.9166666666666666,0.6666666666666666,0
103.0,4.786407766990291,0.5533980582524272,0.8349514563106796,0
266.0,4.834586466165414,0.42105263157894735,0.6052631578947368,0
274.0,4.755474452554744,0.5182481751824818,0.656934306569343,0
457.0,5.288840262582057,0.5404814004376368,0.6739606126914661,0
130.0,4.230769230769231,0.46923076923076923,0.8076923076923077,0
372.0,4.67741935483871,0.48118279569892475,0.7365591397849462,0
60.0,5.45,0.65,0.8666666666666667,0
389.0,4.827763496143959,0.4832904884318766,0.7429305912596401,0
78.0,5.17948717948718,0.6025641025641025,0.7564102564102564,0
111.0,5.081081081081081,0.44144144144144143,0.7837837837837838,0
119.0,4.815126050420168,0.5042016806722689,0.6890756302521008,0
209.0,5.119617224880383,0.45454545454545453,0.7655502392344498,0
256.0,5.09765625,0.4453125,0.6796875,0
39.0,4.82051282051282,0.28205128205128205,0.8205128205128205,0
22.0,4.636363636363637,0.3181818181818182,0.7727272727272727,0
24.0,5.333333333333333,0.2916666666666667,0.875,0
66.0,4.454545454545454,0.45454545454545453,0.7727272727272727,0
93.0,5.021505376344086,0.5161290322580645,0.7526881720430108,0
32.0,5.1875,0.46875,0.9375,0
44.0,4.954545454545454,0.4318181818181818,0.8181818181818182,0
52.0,4.923076923076923,0.4807692307692308,0.7307692307692307,0
44.0,5.136363636363637,0.36363636363636365,0.9090909090909091,0
42.0,4.976190476190476,0.3333333333333333,0.6666666666666666,0
26.0,5.5,0.2692307692307692,0.8461538461538461,0
46.0,5.239130434782608,0.45652173913043476,0.41304347826086957,0
91.0,4.802197802197802,0.5054945054945055,0.7142857142857143,0
113.0,4.68141592920354,0.46017699115044247,0.7079646017699115,0
67.0,4.925373134328358,0.44776119402985076,0.8208955223880597,0
82.0,5.2439024390243905,0.524390243902439,0.7317073170731707,0
261.0,4.904214559386973,0.5402298850574713,0.7011494252873564,0
88.0,5.431818181818182,0.5568181818181818,0.8409090909090909,0
276.0,5.090579710144928,0.5652173913043478,0.7681159420289855,0
115.0,4.895652173913043,0.5565217391304348,0.7304347826086957,0
337.0,5.213649851632048,0.5489614243323442,0.5014836795252225,0
178.0,4.98876404494382,0.5730337078651685,0.6404494382022472,0
39.0,5.17948717948718,0.6153846153846154,0.8717948717948718,0
98.0,4.571428571428571,0.4489795918367347,0.7857142857142857,0
35.0,4.857142857142857,0.5428571428571428,0.9142857142857143,0
83.0,4.843373493975903,0.6265060240963856,0.7590361445783133,0
114.0,5.0964912280701755,0.5350877192982456,0.8245614035087719,0
247.0,5.230769230769231,0.757085020242915,0.8866396761133604,0
405.0,5.693827160493827,0.691358024691358,0.6641975308641975,0
219.0,4.757990867579909,0.5251141552511416,0.589041095890411,0
31.0,5.741935483870968,0.6129032258064516,0.9032258064516129,0
44.0,5.2727272727272725,0.6363636363636364,0.8181818181818182,0
36.0,5.083333333333333,0.5,0.9166666666666666,0
89.0,4.786516853932584,0.5056179775280899,0.7640449438202247,0
394.0,4.619289340101523,0.4720812182741117,0.5456852791878173,0
140.0,4.928571428571429,0.5214285714285715,0.7428571428571429,0
442.0,4.493212669683258,0.583710407239819,0.5769230769230769,0
387.0,4.594315245478036,0.49870801033591733,0.7080103359173127,0
38.0,5.2368421052631575,0.6842105263157895,0.9473684210526315,0
91.0,5.516483516483516,0.6593406593406593,0.7142857142857143,0
47.0,4.404255319148936,0.44680851063829785,0.8085106382978723,0
141.0,5.070921985815603,0.5460992907801419,0.6382978723404256,0
322.0,4.77639751552795,0.468944099378882,0.6925465838509317,0
305.0,5.029508196721311,0.5540983606557377,0.6262295081967213,0
400.0,4.915,0.515,0.6075,0
30.0,4.533333333333333,0.43333333333333335,0.9333333333333333,0
152.0,4.927631578947368,0.4407894736842105,0.743421052631579,0
217.0,4.7373271889400925,0.5161290322580645,0.6359447004608295,0
85.0,4.635294117647059,0.6,0.788235294117647,0
137.0,4.905109489051095,0.5912408759124088,0.8394160583941606,0
50.0,4.96,0.52,0.86,0
196.0,5.454081632653061,0.6530612244897959,0.7806122448979592,0
203.0,4.911330049261084,0.5123152709359606,0.6798029556650246,0
443.0,4.830699774266366,0.5688487584650113,0.6681715575620768,0
394.0,5.129441624365482,0.4796954314720812,0.6522842639593909,0
319.0,4.836990595611285,0.6175548589341693,0.7398119122257053,0
354.0,4.646892655367232,0.596045197740113,0.655367231638418,0
37.0,4.081081081081081,0.6486486486486487,0.918918918918919,0
255.0,4.96078431372549,0.5333333333333333,0.596078431372549,0
96.0,4.229166666666667,0.2916666666666667,0.6770833333333334,0
387.0,5.3824289405684755,0.537467700258398,0.6304909560723514,0
178.0,5.258426966292135,0.5674157303370787,0.7247191011235955,0
118.0,4.991525423728813,0.4661016949152542,0.8050847457627118,0
42.0,5.380952380952381,0.5476190476190477,0.8571428571428571,0
21.0,5.333333333333333,0.5238095238095238,0.9047619047619048,0
111.0,5.243243243243243,0.4864864864864865,0.6576576576576577,0
99.0,4.878787878787879,0.5151515151515151,0.8181818181818182,0
218.0,5.665137614678899,0.6055045871559633,0.7798165137614679,0
25.0,5.24,0.4,0.96,0
32.0,4.71875,0.5,0.90625,0
152.0,4.868421052631579,0.48026315789473684,0.756578947368421,0
29.0,4.689655172413793,0.4827586206896552,0.9655172413793104,0
68.0,5.161764705882353,0.47058823529411764,0.7794117647058824,0
143.0,4.9020979020979025,0.6013986013986014,0.7902097902097902,0
435.0,4.751724137931035,0.5402298850574713,0.5471264367816092,0
16.0,4.5625,0.625,0.875,0
438.0,4.80365296803653,0.4474885844748858,0.6963470319634704,0
142.0,4.76056338028169,0.4225352112676056,0.6830985915492958,0
56.0,6.285714285714286,0.6785714285714286,0.6964285714285714,0
85.0,4.764705882352941,0.3411764705882353,0.8,0
227.0,4.814977973568282,0.4801762114537445,0.8061674008810573,0
27.0,4.407407407407407,0.5185185185185185,0.9259259259259259,0
75.0,5.533333333333333,0.6133333333333333,0.8533333333333334,0
266.0,4.87593984962406,0.6203007518796992,0.7105263157894737,0
182.0,5.351648351648351,0.5164835164835165,0.7032967032967034,0
35.0,5.3428571428571425,0.4857142857142857,0.7714285714285715,0
45.0,5.866666666666666,0.5333333333333333,0.8222222222222222,0
57.0,4.964912280701754,0.5087719298245614,0.8947368421052632,0
27.0,5.333333333333333,0.6296296296296297,0.8888888888888888,0
111.0,5.027027027027027,0.6036036036036037,0.7117117117117117,0
125.0,4.976,0.536,0.576,0
153.0,4.869281045751634,0.49673202614379086,0.7647058823529411,0
29.0,4.862068965517241,0.7241379310344828,0.9655172413793104,0
55.0,4.127272727272727,0.4727272727272727,0.8,0
256.0,5.46875,0.46875,0.69921875,0
216.0,4.972222222222222,0.49074074074074076,0.7407407407407407,0
361.0,4.750692520775623,0.43490304709141275,0.7451523545706371,0
62.0,4.741935483870968,0.3225806451612903,0.6935483870967742,0
388.0,4.688144329896907,0.5541237113402062,0.6030927835051546,0
295.0,4.7016949152542376,0.45084745762711864,0.5457627118644067,0
355.0,4.676056338028169,0.4507042253521127,0.5887323943661972,0
148.0,4.6891891891891895,0.40540540540540543,0.7837837837837838,0
356.0,4.859550561797753,0.5561797752808989,0.5898876404494382,0
45.0,4.933333333333334,0.4,0.7555555555555555,0
81.0,4.666666666666667,0.5432098765432098,0.7901234567901234,0
164.0,5.048780487804878,0.4451219512195122,0.7317073170731707,0
74.0,5.486486486486487,0.4864864864864865,0.8378378378378378,0
46.0,5.195652173913044,0.5652173913043478,0.8260869565217391,0
52.0,5.269230769230769,0.6730769230769231,0.75,0
121.0,5.983471074380165,0.5702479338842975,0.8429752066115702,0
66.0,5.196969696969697,0.4696969696969697,0.8939393939393939,0
351.0,5.119658119658119,0.48148148148148145,0.7150997150997151,0
4.0,4.25,1.0,1.0,0
129.0,4.9689922480620154,0.4496124031007752,0.689922480620155,0
91.0,4.835164835164835,0.4175824175824176,0.8791208791208791,0
178.0,5.089887640449438,0.550561797752809,0.8426966292134831,0
83.0,4.807228915662651,0.5180722891566265,0.8192771084337349,0
101.0,4.9405940594059405,0.42574257425742573,0.7821782178217822,0
40.0,5.225,0.475,0.95,0
55.0,5.2,0.4909090909090909,0.7636363636363637,0
132.0,5.545454545454546,0.4015151515151515,0.8409090909090909,0
66.0,5.681818181818182,0.45454545454545453,0.7878787878787878,0
129.0,4.953488372093023,0.4263565891472868,0.8062015503875969,0
53.0,5.018867924528302,0.41509433962264153,0.9245283018867925,0
85.0,4.858823529411764,0.4470588235294118,0.8705882352941177,0
37.0,4.972972972972973,0.32432432432432434,0.8378378378378378,0
62.0,4.129032258064516,0.4032258064516129,0.7741935483870968,0
163.0,4.938650306748467,0.49693251533742333,0.7300613496932515,0
198.0,5.1313131313131315,0.5202020202020202,0.7626262626262627,0
92.0,5.054347826086956,0.5,0.8152173913043478,0
51.0,5.196078431372549,0.4117647058823529,0.803921568627451,0
120.0,4.866666666666666,0.48333333333333334,0.6583333333333333,0
155.0,4.858064516129033,0.4258064516129032,0.7096774193548387,0
42.0,4.785714285714286,0.4523809523809524,0.7380952380952381,0
213.0,5.065727699530516,0.6619718309859155,0.6338028169014085,0
392.0,4.607142857142857,0.4642857142857143,0.7142857142857143,0
270.0,5.222222222222222,0.42592592592592593,0.7074074074074074,0
40.0,4.55,0.375,0.8,0
71.0,4.676056338028169,0.23943661971830985,0.5070422535211268,0
165.0,5.0,0.42424242424242425,0.7151515151515152,0
300.0,4.81,0.4266666666666667,0.66,0
463.0,4.85097192224622,0.4298056155507559,0.6565874730021598,0
54.0,5.055555555555555,0.3888888888888889,0.8703703703703703,0
316.0,5.14873417721519,0.5253164556962026,0.7088607594936709,0
33.0,5.0,0.45454545454545453,0.9393939393939394,0
59.0,4.9491525423728815,0.3559322033898305,0.9322033898305084,0
197.0,4.289340101522843,0.49238578680203043,0.7309644670050761,0
278.0,4.093525179856115,0.4460431654676259,0.5899280575539568,0
171.0,4.3391812865497075,0.47368421052631576,0.7719298245614035,0
63.0,4.714285714285714,0.4603174603174603,0.8571428571428571,0
346.0,4.161849710982659,0.41329479768786126,0.5953757225433526,0
44.0,4.818181818181818,0.5,0.7727272727272727,0
166.0,4.63855421686747,0.5542168674698795,0.7469879518072289,0
365.0,4.632876712328767,0.4465753424657534,0.6575342465753424,0
406.0,3.9852216748768474,0.4408866995073892,0.5073891625615764,0
309.0,4.252427184466019,0.5016181229773463,0.6990291262135923,0
221.0,4.864253393665158,0.46153846153846156,0.7194570135746606,0
120.0,5.433333333333334,0.525,0.8916666666666667,0
122.0,5.204918032786885,0.4098360655737705,0.7704918032786885,0
176.0,5.017045454545454,0.4715909090909091,0.7840909090909091,0
151.0,4.7947019867549665,0.47019867549668876,0.6887417218543046,0
180.0,4.883333333333334,0.5166666666666667,0.7166666666666667,0
176.0,4.909090909090909,0.4772727272727273,0.8068181818181818,0
296.0,5.033783783783784,0.49324324324324326,0.7567567567567568,0
107.0,5.177570093457944,0.5327102803738317,0.719626168224299,0
98.0,5.438775510204081,0.5102040816326531,0.8571428571428571,0
89.0,5.595505617977528,0.3707865168539326,0.8764044943820225,0
245.0,4.873469387755102,0.5020408163265306,0.7959183673469388,0
210.0,5.0285714285714285,0.5380952380952381,0.7761904761904762,0
127.0,4.858267716535433,0.3858267716535433,0.8188976377952756,0
238.0,5.025210084033613,0.5042016806722689,0.7563025210084033,0
195.0,5.066666666666666,0.5333333333333333,0.6410256410256411,0
465.0,5.21505376344086,0.45376344086021503,0.6236559139784946,0
43.0,5.372093023255814,0.4418604651162791,0.7906976744186046,0
442.0,5.253393665158371,0.5316742081447964,0.7013574660633484,0
136.0,5.242647058823529,0.5147058823529411,0.625,0
335.0,4.48955223880597,0.39104477611940297,0.6985074626865672,0
335.0,4.546268656716418,0.382089552238806,0.5970149253731343,0
151.0,5.516556291390729,0.5298013245033113,0.6357615894039735,0
444.0,5.085585585585585,0.4527027027027027,0.5990990990990991,0
194.0,5.139175257731959,0.5670103092783505,0.8144329896907216,0
220.0,5.0,0.509090909090909,0.6727272727272727,0
42.0,4.857142857142857,0.40476190476190477,0.8571428571428571,0
99.0,6.424242424242424,0.7474747474747475,0.6262626262626263,0
180.0,5.433333333333334,0.5277777777777778,0.7722222222222223,0
257.0,4.517509727626459,0.3424124513618677,0.5836575875486382,0
361.0,5.022160664819944,0.5290858725761773,0.7562326869806094,0
78.0,5.423076923076923,0.41025641025641024,0.7692307692307693,0
163.0,5.368098159509202,0.5766871165644172,0.7361963190184049,0
449.0,5.020044543429844,0.49443207126948774,0.5723830734966593,0
13.0,4.846153846153846,0.38461538461538464,0.7692307692307693,0
488.0,5.311475409836065,0.4692622950819672,0.6700819672131147,0
244.0,4.741803278688525,0.48770491803278687,0.75,0
286.0,5.073426573426573,0.5244755244755245,0.7027972027972028,0
453.0,4.867549668874172,0.5121412803532008,0.7373068432671082,0
402.0,4.7711442786069655,0.5373134328358209,0.7114427860696517,0
354.0,4.889830508474576,0.5310734463276836,0.751412429378531,0
369.0,4.967479674796748,0.5745257452574526,0.7479674796747967,0
281.0,4.782918149466192,0.5231316725978647,0.597864768683274,0
155.0,5.077419354838709,0.5419354838709678,0.8580645161290322,0
414.0,4.280193236714976,0.3961352657004831,0.6618357487922706,0
241.0,5.04149377593361,0.46473029045643155,0.7551867219917012,0
435.0,4.880459770114943,0.4781609195402299,0.6091954022988506,0
45.0,5.222222222222222,0.6666666666666666,0.6444444444444445,0
67.0,5.417910447761194,0.5223880597014925,0.8507462686567164,0
47.0,5.340425531914893,0.5106382978723404,0.9361702127659575,0
124.0,5.137096774193548,0.5241935483870968,0.782258064516129,0
54.0,5.0,0.3888888888888889,0.8518518518518519,0
159.0,5.679245283018868,0.559748427672956,0.710691823899371,0
202.0,5.262376237623762,0.5396039603960396,0.7277227722772277,0
438.0,5.0,0.4611872146118721,0.54337899543379,0
116.0,4.870689655172414,0.47413793103448276,0.6724137931034483,0
173.0,5.115606936416185,0.5491329479768786,0.6473988439306358,0
84.0,4.940476190476191,0.6071428571428571,0.7738095238095238,0
63.0,5.111111111111111,0.3968253968253968,0.7142857142857143,0
105.0,5.447619047619048,0.4666666666666667,0.4857142857142857,0
61.0,5.573770491803279,0.6885245901639344,0.7868852459016393,0
205.0,4.673170731707317,0.5121951219512195,0.7073170731707317,0
186.0,5.258064516129032,0.5376344086021505,0.7419354838709677,0
129.0,4.682170542635659,0.46511627906976744,0.6976744186046512,0
345.0,4.51304347826087,0.4057971014492754,0.6376811594202898,0
208.0,4.778846153846154,0.4807692307692308,0.7115384615384616,0
282.0,4.574468085106383,0.4148936170212766,0.6666666666666666,0
133.0,4.947368421052632,0.5112781954887218,0.6466165413533834,0
28.0,5.928571428571429,0.6785714285714286,0.9642857142857143,0
260.0,5.561538461538461,0.5230769230769231,0.7115384615384616,0
104.0,5.596153846153846,0.5480769230769231,0.6730769230769231,0
268.0,5.5,0.48507462686567165,0.5634328358208955,0
151.0,5.71523178807947,0.45695364238410596,0.6556291390728477,0
69.0,5.913043478260869,0.6956521739130435,0.855072463768116,0
32.0,6.0625,0.625,0.9375,0
12.0,4.833333333333333,0.8333333333333334,0.8333333333333334,0
164.0,4.902439024390244,0.4817073170731707,0.8292682926829268,0
85.0,5.2823529411764705,0.5764705882352941,0.8941176470588236,0
60.0,5.05,0.5666666666666667,0.7166666666666667,0
346.0,5.213872832369942,0.49710982658959535,0.6329479768786127,0
80.0,5.1,0.425,0.6875,0
32.0,4.375,0.5,0.84375,0
83.0,4.325301204819277,0.4457831325301205,0.6144578313253012,0
11.0,4.818181818181818,0.7272727272727273,0.6363636363636364,0
24.0,4.75,0.5,0.875,0
77.0,4.246753246753247,0.35064935064935066,0.5714285714285714,0
49.0,4.530612244897959,0.2857142857142857,0.8163265306122449,0
171.0,4.760233918128655,0.49707602339181284,0.7543859649122807,0
163.0,4.558282208588957,0.3803680981595092,0.6441717791411042,0
219.0,4.949771689497717,0.4977168949771689,0.7351598173515982,0
188.0,5.031914893617022,0.4574468085106383,0.7712765957446809,0
432.0,4.824074074074074,0.5046296296296297,0.6689814814814815,0
47.0,6.085106382978723,0.6808510638297872,0.7659574468085106,0
92.0,5.282608695652174,0.6086956521739131,0.8152173913043478,0
217.0,4.119815668202765,0.4423963133640553,0.728110599078341,0
182.0,5.258241758241758,0.45054945054945056,0.6538461538461539,0
228.0,5.065789473684211,0.42105263157894735,0.6798245614035088,0
394.0,4.928934010152284,0.5203045685279187,0.700507614213198,0
173.0,4.699421965317919,0.5317919075144508,0.7687861271676301,0
70.0,5.328571428571428,0.4142857142857143,0.7571428571428571,0
82.0,4.402439024390244,0.5487804878048781,0.8170731707317073,0
198.0,4.555555555555555,0.40404040404040403,0.6868686868686869,0
102.0,4.892156862745098,0.45098039215686275,0.5196078431372549,0
197.0,4.9238578680203045,0.5025380710659898,0.6852791878172588,0
415.0,5.1493975903614455,0.6024096385542169,0.727710843373494,0
379.0,4.324538258575198,0.45910290237467016,0.662269129287599,0
451.0,4.472283813747229,0.4279379157427938,0.6008869179600886,0
13.0,5.3076923076923075,0.6153846153846154,1.0,0
483.0,4.6853002070393375,0.556935817805383,0.722567287784679,0
451.0,3.940133037694013,0.37028824833702884,0.5476718403547672,0
294.0,4.465986394557823,0.4217687074829932,0.6598639455782312,0
445.0,5.442696629213483,0.5415730337078651,0.6202247191011236,0
219.0,5.666666666666667,0.3926940639269406,0.771689497716895,0
121.0,4.305785123966942,0.38016528925619836,0.7272727272727273,0
168.0,4.517857142857143,0.47619047619047616,0.7797619047619048,0
261.0,5.206896551724138,0.46360153256704983,0.7241379310344828,0
154.0,4.194805194805195,0.35714285714285715,0.7727272727272727,0
195.0,4.138461538461539,0.31794871794871793,0.6,0
99.0,5.636363636363637,0.9090909090909091,0.5454545454545454,0
107.0,4.457943925233645,0.411214953271028,0.7476635514018691,0
207.0,4.869565217391305,0.4975845410628019,0.6811594202898551,0
190.0,4.7894736842105265,0.45789473684210524,0.6894736842105263,0
69.0,4.739130434782608,0.463768115942029,0.7246376811594203,0
172.0,5.308139534883721,0.5406976744186046,0.8488372093023255,0
97.0,4.845360824742268,0.4742268041237113,0.845360824742268,0
93.0,4.860215053763441,0.3978494623655914,0.7849462365591398,0
110.0,4.672727272727273,0.41818181818181815,0.8636363636363636,0
123.0,5.130081300813008,0.5365853658536586,0.8211382113821138,0
66.0,5.333333333333333,0.5303030303030303,0.9090909090909091,0
68.0,5.5,0.5735294117647058,0.8970588235294118,0
67.0,5.477611940298507,0.4925373134328358,0.7164179104477612,0
77.0,5.038961038961039,0.35064935064935066,0.8181818181818182,0
111.0,5.081081081081081,0.42342342342342343,0.7027027027027027,0
103.0,4.776699029126213,0.4854368932038835,0.7087378640776699,0
73.0,4.506849315068493,0.273972602739726,0.684931506849315,0
243.0,5.1193415637860085,0.4691358024691358,0.7654320987654321,0
114.0,5.052631578947368,0.4649122807017544,0.6842105263157895,0
62.0,4.967741935483871,0.46774193548387094,0.7096774193548387,0
75.0,4.906666666666666,0.44,0.8666666666666667,0
73.0,4.958904109589041,0.4246575342465753,0.8904109589041096,0
46.0,5.630434782608695,0.4782608695652174,0.9565217391304348,0
67.0,4.865671641791045,0.4925373134328358,0.7910447761194029,0
197.0,5.380710659898477,0.4416243654822335,0.7817258883248731,0
52.0,5.461538461538462,0.4230769230769231,0.8461538461538461,0
46.0,5.326086956521739,0.41304347826086957,0.8478260869565217,0
80.0,5.175,0.3875,0.9,0
72.0,4.611111111111111,0.5416666666666666,0.9027777777777778,0
48.0,5.4375,0.5416666666666666,0.9375,0
37.0,5.378378378378378,0.40540540540540543,0.918918918918919,0
65.0,5.107692307692307,0.4307692307692308,0.7846153846153846,0
102.0,4.862745098039215,0.4411764705882353,0.7352941176470589,0
141.0,5.148936170212766,0.4397163120567376,0.8156028368794326,0
46.0,4.673913043478261,0.41304347826086957,0.8695652173913043,0
44.0,5.2272727272727275,0.36363636363636365,0.9090909090909091,0
242.0,5.086776859504132,0.4256198347107438,0.7066115702479339,0
31.0,5.225806451612903,0.41935483870967744,0.967741935483871,0
44.0,4.840909090909091,0.4090909090909091,0.9545454545454546,0
90.0,5.0,0.4777777777777778,0.7777777777777778,0
250.0,4.868,0.32,0.684,0
40.0,4.75,0.4,0.85,0
34.0,4.852941176470588,0.5588235294117647,0.9117647058823529,0
38.0,4.815789473684211,0.47368421052631576,0.868421052631579,0
81.0,4.925925925925926,0.49382716049382713,0.6790123456790124,0
55.0,5.0181818181818185,0.4909090909090909,0.8,0
44.0,5.204545454545454,0.3181818181818182,0.8409090909090909,0
83.0,5.566265060240964,0.6024096385542169,0.8313253012048193,0
50.0,5.16,0.48,0.9,0
66.0,5.0606060606060606,0.4696969696969697,0.8181818181818182,0
64.0,4.96875,0.4375,0.875,0
39.0,5.333333333333333,0.48717948717948717,0.9487179487179487,0
66.0,5.0,0.4696969696969697,0.8333333333333334,0
141.0,4.8936170212765955,0.46808510638297873,0.8014184397163121,0
65.0,5.3076923076923075,0.5076923076923077,0.8923076923076924,0
37.0,5.027027027027027,0.4864864864864865,0.918918918918919,0
77.0,4.779220779220779,0.4155844155844156,0.935064935064935,0
118.0,5.0423728813559325,0.5084745762711864,0.711864406779661,0
31.0,5.258064516129032,0.41935483870967744,0.8387096774193549,0
48.0,5.0625,0.3958333333333333,0.875,0
33.0,5.03030303030303,0.3939393939393939,0.9696969696969697,0
45.0,5.066666666666666,0.4888888888888889,0.9333333333333333,0
45.0,5.6,0.6444444444444445,0.8666666666666667,0
49.0,5.387755102040816,0.5102040816326531,0.9795918367346939,0
42.0,5.166666666666667,0.35714285714285715,0.8095238095238095,0
57.0,4.754385964912281,0.47368421052631576,0.8947368421052632,0
147.0,5.068027210884353,0.46258503401360546,0.8775510204081632,0
52.0,4.980769230769231,0.40384615384615385,0.8461538461538461,0
136.0,5.073529411764706,0.4338235294117647,0.8382352941176471,0
45.0,5.177777777777778,0.4888888888888889,0.9333333333333333,0
464.0,4.857758620689655,0.5495689655172413,0.6400862068965517,0
64.0,4.9375,0.390625,0.90625,0
79.0,5.215189873417722,0.4177215189873418,0.7341772151898734,0
47.0,4.872340425531915,0.3617021276595745,0.851063829787234,0
67.0,5.074626865671642,0.373134328358209,0.746268656716418,0
65.0,5.323076923076923,0.47692307692307695,0.8923076923076924,0
156.0,5.314102564102564,0.44871794871794873,0.8782051282051282,0
43.0,5.0,0.3953488372093023,0.9302325581395349,0
80.0,5.2125,0.45,0.925,0
174.0,5.275862068965517,0.5,0.7298850574712644,0
106.0,4.9245283018867925,0.42452830188679247,0.8584905660377359,0
71.0,5.056338028169014,0.43661971830985913,0.8732394366197183,0
96.0,5.041666666666667,0.3645833333333333,0.8020833333333334,0
52.0,5.076923076923077,0.4807692307692308,0.9615384615384616,0
34.0,5.235294117647059,0.6470588235294118,1.0,0
91.0,4.923076923076923,0.37362637362637363,0.8131868131868132,0
52.0,4.846153846153846,0.2692307692307692,0.7884615384615384,0
35.0,4.742857142857143,0.42857142857142855,0.9142857142857143,0
75.0,5.293333333333333,0.52,0.8933333333333333,0
68.0,4.955882352941177,0.38235294117647056,0.7352941176470589,0
105.0,5.333333333333333,0.49523809523809526,0.8380952380952381,0
111.0,5.036036036036036,0.45045045045045046,0.8288288288288288,0
58.0,5.137931034482759,0.6206896551724138,0.9655172413793104,0
159.0,5.232704402515723,0.4528301886792453,0.8113207547169812,0
114.0,5.0964912280701755,0.5789473684210527,0.7807017543859649,0
120.0,4.841666666666667,0.5,0.7333333333333333,0
99.0,4.787878787878788,0.42424242424242425,0.696969696969697,0
172.0,4.901162790697675,0.4941860465116279,0.7848837209302325,0
176.0,4.926136363636363,0.4943181818181818,0.8011363636363636,0
118.0,5.008474576271187,0.4915254237288136,0.8220338983050848,0
164.0,5.213414634146342,0.5,0.7439024390243902,0
132.0,4.568181818181818,0.38636363636363635,0.6212121212121212,0
160.0,4.80625,0.5,0.74375,0
65.0,4.015384615384615,0.4461538461538462,0.6461538461538462,0
68.0,4.720588235294118,0.5294117647058824,0.8088235294117647,0
67.0,4.955223880597015,0.5223880597014925,0.8208955223880597,0
155.0,5.006451612903226,0.5032258064516129,0.8,0
112.0,5.0,0.5535714285714286,0.8125,0
373.0,4.664879356568365,0.5227882037533512,0.546916890080429,0
87.0,5.241379310344827,0.5402298850574713,0.6896551724137931,0
184.0,4.994565217391305,0.5706521739130435,0.75,0
257.0,4.766536964980545,0.5914396887159533,0.5875486381322957,0
86.0,4.72093023255814,0.5465116279069767,0.8255813953488372,0
99.0,4.424242424242424,0.45454545454545453,0.7474747474747475,0
205.0,4.385365853658537,0.37073170731707317,0.45365853658536587,0
93.0,4.903225806451613,0.3978494623655914,0.6129032258064516,0
313.0,4.8690095846645365,0.46645367412140576,0.7156549520766773,0
14.0,4.642857142857143,0.35714285714285715,0.9285714285714286,0
75.0,4.586666666666667,0.3466666666666667,0.6133333333333333,0
14.0,4.357142857142857,0.21428571428571427,1.0,0
48.0,4.979166666666667,0.5208333333333334,0.6875,0
133.0,5.7894736842105265,0.6165413533834586,0.7368421052631579,0
310.0,5.396774193548387,0.567741935483871,0.3903225806451613,0
53.0,4.60377358490566,0.39622641509433965,0.8679245283018868,0
320.0,4.871875,0.5125,0.746875,0
165.0,4.666666666666667,0.4727272727272727,0.5515151515151515,0
6.0,5.0,0.6666666666666666,1.0,0
149.0,4.899328859060403,0.47651006711409394,0.7248322147651006,0
269.0,4.754646840148699,0.38661710037174724,0.5799256505576208,0
40.0,4.525,0.525,0.875,0
82.0,4.7073170731707314,0.5487804878048781,0.8536585365853658,0
71.0,4.774647887323944,0.647887323943662,0.8169014084507042,0
39.0,4.717948717948718,0.717948717948718,0.5641025641025641,0
25.0,5.36,0.76,0.72,0
162.0,4.7592592592592595,0.49382716049382713,0.7654320987654321,0
349.0,5.157593123209169,0.4584527220630373,0.7077363896848138,0
11.0,4.909090909090909,0.2727272727272727,0.8181818181818182,0
147.0,5.258503401360544,0.5374149659863946,0.8095238095238095,0
189.0,4.761904761904762,0.2804232804232804,0.671957671957672,0
266.0,5.2368421052631575,0.5977443609022557,0.7969924812030075,0
70.0,4.557142857142857,0.34285714285714286,0.7857142857142857,0
144.0,5.270833333333333,0.5069444444444444,0.6805555555555556,0
80.0,4.8375,0.475,0.775,0
306.0,6.117647058823529,0.434640522875817,0.5816993464052288,0
244.0,4.323770491803279,0.5081967213114754,0.6762295081967213,0
179.0,4.949720670391062,0.5307262569832403,0.776536312849162,0
72.0,4.541666666666667,0.2361111111111111,0.8055555555555556,0
74.0,5.391891891891892,0.44594594594594594,0.8108108108108109,0
14.0,5.642857142857143,0.6428571428571429,0.8571428571428571,0
227.0,4.242290748898679,0.5110132158590308,0.6651982378854625,0
466.0,5.23175965665236,0.5150214592274678,0.6180257510729614,0
279.0,5.157706093189964,0.4336917562724014,0.6738351254480287,0
7.0,5.0,0.42857142857142855,0.7142857142857143,0
421.0,4.764845605700713,0.4156769596199525,0.6128266033254157,0
93.0,4.623655913978495,0.43010752688172044,0.8172043010752689,0
404.0,5.193069306930693,0.5618811881188119,0.6955445544554455,0
115.0,4.991304347826087,0.5739130434782609,0.808695652173913,0
83.0,4.9879518072289155,0.43373493975903615,0.8795180722891566,0
45.0,4.711111111111111,0.37777777777777777,0.8222222222222222,0
30.0,5.1,0.3333333333333333,0.7666666666666667,0
44.0,5.2727272727272725,0.38636363636363635,0.7954545454545454,0
52.0,4.884615384615385,0.46153846153846156,0.9038461538461539,0
32.0,4.8125,0.40625,0.84375,0
71.0,5.056338028169014,0.38028169014084506,0.8732394366197183,0
79.0,5.0886075949367084,0.43037974683544306,0.8354430379746836,0
43.0,4.790697674418604,0.5116279069767442,0.9069767441860465,0
113.0,5.017699115044247,0.5132743362831859,0.8495575221238938,0
125.0,4.912,0.448,0.864,0
44.0,4.909090909090909,0.38636363636363635,0.9090909090909091,0
73.0,5.068493150684931,0.3698630136986301,0.8082191780821918,0
79.0,5.151898734177215,0.4177215189873418,0.7974683544303798,0
54.0,4.537037037037037,0.4444444444444444,0.8333333333333334,0
266.0,5.1992481203007515,0.5263157894736842,0.7969924812030075,0
92.0,5.043478260869565,0.45652173913043476,0.9347826086956522,0
42.0,4.857142857142857,0.40476190476190477,0.9523809523809523,0
148.0,5.243243243243243,0.5135135135135135,0.8851351351351351,0
47.0,4.574468085106383,0.44680851063829785,0.8936170212765957,0
77.0,5.298701298701299,0.4675324675324675,0.935064935064935,0
53.0,4.754716981132075,0.41509433962264153,0.9245283018867925,0
44.0,5.204545454545454,0.4090909090909091,0.9318181818181818,0
56.0,5.339285714285714,0.35714285714285715,0.9285714285714286,0
37.0,5.027027027027027,0.3783783783783784,0.9459459459459459,0
60.0,5.0,0.4666666666666667,0.9333333333333333,0
46.0,4.913043478260869,0.32608695652173914,0.8913043478260869,0
30.0,4.966666666666667,0.5333333333333333,1.0,0
58.0,4.344827586206897,0.3793103448275862,0.8103448275862069,0
74.0,5.094594594594595,0.5,0.7432432432432432,0
53.0,5.169811320754717,0.4339622641509434,0.8490566037735849,0
97.0,5.134020618556701,0.41237113402061853,0.8865979381443299,0
101.0,5.188118811881188,0.42574257425742573,0.8910891089108911,0
38.0,4.815789473684211,0.47368421052631576,1.0,0
61.0,5.19672131147541,0.45901639344262296,0.8524590163934426,0
73.0,4.958904109589041,0.5068493150684932,0.8767123287671232,0
98.0,5.163265306122449,0.4489795918367347,0.8061224489795918,0
52.0,5.1923076923076925,0.5769230769230769,0.9615384615384616,0
36.0,5.138888888888889,0.3055555555555556,0.8888888888888888,0
38.0,5.315789473684211,0.5,0.9473684210526315,0
51.0,5.647058823529412,0.49019607843137253,0.6666666666666666,0
98.0,5.255102040816326,0.5204081632653061,0.8367346938775511,0
57.0,5.157894736842105,0.42105263157894735,0.8771929824561403,0
72.0,4.875,0.3888888888888889,0.7222222222222222,0
41.0,4.634146341463414,0.4146341463414634,0.8292682926829268,0
157.0,5.203821656050955,0.5159235668789809,0.7770700636942676,0
192.0,4.9375,0.5208333333333334,0.734375,0
32.0,5.0625,0.53125,0.75,0
225.0,4.711111111111111,0.5155555555555555,0.6977777777777778,0
445.0,4.81123595505618,0.39101123595505616,0.42247191011235957,0
445.0,5.123595505617978,0.4764044943820225,0.49213483146067416,0
375.0,4.610666666666667,0.44,0.7386666666666667,0
30.0,5.6,0.5333333333333333,1.0,0
38.0,5.368421052631579,0.42105263157894735,0.7894736842105263,0
45.0,4.955555555555556,0.35555555555555557,0.9111111111111111,0
86.0,5.313953488372093,0.5348837209302325,0.9418604651162791,0
87.0,5.183908045977011,0.4367816091954023,0.8620689655172413,0
88.0,4.761363636363637,0.5227272727272727,0.8409090909090909,0
67.0,5.164179104477612,0.3880597014925373,0.8059701492537313,0
75.0,5.1066666666666665,0.44,0.72,0
37.0,4.891891891891892,0.32432432432432434,0.9459459459459459,0
43.0,5.372093023255814,0.3953488372093023,0.9069767441860465,0
57.0,5.315789473684211,0.45614035087719296,0.8771929824561403,0
35.0,5.085714285714285,0.4857142857142857,0.8571428571428571,0
78.0,5.128205128205129,0.4358974358974359,0.9358974358974359,0
47.0,5.425531914893617,0.3829787234042553,0.9574468085106383,0
42.0,4.523809523809524,0.47619047619047616,0.8333333333333334,0
29.0,5.310344827586207,0.4482758620689655,1.0,0
11.0,5.2727272727272725,0.45454545454545453,0.9090909090909091,0
79.0,5.0,0.4050632911392405,0.8987341772151899,0
59.0,4.932203389830509,0.4067796610169492,0.864406779661017,0
51.0,5.333333333333333,0.49019607843137253,0.9019607843137255,0
99.0,4.96969696969697,0.4444444444444444,0.8383838383838383,0
81.0,4.8765432098765435,0.4074074074074074,0.9259259259259259,0
62.0,5.564516129032258,0.4838709677419355,0.8709677419354839,0
43.0,4.976744186046512,0.37209302325581395,0.7209302325581395,0
27.0,5.62962962962963,0.48148148148148145,1.0,0
95.0,5.326315789473684,0.49473684210526314,0.8947368421052632,0
38.0,5.473684210526316,0.47368421052631576,0.7105263157894737,0
47.0,5.042553191489362,0.44680851063829785,0.8085106382978723,0
114.0,5.149122807017544,0.5087719298245614,0.8596491228070176,0
87.0,5.402298850574713,0.47126436781609193,0.9080459770114943,0
101.0,5.00990099009901,0.44554455445544555,0.8910891089108911,0
49.0,5.224489795918367,0.42857142857142855,0.9591836734693877,0
31.0,5.548387096774194,0.4838709677419355,0.9354838709677419,0
78.0,4.935897435897436,0.5256410256410257,0.8076923076923077,0
39.0,5.153846153846154,0.4358974358974359,0.9230769230769231,0
37.0,4.945945945945946,0.5675675675675675,0.8918918918918919,0
117.0,4.923076923076923,0.452991452991453,0.7521367521367521,0
440.0,5.177272727272728,0.4818181818181818,0.7477272727272727,0
105.0,5.0095238095238095,0.5047619047619047,0.8380952380952381,0
49.0,4.938775510204081,0.3469387755102041,0.8163265306122449,0
36.0,5.444444444444445,0.5277777777777778,1.0,0
45.0,5.066666666666666,0.37777777777777777,0.8888888888888888,0
400.0,5.2725,0.555,0.8,0
41.0,4.7317073170731705,0.3902439024390244,0.9512195121951219,0
56.0,4.875,0.3392857142857143,0.8571428571428571,0
59.0,5.1525423728813555,0.4915254237288136,0.9491525423728814,0
83.0,4.927710843373494,0.40963855421686746,0.891566265060241,0
34.0,4.764705882352941,0.35294117647058826,0.7647058823529411,0
105.0,5.038095238095238,0.42857142857142855,0.7333333333333333,0
83.0,4.843373493975903,0.3855421686746988,0.7590361445783133,0
84.0,5.119047619047619,0.5,0.8452380952380952,0
116.0,5.629310344827586,0.5,0.8448275862068966,0
34.0,5.0588235294117645,0.35294117647058826,0.9411764705882353,0
59.0,5.101694915254237,0.4745762711864407,0.9322033898305084,0
58.0,5.344827586206897,0.5344827586206896,0.9137931034482759,0
88.0,5.181818181818182,0.48863636363636365,0.8863636363636364,0
59.0,5.338983050847458,0.4576271186440678,0.9152542372881356,0
45.0,5.533333333333333,0.4666666666666667,0.7555555555555555,0
46.0,4.760869565217392,0.5869565217391305,0.8913043478260869,0
177.0,5.259887005649717,0.4293785310734463,0.8757062146892656,0
29.0,5.068965517241379,0.4482758620689655,0.9310344827586207,0
111.0,5.09009009009009,0.43243243243243246,0.7387387387387387,0
127.0,5.086614173228346,0.4409448818897638,0.7716535433070866,0
92.0,5.271739130434782,0.5217391304347826,0.8043478260869565,0
98.0,5.163265306122449,0.4897959183673469,0.8469387755102041,0
108.0,5.361111111111111,0.5185185185185185,0.8981481481481481,0
65.0,5.107692307692307,0.46153846153846156,0.8461538461538461,0
43.0,5.232558139534884,0.4418604651162791,1.0,0
68.0,5.132352941176471,0.45588235294117646,0.7352941176470589,0
66.0,5.333333333333333,0.4090909090909091,0.9242424242424242,0
44.0,5.454545454545454,0.5,0.75,0
32.0,4.84375,0.40625,0.8125,0
41.0,5.121951219512195,0.34146341463414637,0.8292682926829268,0
94.0,5.117021276595745,0.46808510638297873,0.7978723404255319,0
50.0,4.58,0.46,0.94,0
80.0,4.8125,0.3375,0.8875,0
79.0,4.8734177215189876,0.46835443037974683,0.8227848101265823,0
67.0,5.343283582089552,0.43283582089552236,0.8656716417910447,0
62.0,4.935483870967742,0.3709677419354839,0.8064516129032258,0
67.0,5.029850746268656,0.4626865671641791,0.7313432835820896,0
35.0,5.285714285714286,0.42857142857142855,0.9142857142857143,0
38.0,4.631578947368421,0.3684210526315789,0.8421052631578947,0
53.0,5.2075471698113205,0.5094339622641509,0.7358490566037735,0
71.0,4.464788732394366,0.29577464788732394,0.9295774647887324,0
54.0,4.944444444444445,0.42592592592592593,0.9444444444444444,0
72.0,5.263888888888889,0.4444444444444444,0.8472222222222222,0
80.0,5.2375,0.4625,0.725,0
77.0,5.181818181818182,0.4675324675324675,0.9090909090909091,0
60.0,4.466666666666667,0.2833333333333333,0.85,0
100.0,4.95,0.46,0.76,0
39.0,4.923076923076923,0.48717948717948717,0.8205128205128205,0
36.0,5.666666666666667,0.5833333333333334,0.9444444444444444,0
59.0,5.11864406779661,0.3559322033898305,0.9152542372881356,0
86.0,4.848837209302325,0.38372093023255816,0.8837209302325582,0
71.0,4.985915492957746,0.4788732394366197,0.8591549295774648,0
58.0,5.086206896551724,0.46551724137931033,0.9137931034482759,0
84.0,4.988095238095238,0.39285714285714285,0.6785714285714286,0
39.0,5.0256410256410255,0.28205128205128205,0.7692307692307693,0
184.0,5.081521739130435,0.5163043478260869,0.8260869565217391,0
87.0,5.149425287356322,0.41379310344827586,0.8735632183908046,0
76.0,5.0394736842105265,0.4868421052631579,0.8289473684210527,0
138.0,5.318840579710145,0.4420289855072464,0.782608695652174,0
87.0,5.0,0.4367816091954023,0.7126436781609196,0
81.0,5.148148148148148,0.4691358024691358,0.8148148148148148,0
106.0,5.037735849056604,0.4528301886792453,0.8113207547169812,0
128.0,4.9140625,0.4375,0.5859375,0
60.0,4.966666666666667,0.4,0.7333333333333333,0
171.0,5.192982456140351,0.543859649122807,0.7543859649122807,0
60.0,4.7,0.43333333333333335,0.8333333333333334,0
179.0,5.284916201117318,0.49162011173184356,0.8547486033519553,0
98.0,4.989795918367347,0.46938775510204084,0.8571428571428571,0
117.0,5.213675213675214,0.47863247863247865,0.8547008547008547,0
158.0,5.1835443037974684,0.46835443037974683,0.7721518987341772,0
44.0,5.318181818181818,0.5454545454545454,0.9318181818181818,0
66.0,5.181818181818182,0.4696969696969697,0.803030303030303,0
30.0,4.9,0.5,0.9666666666666667,0
83.0,4.831325301204819,0.3253012048192771,0.9036144578313253,0
94.0,5.468085106382978,0.46808510638297873,0.7978723404255319,0
40.0,4.975,0.475,0.9,0
45.0,5.333333333333333,0.4666666666666667,0.9555555555555556,0
61.0,5.672131147540983,0.45901639344262296,0.9508196721311475,0
31.0,5.0,0.5161290322580645,0.967741935483871,0
40.0,5.225,0.375,0.95,0
75.0,4.92,0.48,0.76,0
63.0,4.825396825396825,0.42857142857142855,0.9841269841269841,0
34.0,5.323529411764706,0.47058823529411764,0.9411764705882353,0
60.0,4.933333333333334,0.4666666666666667,0.9166666666666666,0
47.0,4.9787234042553195,0.44680851063829785,0.9574468085106383,0
32.0,5.21875,0.34375,0.875,0
63.0,5.063492063492063,0.31746031746031744,0.9047619047619048,0
36.0,5.138888888888889,0.4444444444444444,0.9444444444444444,0
35.0,5.457142857142857,0.4,1.0,0
34.0,5.0,0.3235294117647059,1.0,0
46.0,5.239130434782608,0.5217391304347826,0.9782608695652174,0
128.0,5.3203125,0.4453125,0.6953125,0
31.0,4.741935483870968,0.5483870967741935,0.8387096774193549,0
41.0,5.390243902439025,0.4634146341463415,0.9512195121951219,0
69.0,5.231884057971015,0.4782608695652174,0.7536231884057971,0
90.0,4.966666666666667,0.5111111111111111,0.8555555555555555,0
37.0,5.4324324324324325,0.4864864864864865,0.972972972972973,0
45.0,4.977777777777778,0.35555555555555557,0.8222222222222222,0
38.0,5.2105263157894735,0.4473684210526316,0.9210526315789473,0
63.0,5.111111111111111,0.4603174603174603,0.9682539682539683,0
36.0,5.194444444444445,0.4722222222222222,0.8611111111111112,0
29.0,4.827586206896552,0.3448275862068966,0.9310344827586207,0
39.0,5.0,0.5128205128205128,0.9230769230769231,0
90.0,5.277777777777778,0.5222222222222223,0.8444444444444444,0
41.0,5.073170731707317,0.34146341463414637,0.9512195121951219,0
70.0,5.257142857142857,0.45714285714285713,0.9142857142857143,0
25.0,4.96,0.36,0.96,0
92.0,5.108695652173913,0.4782608695652174,0.9347826086956522,0
67.0,4.731343283582089,0.3582089552238806,0.8955223880597015,0
53.0,4.849056603773585,0.33962264150943394,0.9622641509433962,0
41.0,5.048780487804878,0.3902439024390244,0.8048780487804879,0
39.0,5.205128205128205,0.41025641025641024,0.9230769230769231,0
66.0,5.303030303030303,0.3787878787878788,0.803030303030303,0
59.0,4.694915254237288,0.3559322033898305,0.7796610169491526,0
14.0,4.5,0.35714285714285715,0.9285714285714286,0
40.0,5.425,0.3,0.925,0
43.0,5.5813953488372094,0.46511627906976744,0.9069767441860465,0
48.0,5.166666666666667,0.5,0.8333333333333334,0
52.0,5.115384615384615,0.4230769230769231,0.9423076923076923,0
51.0,4.7254901960784315,0.37254901960784315,0.8823529411764706,0
38.0,5.2368421052631575,0.5789473684210527,0.9736842105263158,0
36.0,5.277777777777778,0.4166666666666667,0.9166666666666666,0
70.0,4.714285714285714,0.4142857142857143,0.9428571428571428,0
35.0,4.942857142857143,0.2,0.8857142857142857,0
27.0,5.444444444444445,0.37037037037037035,0.9259259259259259,0
42.0,5.380952380952381,0.47619047619047616,0.9523809523809523,0
39.0,5.128205128205129,0.5128205128205128,0.9230769230769231,0
48.0,5.354166666666667,0.4166666666666667,0.8958333333333334,0
77.0,4.935064935064935,0.36363636363636365,0.8311688311688312,0
24.0,5.375,0.3333333333333333,0.9166666666666666,0
125.0,5.04,0.456,0.944,0
37.0,4.972972972972973,0.5135135135135135,0.9459459459459459,0
71.0,5.028169014084507,0.36619718309859156,0.8873239436619719,0
72.0,4.972222222222222,0.4444444444444444,0.9166666666666666,0
26.0,5.3076923076923075,0.34615384615384615,1.0,0
39.0,4.743589743589744,0.41025641025641024,0.9487179487179487,0
57.0,5.192982456140351,0.42105263157894735,0.9649122807017544,0
60.0,5.183333333333334,0.4166666666666667,0.95,0
62.0,4.725806451612903,0.3870967741935484,0.9032258064516129,0
53.0,4.962264150943396,0.4339622641509434,0.9245283018867925,0
43.0,5.3023255813953485,0.4186046511627907,0.9069767441860465,0
63.0,5.619047619047619,0.47619047619047616,0.8888888888888888,0
46.0,5.195652173913044,0.391304347826087,0.9565217391304348,0
47.0,4.9787234042553195,0.3617021276595745,0.9574468085106383,0
44.0,4.863636363636363,0.4772727272727273,0.9772727272727273,0
39.0,5.282051282051282,0.48717948717948717,0.9487179487179487,0
30.0,5.0,0.3333333333333333,0.9333333333333333,0
50.0,4.98,0.46,0.94,0
55.0,5.3090909090909095,0.41818181818181815,0.8727272727272727,0
46.0,4.956521739130435,0.43478260869565216,0.9565217391304348,0
43.0,5.5813953488372094,0.4418604651162791,0.9302325581395349,0
27.0,5.037037037037037,0.37037037037037035,0.9259259259259259,0
37.0,4.486486486486487,0.32432432432432434,0.9459459459459459,0
51.0,4.862745098039215,0.4117647058823529,0.9215686274509803,0
36.0,5.027777777777778,0.3333333333333333,0.9166666666666666,0
44.0,5.068181818181818,0.36363636363636365,0.9090909090909091,0
37.0,4.918918918918919,0.35135135135135137,0.8108108108108109,0
49.0,4.63265306122449,0.3673469387755102,0.7959183673469388,0
86.0,5.1976744186046515,0.46511627906976744,0.872093023255814,0
47.0,5.25531914893617,0.46808510638297873,0.9574468085106383,0
28.0,4.928571428571429,0.35714285714285715,0.9285714285714286,0
44.0,4.704545454545454,0.29545454545454547,0.9090909090909091,0
36.0,4.861111111111111,0.4166666666666667,0.9166666666666666,0
38.0,5.0,0.3684210526315789,0.9473684210526315,0
43.0,4.790697674418604,0.4418604651162791,0.7441860465116279,0
35.0,5.0285714285714285,0.3142857142857143,0.9428571428571428,0
42.0,5.119047619047619,0.35714285714285715,0.9285714285714286,0
59.0,5.169491525423729,0.4745762711864407,0.9491525423728814,0
39.0,5.230769230769231,0.3333333333333333,0.8461538461538461,0
53.0,5.320754716981132,0.4716981132075472,0.9622641509433962,0
43.0,5.069767441860465,0.37209302325581395,0.9069767441860465,0
30.0,5.266666666666667,0.36666666666666664,1.0,0
61.0,5.147540983606557,0.3770491803278688,0.8032786885245902,0
57.0,4.982456140350878,0.38596491228070173,0.9473684210526315,0
38.0,5.052631578947368,0.34210526315789475,0.9473684210526315,0
32.0,5.15625,0.375,0.9375,0
56.0,5.178571428571429,0.42857142857142855,0.9285714285714286,0
38.0,5.131578947368421,0.47368421052631576,0.9473684210526315,0
54.0,5.166666666666667,0.5,0.9814814814814815,0
32.0,5.125,0.4375,0.9375,0
39.0,5.153846153846154,0.4358974358974359,0.9487179487179487,0
74.0,4.716216216216216,0.35135135135135137,0.8918918918918919,0
36.0,5.138888888888889,0.4444444444444444,0.9444444444444444,0
327.0,5.1681957186544345,0.5076452599388379,0.6299694189602446,0
425.0,4.291764705882353,0.45176470588235296,0.6,0
46.0,5.108695652173913,0.34782608695652173,0.8913043478260869,0
40.0,4.825,0.4,0.9,0
47.0,4.808510638297872,0.2978723404255319,0.9148936170212766,0
32.0,4.9375,0.40625,0.90625,0
37.0,5.162162162162162,0.24324324324324326,0.8378378378378378,0
33.0,5.424242424242424,0.3939393939393939,0.9393939393939394,0
56.0,5.0,0.375,0.9464285714285714,0
39.0,5.3076923076923075,0.5641025641025641,0.9487179487179487,0
55.0,5.072727272727272,0.4,0.8727272727272727,0
69.0,4.971014492753623,0.43478260869565216,0.9130434782608695,0
213.0,4.957746478873239,0.45539906103286387,0.7511737089201878,0
165.0,4.806060606060606,0.47878787878787876,0.8303030303030303,0
99.0,4.5353535353535355,0.3838383838383838,0.8787878787878788,0
218.0,5.022935779816514,0.4724770642201835,0.8027522935779816,0
174.0,4.971264367816092,0.47126436781609193,0.8275862068965517,0
35.0,5.057142857142857,0.4,0.9428571428571428,0
37.0,4.891891891891892,0.35135135135135137,0.918918918918919,0
61.0,4.639344262295082,0.4426229508196721,0.8852459016393442,0
35.0,4.9714285714285715,0.45714285714285713,0.9142857142857143,0
44.0,4.863636363636363,0.38636363636363635,0.9318181818181818,0
460.0,4.517391304347826,0.4782608695652174,0.7152173913043478,0
117.0,5.35042735042735,0.5811965811965812,0.6923076923076923,0
297.0,4.952861952861953,0.5959595959595959,0.7407407407407407,0
260.0,4.769230769230769,0.45384615384615384,0.7307692307692307,0
111.0,5.0,0.4864864864864865,0.6486486486486487,0
446.0,4.8408071748878925,0.515695067264574,0.7466367713004485,0
38.0,5.052631578947368,0.7894736842105263,0.6052631578947368,0
39.0,5.0,0.358974358974359,0.9487179487179487,0
125.0,4.672,0.456,0.816,0
37.0,4.972972972972973,0.2972972972972973,0.9459459459459459,0
38.0,5.078947368421052,0.42105263157894735,0.8947368421052632,0
279.0,5.086021505376344,0.5197132616487455,0.7670250896057348,0
48.0,4.541666666666667,0.3333333333333333,0.9375,0
65.0,4.953846153846154,0.49230769230769234,0.8615384615384616,0
47.0,4.446808510638298,0.40425531914893614,0.9361702127659575,0
41.0,4.902439024390244,0.5121951219512195,0.9512195121951219,0
54.0,4.833333333333333,0.35185185185185186,0.8703703703703703,0
54.0,4.907407407407407,0.3148148148148148,0.8888888888888888,0
44.0,4.704545454545454,0.4090909090909091,0.9090909090909091,0
35.0,4.8,0.37142857142857144,0.8857142857142857,0
31.0,4.806451612903226,0.4838709677419355,0.9354838709677419,0
70.0,4.957142857142857,0.4142857142857143,0.8714285714285714,0
42.0,4.785714285714286,0.35714285714285715,0.9047619047619048,0
33.0,5.242424242424242,0.42424242424242425,0.9393939393939394,0
34.0,5.294117647058823,0.5294117647058824,1.0,0
71.0,4.732394366197183,0.3380281690140845,0.9014084507042254,0
84.0,4.916666666666667,0.42857142857142855,0.9166666666666666,0
44.0,5.0,0.45454545454545453,0.9090909090909091,0
57.0,5.087719298245614,0.45614035087719296,0.9473684210526315,0
34.0,4.882352941176471,0.4117647058823529,0.9705882352941176,0
37.0,4.891891891891892,0.24324324324324326,0.8918918918918919,0
42.0,5.095238095238095,0.35714285714285715,0.9285714285714286,0
59.0,5.0,0.3389830508474576,0.9152542372881356,0
58.0,4.879310344827586,0.39655172413793105,0.9137931034482759,0
37.0,4.891891891891892,0.40540540540540543,0.918918918918919,0
44.0,4.886363636363637,0.4090909090909091,0.9318181818181818,0
25.0,5.16,0.4,0.92,0
60.0,4.983333333333333,0.38333333333333336,0.8833333333333333,0
27.0,5.037037037037037,0.37037037037037035,0.9259259259259259,0
41.0,5.024390243902439,0.3902439024390244,0.9512195121951219,0
69.0,5.130434782608695,0.43478260869565216,0.9130434782608695,0
40.0,4.95,0.35,0.875,0
85.0,5.435294117647059,0.5176470588235295,0.9411764705882353,0
42.0,4.738095238095238,0.35714285714285715,0.9285714285714286,0
159.0,5.09433962264151,0.5094339622641509,0.8238993710691824,0
243.0,4.7407407407407405,0.31275720164609055,0.7078189300411523,0
52.0,5.0,0.34615384615384615,0.7692307692307693,0
53.0,5.018867924528302,0.39622641509433965,0.9056603773584906,0
50.0,4.68,0.48,0.86,0
174.0,4.9655172413793105,0.5747126436781609,0.735632183908046,0
386.0,5.414507772020725,0.49222797927461137,0.7694300518134715,0
134.0,5.082089552238806,0.5597014925373134,0.8208955223880597,0
142.0,4.894366197183099,0.3732394366197183,0.7323943661971831,0
94.0,4.872340425531915,0.4148936170212766,0.8617021276595744,0
114.0,4.798245614035087,0.5175438596491229,0.8070175438596491,0
130.0,4.846153846153846,0.4230769230769231,0.8153846153846154,0
74.0,4.945945945945946,0.44594594594594594,0.9459459459459459,0
171.0,5.391812865497076,0.5029239766081871,0.8771929824561403,0
116.0,4.956896551724138,0.5603448275862069,0.7068965517241379,0
188.0,5.090425531914893,0.44148936170212766,0.6968085106382979,0
56.0,4.678571428571429,0.39285714285714285,0.7142857142857143,0
53.0,4.867924528301887,0.4339622641509434,0.9622641509433962,0
160.0,5.21875,0.45,0.775,0
213.0,5.211267605633803,0.45539906103286387,0.7605633802816901,0
55.0,4.654545454545454,0.43636363636363634,0.8727272727272727,0
45.0,5.133333333333334,0.4222222222222222,0.8888888888888888,0
36.0,4.666666666666667,0.3055555555555556,0.8888888888888888,0
57.0,5.12280701754386,0.3333333333333333,0.9298245614035088,0
48.0,5.041666666666667,0.4375,0.9375,0
35.0,5.457142857142857,0.5428571428571428,0.9428571428571428,0
41.0,4.560975609756097,0.34146341463414637,0.9024390243902439,0
37.0,5.081081081081081,0.3783783783783784,0.918918918918919,0
61.0,5.409836065573771,0.4262295081967213,0.9344262295081968,0
72.0,4.75,0.3472222222222222,0.8888888888888888,0
78.0,5.153846153846154,0.4230769230769231,0.8717948717948718,0
60.0,4.866666666666666,0.4166666666666667,0.9166666666666666,0
59.0,5.033898305084746,0.4406779661016949,0.8983050847457628,0
40.0,4.8,0.4,0.9,0
47.0,5.25531914893617,0.5106382978723404,0.8936170212765957,0
49.0,4.979591836734694,0.40816326530612246,0.9387755102040817,0
125.0,5.2,0.504,0.792,0
36.0,5.722222222222222,0.4166666666666667,0.9444444444444444,0
69.0,5.057971014492754,0.4057971014492754,0.8840579710144928,0
33.0,4.96969696969697,0.3333333333333333,0.9393939393939394,0
54.0,4.7592592592592595,0.42592592592592593,0.8518518518518519,0
39.0,4.923076923076923,0.3333333333333333,0.9230769230769231,0
42.0,5.071428571428571,0.38095238095238093,0.9047619047619048,0
42.0,5.095238095238095,0.38095238095238093,0.9047619047619048,0
49.0,5.142857142857143,0.3877551020408163,0.8979591836734694,0
37.0,5.108108108108108,0.3783783783783784,1.0,0
45.0,4.7555555555555555,0.4,0.9333333333333333,0
54.0,5.0,0.3888888888888889,0.9444444444444444,0
45.0,4.822222222222222,0.26666666666666666,0.9333333333333333,0
48.0,4.770833333333333,0.4166666666666667,0.8333333333333334,0
51.0,5.117647058823529,0.4117647058823529,0.9019607843137255,0
27.0,4.925925925925926,0.3333333333333333,0.9259259259259259,0
34.0,5.029411764705882,0.6176470588235294,0.9117647058823529,0
368.0,4.372282608695652,0.42391304347826086,0.6222826086956522,0
211.0,5.018957345971564,0.5450236966824644,0.6966824644549763,0
118.0,4.771186440677966,0.3559322033898305,0.576271186440678,0
273.0,4.992673992673993,0.5201465201465202,0.7655677655677655,0
386.0,4.448186528497409,0.5621761658031088,0.5958549222797928,0
59.0,5.6440677966101696,0.6610169491525424,1.0,0
355.0,5.045070422535211,0.6619718309859155,0.6676056338028169,0
217.0,5.460829493087558,0.631336405529954,0.7695852534562212,0
32.0,4.8125,0.4375,0.9375,0
39.0,5.435897435897436,0.41025641025641024,0.9487179487179487,0
40.0,5.275,0.525,0.925,0
40.0,4.75,0.35,0.9,0
80.0,5.225,0.475,0.9,0
48.0,5.25,0.4583333333333333,0.9375,0
34.0,4.970588235294118,0.3235294117647059,0.9411764705882353,0
41.0,5.121951219512195,0.43902439024390244,0.9512195121951219,0
36.0,5.194444444444445,0.4722222222222222,0.9444444444444444,0
41.0,4.975609756097561,0.3170731707317073,0.926829268292683,0
109.0,4.697247706422019,0.3944954128440367,0.8440366972477065,0
33.0,5.2727272727272725,0.36363636363636365,0.9393939393939394,0
44.0,4.75,0.3409090909090909,0.8409090909090909,0
65.0,5.1692307692307695,0.46153846153846156,0.9076923076923077,0
51.0,5.03921568627451,0.39215686274509803,0.8823529411764706,0
38.0,5.2368421052631575,0.3157894736842105,0.9210526315789473,0
28.0,5.178571428571429,0.35714285714285715,0.9642857142857143,0
44.0,4.863636363636363,0.4318181818181818,0.9545454545454546,0
28.0,4.964285714285714,0.25,0.9285714285714286,0
72.0,4.472222222222222,0.3888888888888889,0.7361111111111112,0
32.0,5.0625,0.40625,0.96875,0
64.0,4.671875,0.453125,0.890625,0
35.0,5.142857142857143,0.45714285714285713,0.9428571428571428,0
32.0,5.25,0.40625,0.9375,0
70.0,5.2,0.4857142857142857,0.9142857142857143,0
73.0,4.904109589041096,0.547945205479452,0.8904109589041096,0
38.0,5.052631578947368,0.3157894736842105,0.9210526315789473,0
86.0,4.755813953488372,0.38372093023255816,0.872093023255814,0
31.0,5.290322580645161,0.45161290322580644,0.967741935483871,0
63.0,4.825396825396825,0.3492063492063492,0.9206349206349206,0
50.0,5.4,0.48,0.9,0
46.0,4.826086956521739,0.3695652173913043,0.9130434782608695,0
45.0,5.155555555555556,0.35555555555555557,0.8666666666666667,0
40.0,4.825,0.325,0.975,0
36.0,4.638888888888889,0.3611111111111111,0.9444444444444444,0
41.0,5.121951219512195,0.3170731707317073,0.9024390243902439,0
29.0,4.9655172413793105,0.3793103448275862,0.9310344827586207,0
75.0,4.88,0.4666666666666667,0.88,0
57.0,4.666666666666667,0.40350877192982454,0.9298245614035088,0
85.0,4.964705882352941,0.5058823529411764,0.8,0
32.0,5.21875,0.4375,0.9375,0
57.0,4.807017543859649,0.3684210526315789,0.7719298245614035,0
40.0,5.7,0.375,0.95,0
81.0,4.839506172839506,0.2962962962962963,0.7901234567901234,0
67.0,4.746268656716418,0.34328358208955223,0.8507462686567164,0
80.0,4.8875,0.4125,0.8375,0
63.0,4.857142857142857,0.38095238095238093,0.8412698412698413,0
40.0,4.8,0.425,0.925,0
29.0,5.068965517241379,0.41379310344827586,0.9310344827586207,0
47.0,4.9787234042553195,0.3829787234042553,0.9148936170212766,0
38.0,5.2105263157894735,0.4473684210526316,0.9473684210526315,0
51.0,5.372549019607843,0.39215686274509803,0.9411764705882353,0
54.0,5.018518518518518,0.4444444444444444,0.9444444444444444,0
84.0,5.178571428571429,0.35714285714285715,0.8214285714285714,0
80.0,4.7625,0.4,0.8625,0
103.0,5.0,0.4368932038834951,0.8737864077669902,0
51.0,5.117647058823529,0.3137254901960784,0.9215686274509803,0
63.0,4.904761904761905,0.36507936507936506,0.873015873015873,0
47.0,4.8936170212765955,0.3404255319148936,0.9148936170212766,0
145.0,4.924137931034482,0.45517241379310347,0.7172413793103448,0
43.0,5.023255813953488,0.3488372093023256,0.9302325581395349,0
39.0,4.6923076923076925,0.3076923076923077,0.8717948717948718,0
42.0,5.404761904761905,0.40476190476190477,0.9285714285714286,0
59.0,4.983050847457627,0.5254237288135594,0.8983050847457628,0
31.0,5.290322580645161,0.3548387096774194,0.8709677419354839,0
44.0,5.318181818181818,0.4318181818181818,0.9318181818181818,0
58.0,5.0344827586206895,0.43103448275862066,0.7758620689655172,0
84.0,4.559523809523809,0.36904761904761907,0.8571428571428571,0
40.0,5.275,0.425,0.95,0
58.0,4.741379310344827,0.39655172413793105,0.8620689655172413,0
56.0,5.035714285714286,0.4107142857142857,0.9107142857142857,0
57.0,4.701754385964913,0.3333333333333333,0.9473684210526315,0
59.0,4.830508474576271,0.3389830508474576,0.847457627118644,0
37.0,5.513513513513513,0.5675675675675675,1.0,0
66.0,4.742424242424242,0.36363636363636365,0.8636363636363636,0
64.0,5.03125,0.421875,0.890625,0
71.0,4.816901408450704,0.39436619718309857,0.8450704225352113,0
115.0,4.991304347826087,0.5565217391304348,0.7913043478260869,0
99.0,4.8686868686868685,0.3939393939393939,0.8585858585858586,0
116.0,4.9655172413793105,0.4482758620689655,0.8103448275862069,0
40.0,5.025,0.35,0.95,0
66.0,5.378787878787879,0.3939393939393939,0.7575757575757576,0
46.0,5.043478260869565,0.32608695652173914,0.8478260869565217,0
56.0,4.875,0.35714285714285715,0.8571428571428571,0
53.0,5.188679245283019,0.49056603773584906,0.9433962264150944,0
73.0,4.917808219178082,0.3835616438356164,0.863013698630137,0
72.0,4.986111111111111,0.375,0.9166666666666666,0
56.0,5.035714285714286,0.32142857142857145,0.9642857142857143,0
81.0,4.9753086419753085,0.4074074074074074,0.7777777777777778,0
54.0,5.018518518518518,0.42592592592592593,0.8703703703703703,0
82.0,5.304878048780488,0.45121951219512196,0.9390243902439024,0
51.0,5.098039215686274,0.3333333333333333,0.8627450980392157,0
35.0,5.942857142857143,0.4857142857142857,0.9714285714285714,0
83.0,5.048192771084337,0.4939759036144578,0.8795180722891566,0
80.0,4.975,0.35,0.8875,0
60.0,5.2,0.36666666666666664,0.85,0
71.0,5.267605633802817,0.5774647887323944,0.8450704225352113,0
180.0,4.877777777777778,0.5277777777777778,0.6555555555555556,0
101.0,4.96039603960396,0.693069306930693,0.6039603960396039,0
284.0,4.299295774647887,0.5,0.704225352112676,0
301.0,4.8006644518272426,0.5049833887043189,0.6578073089700996,0
301.0,4.953488372093023,0.5548172757475083,0.7109634551495017,0
307.0,5.612377850162867,0.5635179153094463,0.7166123778501629,0
59.0,4.966101694915254,0.5932203389830508,0.9152542372881356,0
222.0,4.887387387387387,0.4864864864864865,0.4144144144144144,0
166.0,4.855421686746988,0.4939759036144578,0.8132530120481928,0
83.0,4.746987951807229,0.6024096385542169,0.6385542168674698,0
55.0,5.290909090909091,0.509090909090909,0.9272727272727272,0
104.0,4.951923076923077,0.5192307692307693,0.7788461538461539,0
144.0,4.944444444444445,0.5972222222222222,0.7291666666666666,0
457.0,4.794310722100657,0.5120350109409191,0.6717724288840262,0
76.0,4.7631578947368425,0.5131578947368421,0.7763157894736842,0
76.0,5.302631578947368,0.631578947368421,0.881578947368421,0
180.0,4.511111111111111,0.5888888888888889,0.7944444444444444,0
122.0,4.819672131147541,0.5491803278688525,0.7213114754098361,0
31.0,4.548387096774194,0.45161290322580644,0.8387096774193549,0
145.0,5.56551724137931,0.5862068965517241,0.8,0
273.0,4.575091575091575,0.3076923076923077,0.48717948717948717,0
323.0,4.563467492260062,0.48606811145510836,0.6811145510835913,0
163.0,5.282208588957055,0.6748466257668712,0.7484662576687117,0
302.0,4.913907284768212,0.5463576158940397,0.6026490066225165,0
30.0,5.3,0.5,1.0,0
286.0,4.538461538461538,0.4195804195804196,0.5699300699300699,0
110.0,4.5,0.5363636363636364,0.7181818181818181,0
254.0,4.681102362204724,0.46062992125984253,0.6338582677165354,0
41.0,4.170731707317073,0.4634146341463415,0.8048780487804879,0
65.0,5.369230769230769,0.5846153846153846,0.7692307692307693,0
82.0,4.378048780487805,0.3780487804878049,0.7804878048780488,0
96.0,5.104166666666667,0.6041666666666666,0.4583333333333333,0
84.0,4.392857142857143,0.5714285714285714,0.9166666666666666,0
458.0,4.432314410480349,0.4585152838427948,0.6593886462882096,0
49.0,5.040816326530612,0.3673469387755102,0.9387755102040817,0
53.0,4.830188679245283,0.4339622641509434,0.8867924528301887,0
57.0,4.859649122807017,0.3333333333333333,0.9298245614035088,0
61.0,4.852459016393443,0.39344262295081966,0.9016393442622951,0
51.0,5.254901960784314,0.49019607843137253,0.9019607843137255,0
61.0,4.967213114754099,0.4918032786885246,0.8032786885245902,0
69.0,4.927536231884058,0.5942028985507246,0.7681159420289855,0
28.0,5.0,0.2857142857142857,0.9285714285714286,0
53.0,5.0754716981132075,0.39622641509433965,0.8679245283018868,0
45.0,5.0,0.4,0.9555555555555556,0
66.0,5.2727272727272725,0.4090909090909091,0.8636363636363636,0
78.0,4.871794871794871,0.34615384615384615,0.8846153846153846,0
41.0,4.975609756097561,0.43902439024390244,0.926829268292683,0
36.0,5.027777777777778,0.4166666666666667,0.9444444444444444,0
40.0,5.2,0.475,0.975,0
56.0,5.035714285714286,0.39285714285714285,0.9464285714285714,0
40.0,4.7,0.3,0.875,0
47.0,5.23404255319149,0.40425531914893614,0.9148936170212766,0
57.0,5.280701754385965,0.40350877192982454,0.8771929824561403,0
39.0,5.205128205128205,0.41025641025641024,0.9230769230769231,0
59.0,5.3559322033898304,0.423728813559322,0.864406779661017,0
45.0,4.866666666666666,0.35555555555555557,0.9333333333333333,0
39.0,5.153846153846154,0.358974358974359,0.9487179487179487,0
64.0,5.0,0.46875,0.765625,0
38.0,4.7368421052631575,0.2894736842105263,0.9210526315789473,0
34.0,4.470588235294118,0.35294117647058826,0.9705882352941176,0
43.0,5.069767441860465,0.37209302325581395,0.9069767441860465,0
36.0,5.361111111111111,0.5,0.8333333333333334,0
38.0,5.342105263157895,0.3684210526315789,0.9736842105263158,0
26.0,5.6923076923076925,0.6538461538461539,1.0,0
36.0,4.916666666666667,0.4444444444444444,0.9444444444444444,0
33.0,4.787878787878788,0.42424242424242425,0.9696969696969697,0
33.0,5.212121212121212,0.30303030303030304,0.9090909090909091,0
72.0,5.263888888888889,0.4722222222222222,0.8611111111111112,0
49.0,4.775510204081633,0.24489795918367346,0.8979591836734694,0
29.0,5.0,0.3448275862068966,0.896551724137931,0
25.0,5.0,0.32,0.92,0
26.0,4.846153846153846,0.3076923076923077,0.9230769230769231,0
50.0,5.26,0.54,0.9,0
36.0,4.666666666666667,0.4166666666666667,0.9444444444444444,0
23.0,5.173913043478261,0.391304347826087,0.9130434782608695,0
35.0,5.142857142857143,0.4,0.8857142857142857,0
31.0,4.580645161290323,0.3548387096774194,0.8709677419354839,0
113.0,5.115044247787611,0.49557522123893805,0.8407079646017699,0
36.0,5.0,0.3055555555555556,0.9444444444444444,0
46.0,4.978260869565218,0.2608695652173913,0.9347826086956522,0
32.0,5.21875,0.4375,1.0,0
58.0,5.068965517241379,0.41379310344827586,0.9137931034482759,0
37.0,5.324324324324325,0.40540540540540543,0.972972972972973,0
37.0,5.378378378378378,0.35135135135135137,0.918918918918919,0
58.0,5.224137931034483,0.4482758620689655,0.8793103448275862,0
28.0,5.571428571428571,0.39285714285714285,1.0,0
36.0,4.861111111111111,0.3333333333333333,0.9166666666666666,0
43.0,5.093023255813954,0.37209302325581395,0.9534883720930233,0
58.0,5.0344827586206895,0.4482758620689655,0.9137931034482759,0
48.0,4.666666666666667,0.3333333333333333,0.9375,0
24.0,5.208333333333333,0.25,0.9166666666666666,0
45.0,4.511111111111111,0.3333333333333333,0.8666666666666667,0
28.0,4.785714285714286,0.2857142857142857,0.9285714285714286,0
56.0,5.125,0.30357142857142855,0.9285714285714286,0
47.0,4.382978723404255,0.2553191489361702,0.8936170212765957,0
85.0,4.929411764705883,0.4823529411764706,0.8117647058823529,0
41.0,4.7560975609756095,0.34146341463414637,0.926829268292683,0
40.0,5.15,0.375,0.925,0
44.0,4.613636363636363,0.4090909090909091,0.9090909090909091,0
40.0,4.725,0.45,0.95,0
40.0,4.525,0.35,0.95,0
50.0,5.18,0.44,0.94,0
33.0,5.090909090909091,0.36363636363636365,0.9393939393939394,0
41.0,5.2682926829268295,0.4634146341463415,0.8780487804878049,0
42.0,4.428571428571429,0.2857142857142857,0.9761904761904762,0
37.0,5.054054054054054,0.3783783783783784,0.8918918918918919,0
43.0,4.744186046511628,0.3023255813953488,0.9069767441860465,0
48.0,4.583333333333333,0.4583333333333333,0.875,0
38.0,4.7368421052631575,0.3684210526315789,0.9210526315789473,0
28.0,4.928571428571429,0.32142857142857145,0.9285714285714286,0
31.0,5.129032258064516,0.3870967741935484,0.9354838709677419,0
27.0,4.925925925925926,0.2962962962962963,1.0,0
27.0,5.185185185185185,0.4074074074074074,1.0,0
38.0,5.0,0.42105263157894735,0.9736842105263158,0
41.0,4.7073170731707314,0.3170731707317073,0.9024390243902439,0
29.0,4.9655172413793105,0.4827586206896552,0.9655172413793104,0
70.0,5.1571428571428575,0.5714285714285714,0.9285714285714286,0
30.0,5.1,0.23333333333333334,0.9,0
33.0,5.212121212121212,0.42424242424242425,0.9696969696969697,0
42.0,4.833333333333333,0.3333333333333333,0.9285714285714286,0
29.0,4.793103448275862,0.3793103448275862,0.9310344827586207,0
37.0,5.027027027027027,0.3783783783783784,0.9459459459459459,0
37.0,5.081081081081081,0.43243243243243246,0.918918918918919,0
34.0,4.647058823529412,0.5294117647058824,0.9705882352941176,0
56.0,5.392857142857143,0.48214285714285715,0.9464285714285714,0
38.0,5.105263157894737,0.47368421052631576,0.9473684210526315,0
31.0,4.870967741935484,0.3548387096774194,0.9354838709677419,0
255.0,5.176470588235294,0.4549019607843137,0.8156862745098039,0
32.0,5.0625,0.375,0.9375,0
42.0,5.214285714285714,0.47619047619047616,0.9285714285714286,0
33.0,4.96969696969697,0.42424242424242425,0.8787878787878788,0
91.0,4.8791208791208796,0.4725274725274725,0.8791208791208791,0
81.0,5.7407407407407405,0.5802469135802469,0.8765432098765432,0
124.0,5.661290322580645,0.5725806451612904,0.8064516129032258,0
71.0,5.169014084507042,0.5352112676056338,0.9014084507042254,0
28.0,5.25,0.4642857142857143,0.9285714285714286,0
54.0,4.87037037037037,0.3333333333333333,0.8518518518518519,0
35.0,5.0285714285714285,0.3142857142857143,0.8571428571428571,0
41.0,4.682926829268292,0.5365853658536586,0.9512195121951219,0
55.0,4.6,0.4727272727272727,0.9090909090909091,0
54.0,5.148148148148148,0.4074074074074074,0.9444444444444444,0
35.0,5.228571428571429,0.37142857142857144,0.9428571428571428,0
42.0,5.214285714285714,0.42857142857142855,0.8333333333333334,0
183.0,5.366120218579235,0.5191256830601093,0.8469945355191257,0
65.0,5.323076923076923,0.6153846153846154,0.8615384615384616,0
289.0,5.162629757785467,0.4913494809688581,0.8442906574394463,0
94.0,5.361702127659575,0.5319148936170213,0.8936170212765957,0
73.0,4.780821917808219,0.4520547945205479,0.8904109589041096,0
50.0,5.34,0.48,0.9,0
52.0,4.980769230769231,0.3076923076923077,0.9615384615384616,0
46.0,4.826086956521739,0.43478260869565216,0.8695652173913043,0
41.0,5.2682926829268295,0.3902439024390244,0.8780487804878049,0
30.0,5.1,0.4,0.9,0
30.0,5.1,0.36666666666666664,0.9333333333333333,0
329.0,4.753799392097265,0.425531914893617,0.5927051671732523,0
79.0,5.2025316455696204,0.620253164556962,0.620253164556962,0
307.0,5.149837133550489,0.5472312703583062,0.6970684039087948,0
252.0,5.170634920634921,0.5396825396825397,0.7857142857142857,0
248.0,4.951612903225806,0.5,0.7983870967741935,0
281.0,5.039145907473309,0.498220640569395,0.6405693950177936,0
408.0,5.1568627450980395,0.5245098039215687,0.6666666666666666,0
19.0,5.473684210526316,0.47368421052631576,0.9473684210526315,0
66.0,4.893939393939394,0.5,0.7878787878787878,0
116.0,4.810344827586207,0.3793103448275862,0.75,0
392.0,4.829081632653061,0.5102040816326531,0.6479591836734694,0
160.0,5.14375,0.5375,0.78125,0
353.0,4.934844192634561,0.37960339943342775,0.6430594900849859,0
253.0,4.675889328063241,0.541501976284585,0.7391304347826086,0
171.0,5.16374269005848,0.5087719298245614,0.7602339181286549,0
155.0,5.058064516129032,0.4645161290322581,0.7161290322580646,0
111.0,4.504504504504505,0.4774774774774775,0.7297297297297297,0
179.0,4.748603351955308,0.39664804469273746,0.7653631284916201,0
75.0,5.08,0.6133333333333333,0.8533333333333334,0
254.0,5.003937007874016,0.5275590551181102,0.7716535433070866,0
63.0,5.174603174603175,0.5396825396825397,0.8095238095238095,0
440.0,4.925,0.5295454545454545,0.7386363636363636,0
216.0,4.731481481481482,0.4537037037037037,0.75,0
70.0,5.057142857142857,0.35714285714285715,0.8428571428571429,0
55.0,5.181818181818182,0.34545454545454546,0.9090909090909091,0
58.0,5.086206896551724,0.46551724137931033,0.9310344827586207,0
49.0,4.775510204081633,0.42857142857142855,0.8571428571428571,0
37.0,5.324324324324325,0.4864864864864865,0.8648648648648649,0
58.0,5.258620689655173,0.3275862068965517,0.9310344827586207,0
29.0,4.827586206896552,0.3103448275862069,0.9310344827586207,0
46.0,5.239130434782608,0.43478260869565216,0.9565217391304348,0
144.0,4.736111111111111,0.3958333333333333,0.6805555555555556,0
234.0,4.461538461538462,0.42735042735042733,0.7905982905982906,0
251.0,4.788844621513944,0.5697211155378487,0.7410358565737052,0
386.0,5.015544041450777,0.4585492227979275,0.7487046632124352,0
418.0,4.739234449760765,0.4473684210526316,0.6698564593301436,0
162.0,5.222222222222222,0.5432098765432098,0.5555555555555556,0
176.0,4.778409090909091,0.44886363636363635,0.6704545454545454,0
332.0,5.021084337349397,0.5451807228915663,0.7650602409638554,0
245.0,4.955102040816326,0.4775510204081633,0.6775510204081633,0
94.0,4.904255319148936,0.48936170212765956,0.7872340425531915,0
398.0,4.919597989949748,0.5728643216080402,0.7311557788944724,0
120.0,4.858333333333333,0.48333333333333334,0.65,0
150.0,5.066666666666666,0.48,0.7,0
281.0,4.423487544483986,0.5195729537366548,0.597864768683274,0
489.0,4.74437627811861,0.5664621676891616,0.6707566462167689,0
298.0,6.060402684563758,0.7516778523489933,0.6375838926174496,0
166.0,5.72289156626506,0.6325301204819277,0.8253012048192772,0
158.0,5.018987341772152,0.5253164556962026,0.8417721518987342,0
163.0,4.674846625766871,0.4601226993865031,0.7116564417177914,0
29.0,5.689655172413793,0.5517241379310345,0.9310344827586207,0
24.0,4.75,0.4583333333333333,0.7916666666666666,0
327.0,5.149847094801223,0.40672782874617736,0.6850152905198776,0
249.0,4.9397590361445785,0.4979919678714859,0.7269076305220884,0
89.0,4.898876404494382,0.4606741573033708,0.7078651685393258,0
272.0,4.959558823529412,0.47058823529411764,0.7426470588235294,0
73.0,5.863013698630137,0.5342465753424658,0.8356164383561644,0
80.0,5.3,0.55,0.85,0
29.0,5.206896551724138,0.6206896551724138,0.8620689655172413,0
424.0,4.884433962264151,0.46462264150943394,0.6768867924528302,0
86.0,5.988372093023256,0.5116279069767442,0.7674418604651163,0
163.0,4.58282208588957,0.4049079754601227,0.6993865030674846,0
143.0,4.594405594405594,0.43356643356643354,0.5944055944055944,0
93.0,4.752688172043011,0.5806451612903226,0.7526881720430108,0
219.0,5.054794520547945,0.4794520547945205,0.7990867579908676,0
107.0,4.794392523364486,0.40186915887850466,0.5981308411214953,0
370.0,4.802702702702702,0.4918918918918919,0.7108108108108108,0
137.0,4.766423357664234,0.45255474452554745,0.6277372262773723,0
190.0,4.752631578947368,0.4789473684210526,0.6684210526315789,0
127.0,4.771653543307087,0.47244094488188976,0.6456692913385826,0
97.0,4.690721649484536,0.31958762886597936,0.6597938144329897,0
59.0,5.0508474576271185,0.5423728813559322,0.7966101694915254,0
126.0,4.634920634920635,0.42063492063492064,0.6666666666666666,0
129.0,4.953488372093023,0.46511627906976744,0.7209302325581395,0
45.0,5.044444444444444,0.4444444444444444,0.9333333333333333,0
110.0,5.172727272727273,0.5363636363636364,0.7909090909090909,0
78.0,5.064102564102564,0.5512820512820513,0.8076923076923077,0
387.0,4.948320413436693,0.5012919896640827,0.7493540051679587,0
210.0,4.933333333333334,0.5,0.7428571428571429,0
145.0,4.572413793103448,0.4,0.6413793103448275,0
140.0,4.792857142857143,0.44285714285714284,0.6071428571428571,0
166.0,5.843373493975903,0.4819277108433735,0.7831325301204819,0
153.0,4.627450980392157,0.38562091503267976,0.5816993464052288,0
361.0,4.767313019390581,0.49584487534626037,0.7229916897506925,0
12.0,4.416666666666667,0.5833333333333334,0.5833333333333334,0
347.0,4.75792507204611,0.484149855907781,0.7118155619596542,0
469.0,4.722814498933902,0.43710021321961623,0.6247334754797441,0
330.0,4.590909090909091,0.43636363636363634,0.6454545454545455,0
90.0,5.066666666666666,0.6111111111111112,0.5444444444444444,0
281.0,5.227758007117438,0.5444839857651246,0.7188612099644128,0
38.0,5.2631578947368425,0.4473684210526316,0.868421052631579,0
38.0,5.026315789473684,0.5263157894736842,0.9210526315789473,0
48.0,5.416666666666667,0.5208333333333334,0.8958333333333334,0
120.0,5.1,0.44166666666666665,0.8666666666666667,0
30.0,4.9,0.3333333333333333,0.9,0
37.0,5.405405405405405,0.3783783783783784,0.8918918918918919,0
37.0,4.8108108108108105,0.4864864864864865,0.9459459459459459,0
41.0,5.7317073170731705,0.5609756097560976,0.975609756097561,0
33.0,4.96969696969697,0.48484848484848486,0.9393939393939394,0
37.0,5.0,0.3783783783783784,0.9459459459459459,0
38.0,5.078947368421052,0.47368421052631576,0.9473684210526315,0
40.0,4.575,0.475,0.975,0
32.0,5.28125,0.59375,1.0,0
41.0,5.2439024390243905,0.5609756097560976,0.975609756097561,0
39.0,4.82051282051282,0.38461538461538464,0.9487179487179487,0
57.0,4.614035087719298,0.42105263157894735,0.7894736842105263,0
59.0,4.728813559322034,0.3898305084745763,0.864406779661017,0
48.0,5.0625,0.375,0.8958333333333334,0
40.0,5.125,0.45,0.925,0
34.0,5.176470588235294,0.35294117647058826,0.9411764705882353,0
36.0,4.833333333333333,0.3333333333333333,0.8333333333333334,0
30.0,5.0,0.4666666666666667,0.9,0
32.0,4.71875,0.46875,1.0,0
60.0,4.95,0.5,0.8666666666666667,0
134.0,5.08955223880597,0.47761194029850745,0.8955223880597015,0
79.0,5.6835443037974684,0.5189873417721519,0.8860759493670886,0
91.0,4.846153846153846,0.46153846153846156,0.8791208791208791,0
110.0,4.8545454545454545,0.5272727272727272,0.9,0
92.0,5.391304347826087,0.4673913043478261,0.9021739130434783,0
34.0,4.882352941176471,0.4117647058823529,0.9117647058823529,0
31.0,5.129032258064516,0.45161290322580644,0.9354838709677419,0
37.0,5.162162162162162,0.3783783783783784,0.8918918918918919,0
47.0,5.319148936170213,0.3829787234042553,0.9148936170212766,0
26.0,5.038461538461538,0.38461538461538464,0.9230769230769231,0
67.0,4.686567164179104,0.4925373134328358,0.8955223880597015,0
46.0,5.108695652173913,0.391304347826087,0.8260869565217391,0
40.0,5.25,0.325,0.925,0
61.0,4.868852459016393,0.5409836065573771,0.8852459016393442,0
34.0,4.735294117647059,0.35294117647058826,0.9117647058823529,0
51.0,4.862745098039215,0.5294117647058824,0.9019607843137255,0
38.0,4.657894736842105,0.2631578947368421,0.868421052631579,0
27.0,4.592592592592593,0.4074074074074074,0.9629629629629629,0
78.0,5.038461538461538,0.5128205128205128,0.9230769230769231,0
29.0,5.137931034482759,0.4482758620689655,0.896551724137931,0
35.0,5.171428571428572,0.42857142857142855,0.8857142857142857,0
51.0,5.1568627450980395,0.37254901960784315,0.8823529411764706,0
24.0,4.833333333333333,0.5,0.9583333333333334,0
54.0,5.62962962962963,0.5185185185185185,0.9074074074074074,0
36.0,5.194444444444445,0.5277777777777778,0.9444444444444444,0
51.0,5.1568627450980395,0.43137254901960786,0.9607843137254902,0
29.0,5.586206896551724,0.5172413793103449,0.9310344827586207,0
57.0,5.157894736842105,0.42105263157894735,0.9473684210526315,0
61.0,5.0,0.39344262295081966,0.9508196721311475,0
43.0,5.069767441860465,0.46511627906976744,0.9534883720930233,0
38.0,5.184210526315789,0.4473684210526316,0.8947368421052632,0
62.0,4.919354838709677,0.45161290322580644,0.9354838709677419,0
38.0,4.842105263157895,0.42105263157894735,0.9736842105263158,0
33.0,5.757575757575758,0.48484848484848486,0.9090909090909091,0
27.0,5.518518518518518,0.4444444444444444,0.9629629629629629,0
43.0,6.069767441860465,0.5348837209302325,0.9302325581395349,0
39.0,5.487179487179487,0.48717948717948717,0.9487179487179487,0
47.0,5.127659574468085,0.3617021276595745,0.8723404255319149,0
28.0,5.107142857142857,0.39285714285714285,0.9642857142857143,0
33.0,4.96969696969697,0.45454545454545453,0.9090909090909091,0
36.0,5.083333333333333,0.4444444444444444,0.9444444444444444,0
60.0,4.783333333333333,0.55,0.7,0
34.0,5.529411764705882,0.5294117647058824,1.0,0
41.0,4.804878048780488,0.4634146341463415,0.9024390243902439,0
476.0,5.394957983193278,0.5777310924369747,0.7016806722689075,0
63.0,4.698412698412699,0.42857142857142855,0.9206349206349206,0
45.0,5.044444444444444,0.4888888888888889,0.9777777777777777,0
70.0,4.5285714285714285,0.5142857142857142,0.8714285714285714,0
37.0,4.891891891891892,0.40540540540540543,0.972972972972973,0
35.0,5.257142857142857,0.5714285714285714,1.0,0
32.0,4.78125,0.3125,0.90625,0
35.0,4.9714285714285715,0.4,0.9428571428571428,0
111.0,4.918918918918919,0.5045045045045045,0.8558558558558559,0
48.0,5.125,0.4583333333333333,0.9166666666666666,0
148.0,5.04054054054054,0.5067567567567568,0.8108108108108109,0
59.0,5.237288135593221,0.5423728813559322,0.9322033898305084,0
49.0,5.020408163265306,0.46938775510204084,0.9591836734693877,0
40.0,5.15,0.45,0.95,0
27.0,4.851851851851852,0.37037037037037035,0.9629629629629629,0
50.0,5.1,0.36,0.94,0
33.0,5.242424242424242,0.3939393939393939,0.9393939393939394,0
33.0,5.0,0.2727272727272727,0.9393939393939394,0
29.0,4.896551724137931,0.3793103448275862,0.9310344827586207,0
30.0,4.4,0.3,0.8666666666666667,0
40.0,4.825,0.3,0.95,0
47.0,4.957446808510638,0.425531914893617,0.8936170212765957,0
35.0,5.371428571428571,0.5714285714285714,0.9428571428571428,0
33.0,4.848484848484849,0.3333333333333333,0.9393939393939394,0
28.0,4.821428571428571,0.4642857142857143,0.9642857142857143,0
31.0,5.096774193548387,0.3870967741935484,0.9354838709677419,0
33.0,4.909090909090909,0.36363636363636365,0.9393939393939394,0
36.0,4.861111111111111,0.4722222222222222,0.9166666666666666,0
35.0,4.6,0.37142857142857144,0.8571428571428571,0
31.0,4.838709677419355,0.3225806451612903,0.9032258064516129,0
33.0,4.909090909090909,0.36363636363636365,0.9393939393939394,0
37.0,4.864864864864865,0.3783783783783784,0.9459459459459459,0
28.0,4.964285714285714,0.39285714285714285,0.9285714285714286,0
49.0,4.877551020408164,0.5306122448979592,0.9183673469387755,0
33.0,4.787878787878788,0.2727272727272727,0.9393939393939394,0
40.0,4.3,0.4,0.8,0
33.0,5.0,0.3333333333333333,0.9393939393939394,0
40.0,5.175,0.45,0.95,0
25.0,5.24,0.4,0.92,0
36.0,4.916666666666667,0.4722222222222222,0.8888888888888888,0
27.0,4.851851851851852,0.2962962962962963,0.9259259259259259,0
34.0,5.176470588235294,0.4411764705882353,0.9705882352941176,0
34.0,5.176470588235294,0.47058823529411764,0.8823529411764706,0
46.0,5.173913043478261,0.4782608695652174,0.8695652173913043,0
23.0,5.304347826086956,0.2608695652173913,0.8695652173913043,0
35.0,4.914285714285715,0.4857142857142857,0.9714285714285714,0
30.0,4.7,0.26666666666666666,0.9333333333333333,0
40.0,5.175,0.375,0.925,0
33.0,4.9393939393939394,0.36363636363636365,0.9090909090909091,0
45.0,4.866666666666666,0.37777777777777777,0.8444444444444444,0
36.0,5.055555555555555,0.3333333333333333,0.9444444444444444,0
26.0,4.961538461538462,0.2692307692307692,0.9230769230769231,0
27.0,4.962962962962963,0.37037037037037035,0.9259259259259259,0
26.0,5.115384615384615,0.34615384615384615,0.9230769230769231,0
31.0,5.354838709677419,0.3548387096774194,0.9354838709677419,0
47.0,5.170212765957447,0.3829787234042553,0.9148936170212766,0
34.0,4.529411764705882,0.29411764705882354,0.9117647058823529,0
42.0,5.023809523809524,0.42857142857142855,0.8571428571428571,0
28.0,4.928571428571429,0.32142857142857145,0.9285714285714286,0
28.0,4.785714285714286,0.35714285714285715,0.9285714285714286,0
41.0,4.658536585365853,0.24390243902439024,0.9024390243902439,0
31.0,4.806451612903226,0.3548387096774194,0.9032258064516129,0
33.0,4.757575757575758,0.36363636363636365,0.9393939393939394,0
34.0,4.823529411764706,0.3235294117647059,0.9117647058823529,0
28.0,4.821428571428571,0.32142857142857145,0.9285714285714286,0
43.0,4.604651162790698,0.4418604651162791,0.8837209302325582,0
58.0,5.051724137931035,0.4482758620689655,0.896551724137931,0
33.0,4.393939393939394,0.36363636363636365,0.8787878787878788,0
38.0,5.078947368421052,0.39473684210526316,0.9473684210526315,0
43.0,4.837209302325581,0.3953488372093023,0.9069767441860465,0
28.0,4.892857142857143,0.39285714285714285,0.9285714285714286,0
24.0,4.833333333333333,0.2916666666666667,0.9166666666666666,0
26.0,4.653846153846154,0.3076923076923077,0.9230769230769231,0
31.0,4.774193548387097,0.3870967741935484,0.9354838709677419,0
38.0,4.947368421052632,0.4473684210526316,0.9473684210526315,0
39.0,4.846153846153846,0.41025641025641024,0.9487179487179487,0
46.0,4.586956521739131,0.3695652173913043,0.8913043478260869,0
31.0,4.903225806451613,0.3225806451612903,0.967741935483871,0
54.0,4.925925925925926,0.3888888888888889,0.9074074074074074,0
41.0,5.024390243902439,0.36585365853658536,0.926829268292683,0
34.0,4.588235294117647,0.35294117647058826,0.9411764705882353,0
34.0,4.676470588235294,0.20588235294117646,0.8823529411764706,0
35.0,5.2,0.3142857142857143,0.9428571428571428,0
30.0,4.866666666666666,0.3,0.8333333333333334,0
33.0,5.393939393939394,0.48484848484848486,1.0,0
40.0,4.65,0.3,0.85,0
39.0,4.717948717948718,0.3333333333333333,0.8974358974358975,0
37.0,4.891891891891892,0.35135135135135137,0.918918918918919,0
32.0,4.9375,0.40625,0.9375,0
24.0,4.875,0.375,0.9583333333333334,0
34.0,5.4411764705882355,0.6176470588235294,0.8823529411764706,0
30.0,5.066666666666666,0.36666666666666664,0.9333333333333333,0
34.0,4.176470588235294,0.38235294117647056,0.8529411764705882,0
59.0,4.8474576271186445,0.4915254237288136,0.864406779661017,0
51.0,4.96078431372549,0.39215686274509803,0.9215686274509803,0
34.0,4.676470588235294,0.35294117647058826,0.9705882352941176,0
56.0,4.839285714285714,0.375,0.9464285714285714,0
32.0,4.78125,0.5,0.96875,0
62.0,4.919354838709677,0.4032258064516129,0.9516129032258065,0
68.0,4.970588235294118,0.4411764705882353,0.9264705882352942,0
46.0,4.913043478260869,0.391304347826087,0.8478260869565217,0
69.0,4.333333333333333,0.463768115942029,0.8695652173913043,0
70.0,4.957142857142857,0.42857142857142855,0.9285714285714286,0
32.0,5.1875,0.46875,0.96875,0
51.0,4.764705882352941,0.39215686274509803,0.9215686274509803,0
54.0,4.722222222222222,0.3888888888888889,0.9074074074074074,0
42.0,5.357142857142857,0.5238095238095238,0.9523809523809523,0
59.0,4.813559322033898,0.4406779661016949,0.8983050847457628,0
52.0,4.75,0.36538461538461536,0.9423076923076923,0
52.0,4.865384615384615,0.4423076923076923,0.8461538461538461,0
58.0,4.844827586206897,0.5,0.8793103448275862,0
35.0,4.857142857142857,0.45714285714285713,0.8857142857142857,0
47.0,4.851063829787234,0.44680851063829785,0.9148936170212766,0
60.0,4.666666666666667,0.4166666666666667,0.9166666666666666,0
68.0,5.014705882352941,0.4264705882352941,0.9411764705882353,0
49.0,4.918367346938775,0.40816326530612246,0.9387755102040817,0
52.0,4.961538461538462,0.4423076923076923,0.9230769230769231,0
36.0,5.194444444444445,0.5,1.0,0
75.0,4.906666666666666,0.4266666666666667,0.9333333333333333,0
45.0,5.066666666666666,0.4666666666666667,0.9333333333333333,0
52.0,4.923076923076923,0.4423076923076923,0.9423076923076923,0
61.0,4.885245901639344,0.47540983606557374,0.9508196721311475,0
58.0,4.844827586206897,0.39655172413793105,0.9137931034482759,0
40.0,4.725,0.425,0.95,0
55.0,4.745454545454545,0.4,0.9272727272727272,0
35.0,5.514285714285714,0.5142857142857142,0.9714285714285714,0
38.0,4.973684210526316,0.39473684210526316,0.9473684210526315,0
46.0,4.826086956521739,0.391304347826087,0.9347826086956522,0
137.0,4.978102189781022,0.48175182481751827,0.8686131386861314,0
36.0,5.0,0.3888888888888889,0.9722222222222222,0
32.0,5.53125,0.40625,0.9375,0
52.0,4.096153846153846,0.34615384615384615,0.8846153846153846,0
76.0,4.9605263157894735,0.42105263157894735,0.8289473684210527,0
73.0,4.767123287671233,0.4383561643835616,0.9041095890410958,0
76.0,4.815789473684211,0.40789473684210525,0.9078947368421053,0
58.0,5.068965517241379,0.4482758620689655,0.9482758620689655,0
64.0,4.734375,0.359375,0.921875,0
42.0,4.571428571428571,0.40476190476190477,0.9047619047619048,0
31.0,4.838709677419355,0.25806451612903225,1.0,0
51.0,4.96078431372549,0.4117647058823529,0.9411764705882353,0
73.0,4.780821917808219,0.4520547945205479,0.8904109589041096,0
39.0,4.948717948717949,0.38461538461538464,0.8974358974358975,0
38.0,4.631578947368421,0.34210526315789475,0.9736842105263158,0
44.0,4.75,0.38636363636363635,0.9090909090909091,0
43.0,5.3023255813953485,0.46511627906976744,0.9767441860465116,0
74.0,5.216216216216216,0.40540540540540543,0.9324324324324325,0
43.0,4.906976744186046,0.37209302325581395,0.9069767441860465,0
49.0,4.6938775510204085,0.2857142857142857,0.9183673469387755,0
28.0,4.642857142857143,0.32142857142857145,0.8571428571428571,0
61.0,4.737704918032787,0.4098360655737705,0.9016393442622951,0
31.0,4.870967741935484,0.45161290322580644,1.0,0
68.0,4.632352941176471,0.4117647058823529,0.8823529411764706,0
33.0,4.878787878787879,0.3939393939393939,0.9090909090909091,0
33.0,5.2727272727272725,0.45454545454545453,0.9696969696969697,0
39.0,4.410256410256411,0.38461538461538464,0.9230769230769231,0
48.0,4.791666666666667,0.375,0.9375,0
42.0,4.166666666666667,0.35714285714285715,0.9047619047619048,0
39.0,4.897435897435898,0.358974358974359,0.9230769230769231,0
31.0,4.516129032258065,0.45161290322580644,0.9032258064516129,0
34.0,5.0588235294117645,0.35294117647058826,0.9705882352941176,0
51.0,5.03921568627451,0.4117647058823529,0.9215686274509803,0
46.0,4.543478260869565,0.32608695652173914,0.8913043478260869,0
48.0,4.958333333333333,0.4166666666666667,0.9375,0
39.0,4.82051282051282,0.3333333333333333,0.8974358974358975,0
59.0,4.966101694915254,0.3559322033898305,0.9322033898305084,0
30.0,5.0,0.2,0.9,0
84.0,4.392857142857143,0.32142857142857145,0.8095238095238095,0
134.0,4.932835820895522,0.4552238805970149,0.7985074626865671,0
74.0,5.027027027027027,0.43243243243243246,0.9054054054054054,0
46.0,4.8478260869565215,0.41304347826086957,0.9347826086956522,0
38.0,5.184210526315789,0.5,0.868421052631579,0
74.0,5.256756756756757,0.7162162162162162,0.7297297297297297,0
242.0,5.194214876033058,0.6074380165289256,0.6776859504132231,0
384.0,5.177083333333333,0.4869791666666667,0.5885416666666666,0
315.0,5.165079365079365,0.46984126984126984,0.7047619047619048,0
79.0,4.8354430379746836,0.569620253164557,0.7974683544303798,0
200.0,4.985,0.56,0.715,0
32.0,5.21875,0.25,0.78125,0
106.0,4.6415094339622645,0.5849056603773585,0.7169811320754716,0
138.0,4.7898550724637685,0.39855072463768115,0.7463768115942029,0
152.0,5.131578947368421,0.5592105263157895,0.8289473684210527,0
16.0,6.3125,0.8125,0.6875,0
310.0,5.32258064516129,0.5935483870967742,0.6096774193548387,0
203.0,5.344827586206897,0.5270935960591133,0.7931034482758621,0
423.0,4.83451536643026,0.4515366430260047,0.7257683215130024,0
220.0,4.695454545454545,0.4727272727272727,0.7,0
60.0,6.016666666666667,0.5333333333333333,0.6666666666666666,0
69.0,6.0,0.6231884057971014,0.4057971014492754,0
36.0,5.0,0.3888888888888889,0.8333333333333334,0
27.0,4.7407407407407405,0.4444444444444444,0.8888888888888888,0
138.0,4.920289855072464,0.34057971014492755,0.6956521739130435,0
459.0,4.9869281045751634,0.4335511982570806,0.7145969498910676,0
146.0,4.678082191780822,0.3972602739726027,0.6301369863013698,0
127.0,4.716535433070866,0.44881889763779526,0.6299212598425197,0
382.0,4.777486910994765,0.5052356020942408,0.693717277486911,0
282.0,4.932624113475177,0.5319148936170213,0.6808510638297872,0
66.0,5.242424242424242,0.4393939393939394,0.803030303030303,0
30.0,5.333333333333333,0.4666666666666667,0.5666666666666667,0
45.0,5.466666666666667,0.6222222222222222,0.7777777777777778,0
172.0,5.1395348837209305,0.5058139534883721,0.7906976744186046,0
213.0,5.286384976525822,0.5586854460093896,0.7417840375586855,0
100.0,5.26,0.52,0.78,0
102.0,5.176470588235294,0.43137254901960786,0.5196078431372549,0
182.0,4.972527472527473,0.489010989010989,0.6648351648351648,0
368.0,4.896739130434782,0.41032608695652173,0.6956521739130435,0
103.0,5.368932038834951,0.6504854368932039,0.7572815533980582,0
145.0,4.841379310344828,0.496551724137931,0.8413793103448276,0
392.0,5.344387755102041,0.5255102040816326,0.6403061224489796,0
218.0,4.8577981651376145,0.44954128440366975,0.6926605504587156,0
180.0,5.155555555555556,0.5055555555555555,0.6555555555555556,0
68.0,5.8088235294117645,0.6176470588235294,0.5735294117647058,0
338.0,5.109467455621302,0.4881656804733728,0.6863905325443787,0
75.0,5.426666666666667,0.5333333333333333,0.7733333333333333,0
11.0,5.7272727272727275,0.45454545454545453,0.9090909090909091,0
328.0,4.972560975609756,0.45121951219512196,0.7103658536585366,0
184.0,5.086956521739131,0.41304347826086957,0.6739130434782609,0
40.0,4.625,0.45,0.85,0
139.0,5.244604316546763,0.48201438848920863,0.6115107913669064,0
44.0,4.681818181818182,0.7954545454545454,0.7045454545454546,0
102.0,5.313725490196078,0.45098039215686275,0.7058823529411765,0
18.0,6.0,0.5,0.7777777777777778,0
71.0,5.633802816901408,0.7746478873239436,0.7323943661971831,0
266.0,4.966165413533835,0.39473684210526316,0.7218045112781954,0
31.0,5.161290322580645,0.2903225806451613,1.0,0
50.0,4.7,0.36,0.86,0
292.0,5.126712328767123,0.6061643835616438,0.7602739726027398,0
127.0,5.102362204724409,0.6220472440944882,0.7086614173228346,0
51.0,4.8431372549019605,0.43137254901960786,0.803921568627451,0
58.0,4.879310344827586,0.39655172413793105,0.896551724137931,0
40.0,4.95,0.45,0.9,0
57.0,4.543859649122807,0.45614035087719296,0.8421052631578947,0
36.0,4.75,0.2777777777777778,0.9166666666666666,0
33.0,4.515151515151516,0.36363636363636365,0.8181818181818182,0
55.0,4.781818181818182,0.36363636363636365,0.9272727272727272,0
33.0,4.96969696969697,0.5454545454545454,0.9393939393939394,0
64.0,4.71875,0.359375,0.859375,0
45.0,4.977777777777778,0.5111111111111111,0.9555555555555556,0
47.0,4.680851063829787,0.3617021276595745,0.8723404255319149,0
64.0,5.03125,0.40625,0.90625,0
67.0,4.91044776119403,0.43283582089552236,0.8059701492537313,0
66.0,4.863636363636363,0.3787878787878788,0.9242424242424242,0
54.0,5.0,0.42592592592592593,0.9259259259259259,0
35.0,4.9714285714285715,0.5428571428571428,0.9714285714285714,0
34.0,4.823529411764706,0.35294117647058826,0.8235294117647058,0
53.0,4.716981132075472,0.33962264150943394,0.9056603773584906,0
35.0,4.857142857142857,0.37142857142857144,0.9428571428571428,0
70.0,4.714285714285714,0.35714285714285715,0.8428571428571429,0
58.0,4.637931034482759,0.3620689655172414,0.8620689655172413,0
30.0,4.333333333333333,0.3,0.9333333333333333,0
393.0,5.440203562340967,0.5165394402035624,0.6615776081424937,0
110.0,4.9818181818181815,0.4636363636363636,0.8909090909090909,0
54.0,4.87037037037037,0.42592592592592593,0.9444444444444444,0
59.0,4.966101694915254,0.423728813559322,0.8983050847457628,0
47.0,4.723404255319149,0.2978723404255319,0.8723404255319149,0
52.0,4.846153846153846,0.4230769230769231,0.9423076923076923,0
30.0,4.766666666666667,0.23333333333333334,0.9333333333333333,0
36.0,4.805555555555555,0.3055555555555556,0.9166666666666666,0
74.0,4.675675675675675,0.44594594594594594,0.918918918918919,0
44.0,4.568181818181818,0.45454545454545453,0.9545454545454546,0
61.0,5.081967213114754,0.4918032786885246,0.9180327868852459,0
58.0,4.689655172413793,0.4827586206896552,0.9310344827586207,0
52.0,5.326923076923077,0.5576923076923077,0.8846153846153846,0
194.0,4.835051546391752,0.4536082474226804,0.8556701030927835,0
45.0,4.644444444444445,0.4888888888888889,0.9111111111111111,0
45.0,4.977777777777778,0.4222222222222222,0.9333333333333333,0
41.0,4.780487804878049,0.43902439024390244,0.926829268292683,0
49.0,4.714285714285714,0.3673469387755102,0.9183673469387755,0
213.0,4.704225352112676,0.431924882629108,0.812206572769953,0
33.0,5.03030303030303,0.3939393939393939,0.9393939393939394,0
74.0,4.8108108108108105,0.33783783783783783,0.8783783783783784,0
61.0,4.754098360655738,0.45901639344262296,0.9344262295081968,0
50.0,4.98,0.42,0.92,0
46.0,3.9565217391304346,0.3695652173913043,0.8043478260869565,0
82.0,4.853658536585366,0.43902439024390244,0.8902439024390244,0
39.0,5.282051282051282,0.4358974358974359,0.9487179487179487,0
61.0,5.147540983606557,0.3114754098360656,0.9016393442622951,0
62.0,4.790322580645161,0.3548387096774194,0.9193548387096774,0
58.0,4.758620689655173,0.39655172413793105,0.9137931034482759,0
50.0,4.82,0.36,0.94,0
44.0,4.704545454545454,0.36363636363636365,0.9545454545454546,0
58.0,5.741379310344827,0.5344827586206896,0.9482758620689655,0
35.0,4.3428571428571425,0.4,0.8857142857142857,0
96.0,4.71875,0.4479166666666667,0.84375,0
79.0,4.822784810126582,0.35443037974683544,0.8734177215189873,0
61.0,4.950819672131147,0.39344262295081966,0.9180327868852459,0
65.0,4.892307692307693,0.49230769230769234,0.9384615384615385,0
60.0,4.783333333333333,0.4,0.8833333333333333,0
55.0,4.763636363636364,0.4,0.9090909090909091,0
76.0,4.75,0.4342105263157895,0.881578947368421,0
48.0,4.854166666666667,0.3958333333333333,0.9375,0
113.0,4.646017699115045,0.48672566371681414,0.7964601769911505,0
105.0,5.20952380952381,0.4857142857142857,0.8761904761904762,0
131.0,5.297709923664122,0.5038167938931297,0.8549618320610687,0
34.0,5.0588235294117645,0.4411764705882353,0.9411764705882353,0
64.0,4.828125,0.359375,0.921875,0
76.0,4.723684210526316,0.3815789473684211,0.9078947368421053,0
58.0,4.827586206896552,0.3103448275862069,0.9482758620689655,0
58.0,5.0344827586206895,0.3793103448275862,0.9137931034482759,0
51.0,4.9411764705882355,0.39215686274509803,0.9411764705882353,0
87.0,4.793103448275862,0.40229885057471265,0.896551724137931,0
72.0,5.444444444444445,0.4444444444444444,0.7638888888888888,0
46.0,4.739130434782608,0.41304347826086957,0.9347826086956522,0
61.0,4.754098360655738,0.32786885245901637,0.9180327868852459,0
53.0,4.943396226415095,0.39622641509433965,0.8490566037735849,0
42.0,5.4523809523809526,0.5,0.9523809523809523,0
99.0,5.01010101010101,0.48484848484848486,0.8686868686868687,0
68.0,4.6911764705882355,0.4264705882352941,0.9117647058823529,0
30.0,5.066666666666666,0.4,0.9666666666666667,0
44.0,4.4772727272727275,0.36363636363636365,0.8863636363636364,0
46.0,4.760869565217392,0.34782608695652173,0.9347826086956522,0
64.0,5.03125,0.640625,0.921875,0
62.0,4.645161290322581,0.4032258064516129,0.8870967741935484,0
63.0,4.555555555555555,0.3492063492063492,0.873015873015873,0
57.0,4.87719298245614,0.43859649122807015,0.9473684210526315,0
56.0,5.142857142857143,0.4642857142857143,0.9464285714285714,0
48.0,4.9375,0.4166666666666667,0.9375,0
44.0,4.931818181818182,0.4090909090909091,0.8181818181818182,0
41.0,4.780487804878049,0.3902439024390244,0.926829268292683,0
38.0,4.5,0.39473684210526316,0.9473684210526315,0
37.0,4.675675675675675,0.5135135135135135,0.972972972972973,0
77.0,4.207792207792208,0.36363636363636365,0.6363636363636364,0
73.0,5.027397260273973,0.3835616438356164,0.9178082191780822,0
68.0,4.6911764705882355,0.3235294117647059,0.8823529411764706,0
63.0,4.777777777777778,0.3333333333333333,0.8888888888888888,0
55.0,4.6909090909090905,0.38181818181818183,0.9090909090909091,0
59.0,4.728813559322034,0.423728813559322,0.9322033898305084,0
60.0,4.883333333333334,0.36666666666666664,0.9166666666666666,0
61.0,4.80327868852459,0.39344262295081966,0.9016393442622951,0
52.0,5.0,0.4423076923076923,0.9230769230769231,0
71.0,4.901408450704225,0.4225352112676056,0.9154929577464789,0
62.0,4.870967741935484,0.3387096774193548,0.9193548387096774,0
54.0,4.796296296296297,0.3888888888888889,0.9074074074074074,0
93.0,4.645161290322581,0.41935483870967744,0.8172043010752689,0
45.0,4.866666666666666,0.4666666666666667,0.9111111111111111,0
51.0,4.803921568627451,0.43137254901960786,0.9411764705882353,0
37.0,4.756756756756757,0.3783783783783784,0.918918918918919,0
155.0,4.593548387096774,0.49032258064516127,0.7483870967741936,0
23.0,5.130434782608695,0.5652173913043478,0.9565217391304348,0
13.0,4.384615384615385,0.6923076923076923,0.9230769230769231,0
119.0,5.0,0.5294117647058824,0.773109243697479,0
389.0,4.719794344473008,0.5167095115681234,0.6812339331619537,0
101.0,4.7227722772277225,0.49504950495049505,0.8316831683168316,0
45.0,4.733333333333333,0.4666666666666667,0.9555555555555556,0
56.0,4.875,0.42857142857142855,0.9464285714285714,0
45.0,4.7555555555555555,0.37777777777777777,0.9333333333333333,0
56.0,4.982142857142857,0.44642857142857145,0.9464285714285714,0
47.0,4.8936170212765955,0.425531914893617,0.9361702127659575,0
55.0,4.781818181818182,0.4,0.9272727272727272,0
65.0,4.6461538461538465,0.4,0.8923076923076924,0
53.0,4.716981132075472,0.4339622641509434,0.9433962264150944,0
47.0,4.851063829787234,0.40425531914893614,0.9361702127659575,0
52.0,4.923076923076923,0.40384615384615385,0.9230769230769231,0
83.0,4.518072289156627,0.37349397590361444,0.7710843373493976,0
48.0,4.708333333333333,0.375,0.9166666666666666,0
34.0,5.029411764705882,0.38235294117647056,0.9411764705882353,0
106.0,4.830188679245283,0.4056603773584906,0.8018867924528302,0
54.0,4.7592592592592595,0.37037037037037035,0.9259259259259259,0
60.0,4.983333333333333,0.4166666666666667,0.9166666666666666,0
80.0,4.6625,0.4,0.875,0
135.0,4.7481481481481485,0.5407407407407407,0.7925925925925926,0
45.0,4.5777777777777775,0.5333333333333333,0.8222222222222222,0
102.0,4.352941176470588,0.37254901960784315,0.7843137254901961,0
449.0,4.910913140311804,0.5011135857461024,0.6614699331848553,0
179.0,4.837988826815643,0.5251396648044693,0.8100558659217877,0
475.0,4.941052631578947,0.5494736842105263,0.6273684210526316,0
123.0,4.691056910569106,0.4065040650406504,0.5934959349593496,0
126.0,4.722222222222222,0.47619047619047616,0.8095238095238095,0
298.0,4.6879194630872485,0.3959731543624161,0.5302013422818792,0
2.0,8.0,0.5,1.0,0
77.0,5.363636363636363,0.4935064935064935,0.7272727272727273,0
17.0,6.0588235294117645,0.6470588235294118,0.9411764705882353,0
9.0,5.111111111111111,0.4444444444444444,0.8888888888888888,0
130.0,4.984615384615385,0.36153846153846153,0.7230769230769231,0
31.0,4.645161290322581,0.41935483870967744,0.7419354838709677,0
200.0,4.985,0.465,0.76,0
469.0,5.0,0.47121535181236673,0.7057569296375267,0
208.0,5.048076923076923,0.4855769230769231,0.7548076923076923,0
277.0,4.855595667870036,0.49097472924187724,0.776173285198556,0
48.0,5.395833333333333,0.5208333333333334,0.8958333333333334,0
278.0,4.784172661870503,0.39928057553956836,0.7266187050359713,0
115.0,4.973913043478261,0.4434782608695652,0.8347826086956521,0
183.0,4.80327868852459,0.5355191256830601,0.6994535519125683,0
189.0,5.015873015873016,0.41798941798941797,0.6984126984126984,0
124.0,5.040322580645161,0.5645161290322581,0.782258064516129,0
177.0,4.790960451977401,0.4124293785310734,0.6214689265536724,0
12.0,4.416666666666667,0.3333333333333333,1.0,0
378.0,4.867724867724868,0.6164021164021164,0.5582010582010583,0
254.0,4.881889763779528,0.44881889763779526,0.7047244094488189,0
252.0,5.099206349206349,0.45634920634920634,0.753968253968254,0
15.0,5.6,0.4666666666666667,0.8,0
56.0,4.803571428571429,0.35714285714285715,0.75,0
20.0,5.5,0.55,0.85,0
298.0,4.721476510067114,0.5234899328859061,0.6845637583892618,0
276.0,4.77536231884058,0.5108695652173914,0.7101449275362319,0
301.0,4.9335548172757475,0.4584717607973422,0.6710963455149501,0
236.0,4.8474576271186445,0.4915254237288136,0.7415254237288136,0
72.0,4.888888888888889,0.4444444444444444,0.8333333333333334,0
100.0,5.36,0.62,0.77,0
126.0,5.071428571428571,0.31746031746031744,0.5714285714285714,0
308.0,4.503246753246753,0.33766233766233766,0.5876623376623377,0
54.0,4.851851851851852,0.3888888888888889,0.7222222222222222,0
54.0,4.296296296296297,0.24074074074074073,0.7222222222222222,0
50.0,4.56,0.34,0.66,0
70.0,4.8428571428571425,0.3,0.9428571428571428,0
87.0,4.597701149425287,0.4482758620689655,0.8045977011494253,0
34.0,4.529411764705882,0.2647058823529412,0.9411764705882353,0
36.0,5.0,0.4166666666666667,0.8888888888888888,0
63.0,4.761904761904762,0.4126984126984127,0.9206349206349206,0
67.0,4.7164179104477615,0.3880597014925373,0.8507462686567164,0
68.0,5.147058823529412,0.5147058823529411,0.8823529411764706,0
52.0,4.903846153846154,0.36538461538461536,0.9230769230769231,0
51.0,4.666666666666667,0.39215686274509803,0.9215686274509803,0
63.0,4.619047619047619,0.3492063492063492,0.8888888888888888,0
63.0,4.857142857142857,0.4603174603174603,0.9365079365079365,0
92.0,4.913043478260869,0.45652173913043476,0.8804347826086957,0
63.0,4.587301587301587,0.42857142857142855,0.9047619047619048,0
64.0,4.875,0.3125,0.9375,0
33.0,4.393939393939394,0.3333333333333333,0.9090909090909091,0
67.0,4.656716417910448,0.3582089552238806,0.8805970149253731,0
303.0,4.983498349834983,0.5115511551155115,0.8151815181518152,0
79.0,4.455696202531645,0.35443037974683544,0.8734177215189873,0
44.0,4.7727272727272725,0.38636363636363635,0.9318181818181818,0
68.0,4.602941176470588,0.38235294117647056,0.8676470588235294,0
62.0,4.758064516129032,0.3870967741935484,0.9516129032258065,0
79.0,4.531645569620253,0.31645569620253167,0.810126582278481,0
43.0,4.4186046511627906,0.3488372093023256,0.8837209302325582,0
76.0,4.5,0.3157894736842105,0.75,0
51.0,4.745098039215686,0.35294117647058826,0.9215686274509803,0
418.0,4.80622009569378,0.5358851674641149,0.7440191387559809,0
86.0,4.790697674418604,0.45348837209302323,0.872093023255814,0
53.0,4.830188679245283,0.5471698113207547,0.9433962264150944,0
225.0,4.635555555555555,0.5644444444444444,0.6577777777777778,0
313.0,4.798722044728435,0.5207667731629393,0.7412140575079872,0
270.0,5.140740740740741,0.562962962962963,0.7851851851851852,0
356.0,4.867977528089888,0.4241573033707865,0.4157303370786517,0
49.0,4.469387755102041,0.20408163265306123,0.7959183673469388,0
32.0,5.09375,0.46875,0.84375,0
88.0,4.340909090909091,0.375,0.6818181818181818,0
89.0,4.606741573033708,0.39325842696629215,0.8651685393258427,0
228.0,4.921052631578948,0.5175438596491229,0.6929824561403509,0
70.0,4.785714285714286,0.37142857142857144,0.9,0
310.0,4.874193548387097,0.5193548387096775,0.6645161290322581,0
90.0,4.066666666666666,0.4,0.6666666666666666,0
58.0,4.913793103448276,0.41379310344827586,0.9310344827586207,0
24.0,5.625,0.5833333333333334,0.9166666666666666,0
58.0,5.086206896551724,0.3448275862068966,0.9310344827586207,0
93.0,4.645161290322581,0.43010752688172044,0.8279569892473119,0
44.0,4.4772727272727275,0.4318181818181818,0.8863636363636364,0
53.0,4.679245283018868,0.3584905660377358,0.9245283018867925,0
53.0,5.037735849056604,0.4339622641509434,0.9433962264150944,0
51.0,4.901960784313726,0.4117647058823529,0.9215686274509803,0
42.0,4.428571428571429,0.38095238095238093,0.9047619047619048,0
24.0,6.166666666666667,0.3333333333333333,0.9166666666666666,0
71.0,4.943661971830986,0.36619718309859156,0.9295774647887324,0
51.0,4.784313725490196,0.37254901960784315,0.9215686274509803,0
45.0,4.8,0.4,0.9333333333333333,0
60.0,4.783333333333333,0.4,0.9166666666666666,0
43.0,5.069767441860465,0.4418604651162791,0.8837209302325582,0
50.0,4.72,0.4,0.92,0
79.0,4.89873417721519,0.4050632911392405,0.8987341772151899,0
67.0,4.2835820895522385,0.373134328358209,0.7313432835820896,0
64.0,4.875,0.484375,0.90625,0
208.0,4.6875,0.41346153846153844,0.8125,0
63.0,4.714285714285714,0.42857142857142855,0.9047619047619048,0
98.0,4.418367346938775,0.40816326530612246,0.8163265306122449,0
55.0,4.836363636363636,0.43636363636363634,0.9454545454545454,0
56.0,4.821428571428571,0.48214285714285715,0.9107142857142857,0
55.0,4.945454545454545,0.36363636363636365,0.9454545454545454,0
55.0,4.909090909090909,0.41818181818181815,0.9454545454545454,0
34.0,5.088235294117647,0.5882352941176471,0.9117647058823529,0
125.0,4.568,0.416,0.76,0
71.0,5.112676056338028,0.4507042253521127,0.9436619718309859,0
44.0,5.0227272727272725,0.4090909090909091,0.9318181818181818,0
35.0,4.6571428571428575,0.4,0.9428571428571428,0
28.0,5.142857142857143,0.39285714285714285,0.9285714285714286,0
55.0,4.909090909090909,0.41818181818181815,0.9272727272727272,0
39.0,4.948717948717949,0.41025641025641024,0.9230769230769231,0
72.0,4.819444444444445,0.4444444444444444,0.9444444444444444,0
64.0,4.3125,0.34375,0.71875,0
51.0,4.411764705882353,0.3137254901960784,0.8823529411764706,0
91.0,4.263736263736264,0.3076923076923077,0.7032967032967034,0
93.0,4.655913978494624,0.44086021505376344,0.7956989247311828,0
367.0,4.997275204359673,0.4604904632152589,0.6512261580381471,0
88.0,4.681818181818182,0.5113636363636364,0.8295454545454546,0
85.0,4.564705882352941,0.3176470588235294,0.8588235294117647,0
43.0,4.790697674418604,0.37209302325581395,0.9302325581395349,0
71.0,4.661971830985915,0.39436619718309857,0.7746478873239436,0
54.0,4.537037037037037,0.5,0.9074074074074074,0
45.0,4.822222222222222,0.37777777777777777,0.9333333333333333,0
74.0,4.5,0.527027027027027,0.6621621621621622,0
60.0,5.033333333333333,0.38333333333333336,0.9666666666666667,0
31.0,4.709677419354839,0.6451612903225806,0.8709677419354839,0
147.0,4.843537414965986,0.48299319727891155,0.7278911564625851,0
45.0,4.666666666666667,0.6,0.8444444444444444,0
42.0,4.285714285714286,0.5714285714285714,0.7380952380952381,0
56.0,4.517857142857143,0.4107142857142857,0.8035714285714286,0
93.0,5.129032258064516,0.45161290322580644,0.6989247311827957,0
232.0,4.133620689655173,0.41810344827586204,0.6163793103448276,0
340.0,4.658823529411765,0.45,0.5235294117647059,0
307.0,4.960912052117264,0.5635179153094463,0.742671009771987,0
69.0,4.971014492753623,0.463768115942029,0.8260869565217391,0
45.0,4.866666666666666,0.4888888888888889,0.9111111111111111,0
50.0,5.14,0.3,0.72,0
9.0,5.0,0.8888888888888888,0.8888888888888888,0
362.0,4.68232044198895,0.47513812154696133,0.7430939226519337,0
133.0,6.203007518796992,0.6390977443609023,0.8646616541353384,0
365.0,4.936986301369863,0.4328767123287671,0.6712328767123288,0
233.0,4.952789699570816,0.351931330472103,0.5450643776824035,0
127.0,4.960629921259843,0.5433070866141733,0.7322834645669292,0
367.0,5.574931880108992,0.6730245231607629,0.7329700272479565,0
394.0,5.00761421319797,0.43147208121827413,0.7639593908629442,0
448.0,4.555803571428571,0.3705357142857143,0.6183035714285714,0
11.0,4.090909090909091,0.5454545454545454,1.0,0
168.0,4.928571428571429,0.5119047619047619,0.7083333333333334,0
274.0,4.799270072992701,0.5802919708029197,0.7007299270072993,0
192.0,4.442708333333333,0.4479166666666667,0.6927083333333334,0
32.0,4.6875,0.40625,0.8125,0
303.0,4.745874587458746,0.4752475247524752,0.66996699669967,0
99.0,5.151515151515151,0.3939393939393939,0.7676767676767676,0
316.0,4.927215189873418,0.47468354430379744,0.7151898734177216,0
156.0,5.92948717948718,0.6025641025641025,0.8141025641025641,0
436.0,4.6880733944954125,0.4610091743119266,0.6215596330275229,0
417.0,4.880095923261391,0.49640287769784175,0.6714628297362111,0
408.0,4.517156862745098,0.4632352941176471,0.6813725490196079,0
41.0,4.365853658536586,0.3902439024390244,0.8292682926829268,0
93.0,5.258064516129032,0.5913978494623656,0.8602150537634409,0
117.0,4.846153846153846,0.5384615384615384,0.7692307692307693,0
48.0,4.645833333333333,0.6041666666666666,0.6666666666666666,0
16.0,5.375,0.5,0.9375,0
360.0,4.622222222222222,0.43333333333333335,0.6027777777777777,0
85.0,4.811764705882353,0.4588235294117647,0.788235294117647,0
106.0,4.971698113207547,0.5660377358490566,0.7735849056603774,0
74.0,4.5675675675675675,0.4864864864864865,0.7972972972972973,0
391.0,4.718670076726343,0.4782608695652174,0.4782608695652174,0
35.0,4.542857142857143,0.7142857142857143,0.8285714285714286,0
412.0,5.04126213592233,0.49514563106796117,0.6796116504854369,0
350.0,5.271428571428571,0.45714285714285713,0.5771428571428572,0
367.0,5.479564032697548,0.49591280653950953,0.6948228882833788,0
379.0,5.213720316622691,0.44591029023746703,0.6094986807387863,0
206.0,4.951456310679611,0.5145631067961165,0.7524271844660194,0
95.0,5.536842105263158,0.6631578947368421,0.7789473684210526,0
82.0,5.365853658536586,0.5365853658536586,0.7073170731707317,0
222.0,4.373873873873874,0.35135135135135137,0.6576576576576577,0
82.0,5.682926829268292,0.4878048780487805,0.7560975609756098,0
75.0,5.1866666666666665,0.49333333333333335,0.84,0
404.0,4.648514851485149,0.504950495049505,0.6856435643564357,0
282.0,4.439716312056738,0.46099290780141844,0.6666666666666666,0
235.0,4.8382978723404255,0.502127659574468,0.7106382978723405,0
4.0,5.0,0.5,1.0,0
236.0,4.805084745762712,0.4703389830508475,0.7161016949152542,0
80.0,4.325,0.275,0.6375,0
181.0,4.994475138121547,0.5248618784530387,0.7900552486187845,0
164.0,5.2439024390243905,0.573170731707317,0.8048780487804879,0
144.0,5.034722222222222,0.5138888888888888,0.8680555555555556,0
49.0,4.673469387755102,0.4489795918367347,0.9183673469387755,0
76.0,4.723684210526316,0.40789473684210525,0.75,0
58.0,4.9655172413793105,0.4827586206896552,0.8620689655172413,0
31.0,5.064516129032258,0.5483870967741935,0.967741935483871,0
97.0,3.979381443298969,0.4639175257731959,0.6804123711340206,0
65.0,4.8307692307692305,0.38461538461538464,0.9076923076923077,0
65.0,5.030769230769231,0.4153846153846154,0.9538461538461539,0
52.0,3.923076923076923,0.2692307692307692,0.8076923076923077,0
75.0,4.6,0.3466666666666667,0.8933333333333333,0
50.0,5.14,0.46,0.94,0
58.0,4.827586206896552,0.3620689655172414,0.9310344827586207,0
72.0,4.902777777777778,0.375,0.8611111111111112,0
69.0,4.884057971014493,0.42028985507246375,0.9420289855072463,0
48.0,4.854166666666667,0.3125,0.9583333333333334,0
62.0,4.580645161290323,0.3870967741935484,0.9193548387096774,0
67.0,4.641791044776119,0.3880597014925373,0.8507462686567164,0
26.0,4.884615384615385,0.34615384615384615,0.8461538461538461,0
43.0,4.162790697674419,0.27906976744186046,0.7209302325581395,0
64.0,4.390625,0.3125,0.890625,0
46.0,4.782608695652174,0.43478260869565216,0.8260869565217391,0
53.0,4.849056603773585,0.33962264150943394,0.9245283018867925,0
40.0,5.125,0.525,0.95,0
52.0,4.980769230769231,0.4807692307692308,0.9423076923076923,0
55.0,4.909090909090909,0.4,0.9272727272727272,0
59.0,4.864406779661017,0.4406779661016949,0.9322033898305084,0
43.0,5.0,0.4186046511627907,0.8837209302325582,0
33.0,4.757575757575758,0.42424242424242425,0.9090909090909091,0
66.0,4.712121212121212,0.4393939393939394,0.8636363636363636,0
36.0,4.277777777777778,0.25,0.8888888888888888,0
66.0,4.590909090909091,0.36363636363636365,0.9242424242424242,0
79.0,4.658227848101266,0.4177215189873418,0.8734177215189873,0
40.0,5.35,0.45,0.95,0
101.0,4.287128712871287,0.36633663366336633,0.7227722772277227,0
40.0,5.05,0.4,0.95,0
63.0,4.698412698412699,0.38095238095238093,0.9206349206349206,0
46.0,4.478260869565218,0.32608695652173914,0.8478260869565217,0
30.0,4.6,0.43333333333333335,1.0,0
37.0,5.324324324324325,0.4864864864864865,0.8918918918918919,0
76.0,4.815789473684211,0.6842105263157895,0.7894736842105263,0
338.0,5.0,0.4881656804733728,0.6686390532544378,0
91.0,5.153846153846154,0.5384615384615384,0.8571428571428571,0
112.0,5.178571428571429,0.5178571428571429,0.7946428571428571,0
240.0,5.166666666666667,0.4875,0.7791666666666667,0
270.0,5.696296296296296,0.43703703703703706,0.7481481481481481,0
105.0,5.019047619047619,0.42857142857142855,0.8380952380952381,0
53.0,5.188679245283019,0.3584905660377358,0.8301886792452831,0
41.0,5.048780487804878,0.43902439024390244,0.8048780487804879,0
62.0,4.82258064516129,0.41935483870967744,0.8387096774193549,0
364.0,4.607142857142857,0.4478021978021978,0.5989010989010989,0
373.0,4.616621983914209,0.5495978552278821,0.7184986595174263,0
431.0,4.74245939675174,0.39443155452436196,0.6264501160092807,0
31.0,4.129032258064516,0.5483870967741935,0.8387096774193549,0
360.0,4.677777777777778,0.4222222222222222,0.7027777777777777,0
115.0,4.6869565217391305,0.34782608695652173,0.7565217391304347,0
358.0,5.044692737430168,0.505586592178771,0.5335195530726257,0
22.0,4.590909090909091,0.5909090909090909,0.9090909090909091,0
94.0,4.51063829787234,0.3191489361702128,0.6382978723404256,0
42.0,4.785714285714286,0.42857142857142855,0.9523809523809523,0
39.0,4.487179487179487,0.3333333333333333,0.8974358974358975,0
74.0,5.22972972972973,0.4594594594594595,0.9054054054054054,0
54.0,5.037037037037037,0.3888888888888889,0.9444444444444444,0
62.0,4.967741935483871,0.45161290322580644,0.9354838709677419,0
64.0,4.953125,0.390625,0.9375,0
47.0,5.212765957446808,0.425531914893617,0.9574468085106383,0
55.0,4.963636363636364,0.4,0.9636363636363636,0
43.0,5.046511627906977,0.4186046511627907,0.9534883720930233,0
75.0,4.8533333333333335,0.4266666666666667,0.8933333333333333,0
52.0,4.865384615384615,0.40384615384615385,0.9615384615384616,0
64.0,4.6875,0.40625,0.9375,0
47.0,4.8936170212765955,0.40425531914893614,0.9574468085106383,0
63.0,5.238095238095238,0.4126984126984127,0.9365079365079365,0
55.0,5.054545454545455,0.41818181818181815,0.9454545454545454,0
65.0,4.846153846153846,0.38461538461538464,0.9692307692307692,0
77.0,4.623376623376624,0.35064935064935066,0.8571428571428571,0
71.0,4.732394366197183,0.4084507042253521,0.9014084507042254,0
113.0,4.725663716814159,0.504424778761062,0.8495575221238938,0
28.0,4.928571428571429,0.42857142857142855,0.9642857142857143,0
25.0,4.64,0.4,0.96,0
363.0,4.203856749311295,0.4049586776859504,0.5454545454545454,0
451.0,4.170731707317073,0.3968957871396896,0.5476718403547672,0
435.0,4.029885057471264,0.38620689655172413,0.503448275862069,0
468.0,4.337606837606837,0.4636752136752137,0.6581196581196581,0
471.0,4.679405520169851,0.46284501061571126,0.6857749469214437,0
425.0,4.397647058823529,0.4964705882352941,0.6847058823529412,0
342.0,3.9327485380116958,0.3684210526315789,0.5964912280701754,0
81.0,5.308641975308642,0.5555555555555556,0.9506172839506173,0
283.0,4.773851590106007,0.3957597173144876,0.5653710247349824,0
66.0,5.166666666666667,0.3787878787878788,0.8939393939393939,0
116.0,4.698275862068965,0.5603448275862069,0.6379310344827587,0
35.0,5.2,0.4857142857142857,0.8285714285714286,0
305.0,5.20655737704918,0.4885245901639344,0.6819672131147541,0
72.0,5.0,0.5694444444444444,0.6527777777777778,0
152.0,4.848684210526316,0.4934210526315789,0.5921052631578947,0
140.0,4.764285714285714,0.5071428571428571,0.5857142857142857,0
104.0,4.980769230769231,0.5,0.6153846153846154,0
256.0,4.97265625,0.50390625,0.63671875,0
112.0,4.991071428571429,0.5,0.7321428571428571,0
305.0,4.60655737704918,0.47540983606557374,0.639344262295082,0
235.0,4.706382978723404,0.425531914893617,0.6042553191489362,0
283.0,4.81625441696113,0.4169611307420495,0.6784452296819788,0
360.0,4.791666666666667,0.4444444444444444,0.6388888888888888,0
288.0,4.75,0.5,0.7569444444444444,0
189.0,5.296296296296297,0.47619047619047616,0.7407407407407407,0
94.0,5.670212765957447,0.5638297872340425,0.7978723404255319,0
468.0,4.989316239316239,0.5170940170940171,0.6752136752136753,0
128.0,5.1796875,0.4921875,0.796875,0
132.0,4.818181818181818,0.45454545454545453,0.8560606060606061,0
186.0,4.629032258064516,0.4838709677419355,0.6236559139784946,0
80.0,5.0125,0.55,0.6375,0
368.0,4.842391304347826,0.4701086956521739,0.6467391304347826,0
437.0,4.775743707093821,0.43707093821510296,0.5995423340961098,0
143.0,5.5174825174825175,0.5244755244755245,0.5874125874125874,0
255.0,4.6,0.44313725490196076,0.7568627450980392,0
76.0,4.868421052631579,0.631578947368421,0.6447368421052632,0
71.0,5.295774647887324,0.5633802816901409,0.676056338028169,0
52.0,4.961538461538462,0.5961538461538461,0.8269230769230769,0
65.0,4.923076923076923,0.5846153846153846,0.7692307692307693,0
130.0,4.969230769230769,0.5384615384615384,0.7076923076923077,0
75.0,4.84,0.6266666666666667,0.7466666666666667,0
61.0,5.311475409836065,0.5901639344262295,0.7704918032786885,0
67.0,5.014925373134329,0.5671641791044776,0.7313432835820896,0
55.0,4.763636363636364,0.6,0.7636363636363637,0
74.0,5.04054054054054,0.6216216216216216,0.7567567567567568,0
64.0,5.0625,0.625,0.765625,0
93.0,4.311827956989247,0.5268817204301075,0.6451612903225806,0
373.0,4.804289544235925,0.4879356568364611,0.5308310991957105,0
95.0,4.91578947368421,0.5894736842105263,0.6842105263157895,0
218.0,4.747706422018348,0.5412844036697247,0.6834862385321101,0
102.0,4.862745098039215,0.5980392156862745,0.5686274509803921,0
145.0,5.241379310344827,0.5517241379310345,0.6206896551724138,0
454.0,4.755506607929515,0.5066079295154186,0.5903083700440529,0
97.0,4.855670103092783,0.6804123711340206,0.5773195876288659,0
304.0,4.809210526315789,0.48355263157894735,0.6217105263157895,0
27.0,5.555555555555555,0.37037037037037035,0.7777777777777778,0
172.0,5.209302325581396,0.4941860465116279,0.7151162790697675,0
16.0,5.0,0.625,0.875,0
284.0,4.623239436619718,0.38380281690140844,0.6936619718309859,0
384.0,5.083333333333333,0.5338541666666666,0.6953125,0
49.0,5.73469387755102,0.5102040816326531,0.7551020408163265,0
21.0,5.9523809523809526,0.6190476190476191,0.7619047619047619,0
80.0,5.9625,0.6125,0.825,0
263.0,5.380228136882129,0.5171102661596958,0.7680608365019012,0
71.0,4.830985915492958,0.5070422535211268,0.8169014084507042,0
74.0,5.824324324324325,0.5945945945945946,0.8378378378378378,0
196.0,4.948979591836735,0.5459183673469388,0.7295918367346939,0
36.0,5.416666666666667,0.5277777777777778,0.8611111111111112,0
338.0,5.071005917159764,0.4408284023668639,0.7366863905325444,0
44.0,5.181818181818182,0.5681818181818182,0.8409090909090909,0
186.0,4.956989247311828,0.5,0.8225806451612904,0
165.0,4.709090909090909,0.5575757575757576,0.7151515151515152,0
484.0,4.867768595041323,0.45867768595041325,0.6301652892561983,0
481.0,5.072765072765073,0.5093555093555093,0.6632016632016632,0
468.0,4.938034188034188,0.5170940170940171,0.7051282051282052,0
27.0,6.0,0.6666666666666666,0.8518518518518519,0
35.0,5.885714285714286,0.7428571428571429,0.8571428571428571,0
423.0,4.947990543735225,0.5531914893617021,0.6217494089834515,0
163.0,5.355828220858895,0.6073619631901841,0.8220858895705522,0
409.0,4.82640586797066,0.4889975550122249,0.6308068459657702,0
393.0,5.114503816793893,0.5419847328244275,0.7048346055979644,0
285.0,5.178947368421053,0.4280701754385965,0.6526315789473685,0
146.0,5.205479452054795,0.4246575342465753,0.7534246575342466,0
79.0,5.189873417721519,0.4810126582278481,0.6962025316455697,0
394.0,4.159898477157361,0.48223350253807107,0.6548223350253807,0
36.0,4.472222222222222,0.3055555555555556,0.7777777777777778,0
217.0,4.557603686635945,0.5622119815668203,0.6405529953917051,0
286.0,5.538461538461538,0.6293706293706294,0.6503496503496503,0
33.0,3.878787878787879,0.3333333333333333,0.9090909090909091,0
2.0,3.0,0.5,1.0,0
472.0,5.072033898305085,0.5127118644067796,0.7436440677966102,0
316.0,4.7594936708860756,0.5443037974683544,0.6930379746835443,0
423.0,4.643026004728132,0.4444444444444444,0.6619385342789598,0
56.0,5.089285714285714,0.42857142857142855,0.8571428571428571,0
48.0,5.3125,0.5833333333333334,0.6041666666666666,0
392.0,4.74234693877551,0.5510204081632653,0.7168367346938775,0
73.0,5.2465753424657535,0.6986301369863014,0.6712328767123288,0
68.0,4.955882352941177,0.6764705882352942,0.7352941176470589,0
112.0,4.741071428571429,0.6785714285714286,0.625,0
178.0,4.910112359550562,0.5617977528089888,0.7191011235955056,0
86.0,4.953488372093023,0.6511627906976745,0.7558139534883721,0
82.0,5.024390243902439,0.524390243902439,0.7682926829268293,0
100.0,4.88,0.66,0.58,0
189.0,4.962962962962963,0.5767195767195767,0.671957671957672,0
63.0,4.984126984126984,0.5714285714285714,0.7142857142857143,0
77.0,4.597402597402597,0.5974025974025974,0.6883116883116883,0
42.0,5.619047619047619,0.6666666666666666,0.7380952380952381,0
54.0,4.87037037037037,0.3333333333333333,0.8888888888888888,0
52.0,5.153846153846154,0.6346153846153846,0.75,0
47.0,5.340425531914893,0.5957446808510638,0.7872340425531915,0
57.0,5.12280701754386,0.6666666666666666,0.7719298245614035,0
102.0,4.735294117647059,0.5980392156862745,0.5392156862745098,0
36.0,5.833333333333333,0.6944444444444444,0.6388888888888888,0
40.0,5.875,0.65,0.675,0
49.0,5.346938775510204,0.6530612244897959,0.7142857142857143,0
48.0,5.1875,0.625,0.6875,0
26.0,5.5,0.6153846153846154,0.7692307692307693,0
46.0,5.3478260869565215,0.5652173913043478,0.782608695652174,0
62.0,5.209677419354839,0.7096774193548387,0.6290322580645161,0
44.0,5.340909090909091,0.6363636363636364,0.7272727272727273,0
44.0,5.159090909090909,0.6136363636363636,0.7045454545454546,0
48.0,4.791666666666667,0.375,0.8333333333333334,0
162.0,5.2407407407407405,0.5185185185185185,0.7283950617283951,0
345.0,3.5768115942028986,0.3072463768115942,0.39710144927536234,0
295.0,4.711864406779661,0.43389830508474575,0.7457627118644068,0
76.0,5.184210526315789,0.5526315789473685,0.868421052631579,0
104.0,5.115384615384615,0.4326923076923077,0.8365384615384616,0
407.0,5.442260442260443,0.47174447174447176,0.628992628992629,0
383.0,4.7676240208877285,0.5143603133159269,0.6579634464751958,0
86.0,4.593023255813954,0.4069767441860465,0.7790697674418605,0
452.0,4.876106194690266,0.5110619469026548,0.6327433628318584,0
80.0,4.85,0.5,0.8125,0
51.0,5.078431372549019,0.3137254901960784,0.8235294117647058,0
290.0,4.989655172413793,0.596551724137931,0.7344827586206897,0
16.0,4.875,0.5,0.9375,0
123.0,4.878048780487805,0.43089430894308944,0.6585365853658537,0
112.0,4.758928571428571,0.42857142857142855,0.6071428571428571,0
234.0,5.166666666666667,0.4829059829059829,0.7777777777777778,0
17.0,4.411764705882353,0.7647058823529411,0.9411764705882353,0
339.0,5.0265486725663715,0.4749262536873156,0.5014749262536873,0
359.0,4.796657381615599,0.5041782729805014,0.6350974930362117,0
447.0,4.968680089485459,0.46308724832214765,0.3959731543624161,0
301.0,5.083056478405315,0.46511627906976744,0.627906976744186,0
213.0,4.868544600938967,0.4272300469483568,0.568075117370892,0
74.0,4.986486486486487,0.5675675675675675,0.8108108108108109,0
298.0,4.969798657718121,0.5167785234899329,0.7416107382550335,0
199.0,5.190954773869347,0.49748743718592964,0.7437185929648241,0
315.0,4.761904761904762,0.526984126984127,0.7142857142857143,0
238.0,4.705882352941177,0.3949579831932773,0.680672268907563,0
113.0,5.115044247787611,0.4778761061946903,0.8495575221238938,0
235.0,4.931914893617021,0.44680851063829785,0.7489361702127659,0
342.0,4.935672514619883,0.47368421052631576,0.716374269005848,0
248.0,4.891129032258065,0.46774193548387094,0.5685483870967742,0
154.0,4.954545454545454,0.5844155844155844,0.7207792207792207,0
346.0,4.505780346820809,0.4277456647398844,0.6473988439306358,0
65.0,4.7846153846153845,0.38461538461538464,0.9384615384615385,0
63.0,5.317460317460317,0.4603174603174603,0.9206349206349206,0
51.0,4.823529411764706,0.47058823529411764,0.9411764705882353,0
96.0,4.989583333333333,0.4583333333333333,0.9375,0
63.0,4.809523809523809,0.3968253968253968,0.9047619047619048,0
48.0,5.041666666666667,0.4375,0.9375,0
51.0,4.803921568627451,0.43137254901960786,0.9019607843137255,0
48.0,5.041666666666667,0.4375,0.9375,0
57.0,5.12280701754386,0.43859649122807015,0.9473684210526315,0
43.0,5.046511627906977,0.4186046511627907,0.9534883720930233,0
53.0,4.981132075471698,0.39622641509433965,0.9433962264150944,0
47.0,5.170212765957447,0.425531914893617,0.9574468085106383,0
50.0,4.9,0.38,0.96,0
337.0,4.964391691394659,0.5103857566765578,0.8071216617210683,0
75.0,4.8533333333333335,0.41333333333333333,0.88,0
58.0,5.120689655172414,0.41379310344827586,0.9482758620689655,0
57.0,5.157894736842105,0.5087719298245614,0.9649122807017544,0
48.0,4.895833333333333,0.3958333333333333,0.9583333333333334,0
75.0,4.946666666666666,0.4266666666666667,0.9466666666666667,0
48.0,4.895833333333333,0.4166666666666667,0.9583333333333334,0
49.0,5.183673469387755,0.42857142857142855,0.9591836734693877,0
46.0,5.086956521739131,0.41304347826086957,0.9565217391304348,0
43.0,5.023255813953488,0.4186046511627907,0.9534883720930233,0
45.0,5.022222222222222,0.4222222222222222,0.9555555555555556,0
65.0,4.815384615384615,0.36923076923076925,0.9384615384615385,0
48.0,5.020833333333333,0.3958333333333333,0.9583333333333334,0
57.0,5.157894736842105,0.49122807017543857,0.9473684210526315,0
51.0,4.882352941176471,0.39215686274509803,0.9215686274509803,0
77.0,4.896103896103896,0.44155844155844154,0.935064935064935,0
53.0,5.056603773584905,0.37735849056603776,0.9622641509433962,0
49.0,5.244897959183674,0.4489795918367347,0.9591836734693877,0
49.0,5.020408163265306,0.40816326530612246,0.9591836734693877,0
467.0,5.032119914346895,0.47751605995717344,0.7430406852248393,0
72.0,5.194444444444445,0.4444444444444444,0.9305555555555556,0
59.0,4.728813559322034,0.423728813559322,0.9152542372881356,0
58.0,4.931034482758621,0.39655172413793105,0.9310344827586207,0
46.0,5.065217391304348,0.391304347826087,0.9565217391304348,0
63.0,4.984126984126984,0.4444444444444444,0.9523809523809523,0
54.0,4.851851851851852,0.3888888888888889,0.9444444444444444,0
47.0,5.0,0.40425531914893614,0.9574468085106383,0
51.0,4.980392156862745,0.4117647058823529,0.9411764705882353,0
50.0,5.0,0.42,0.96,0
61.0,5.0,0.39344262295081966,0.9344262295081968,0
72.0,5.041666666666667,0.4444444444444444,0.9444444444444444,0
47.0,5.1063829787234045,0.44680851063829785,0.9574468085106383,0
54.0,5.092592592592593,0.4444444444444444,0.9629629629629629,0
43.0,4.976744186046512,0.3953488372093023,0.9534883720930233,0
46.0,5.043478260869565,0.41304347826086957,0.9565217391304348,0
49.0,5.122448979591836,0.40816326530612246,0.9591836734693877,0
43.0,5.046511627906977,0.3953488372093023,0.9534883720930233,0
46.0,5.130434782608695,0.43478260869565216,0.9565217391304348,0
46.0,5.065217391304348,0.41304347826086957,0.9565217391304348,0
53.0,4.9245283018867925,0.39622641509433965,0.9622641509433962,0
46.0,5.130434782608695,0.41304347826086957,0.9565217391304348,0
45.0,5.066666666666666,0.4222222222222222,0.9555555555555556,0
62.0,5.048387096774194,0.41935483870967744,0.9516129032258065,0
43.0,4.976744186046512,0.4186046511627907,0.9534883720930233,0
46.0,5.0,0.41304347826086957,0.9565217391304348,0
53.0,5.0,0.41509433962264153,0.9433962264150944,0
43.0,5.0,0.3953488372093023,0.9534883720930233,0
43.0,5.046511627906977,0.3953488372093023,0.9534883720930233,0
52.0,5.134615384615385,0.40384615384615385,0.9615384615384616,0
51.0,4.882352941176471,0.43137254901960786,0.9019607843137255,0
54.0,5.148148148148148,0.42592592592592593,0.9629629629629629,0
43.0,5.0,0.3953488372093023,0.9534883720930233,0
47.0,5.042553191489362,0.40425531914893614,0.9574468085106383,0
51.0,4.96078431372549,0.39215686274509803,0.9215686274509803,0
47.0,4.9361702127659575,0.44680851063829785,0.9574468085106383,0
68.0,5.205882352941177,0.5147058823529411,0.9117647058823529,0
49.0,5.061224489795919,0.42857142857142855,0.9591836734693877,0
48.0,5.25,0.4166666666666667,0.9583333333333334,0
68.0,4.705882352941177,0.3382352941176471,0.8823529411764706,0
49.0,5.040816326530612,0.4489795918367347,0.9591836734693877,0
47.0,5.191489361702128,0.40425531914893614,0.9574468085106383,0
58.0,4.844827586206897,0.43103448275862066,0.9310344827586207,0
45.0,5.044444444444444,0.4222222222222222,0.9555555555555556,0
54.0,5.037037037037037,0.4074074074074074,0.9259259259259259,0
48.0,5.145833333333333,0.4166666666666667,0.9583333333333334,0
57.0,5.105263157894737,0.45614035087719296,0.9649122807017544,0
46.0,5.1521739130434785,0.43478260869565216,0.9565217391304348,0
48.0,4.9375,0.4375,0.9583333333333334,0
48.0,5.020833333333333,0.4166666666666667,0.9583333333333334,0
43.0,5.046511627906977,0.4186046511627907,0.9534883720930233,0
43.0,5.046511627906977,0.3953488372093023,0.9534883720930233,0
52.0,5.153846153846154,0.4807692307692308,0.9615384615384616,0
49.0,5.061224489795919,0.42857142857142855,0.9591836734693877,0
43.0,5.0,0.4186046511627907,0.9534883720930233,0
43.0,5.0,0.3953488372093023,0.9534883720930233,0
57.0,4.7894736842105265,0.3508771929824561,0.9298245614035088,0
46.0,5.173913043478261,0.43478260869565216,0.9565217391304348,0
46.0,5.130434782608695,0.43478260869565216,0.9565217391304348,0
51.0,5.215686274509804,0.43137254901960786,0.9607843137254902,0
54.0,5.481481481481482,0.4444444444444444,0.9444444444444444,0
45.0,5.066666666666666,0.4222222222222222,0.9555555555555556,0
51.0,5.019607843137255,0.39215686274509803,0.9607843137254902,0
43.0,5.023255813953488,0.4186046511627907,0.9534883720930233,0
49.0,5.142857142857143,0.42857142857142855,0.9591836734693877,0
45.0,5.0,0.4222222222222222,0.9555555555555556,0
48.0,5.041666666666667,0.375,0.9375,0
43.0,5.046511627906977,0.4186046511627907,0.9534883720930233,0
45.0,5.066666666666666,0.4222222222222222,0.9555555555555556,0
47.0,4.9361702127659575,0.425531914893617,0.9574468085106383,0
55.0,5.054545454545455,0.43636363636363634,0.9636363636363636,0
49.0,5.163265306122449,0.46938775510204084,0.9387755102040817,0
48.0,4.916666666666667,0.375,0.9583333333333334,0
43.0,5.046511627906977,0.3953488372093023,0.9534883720930233,0
43.0,5.023255813953488,0.4186046511627907,0.9534883720930233,0
397.0,4.54911838790932,0.4760705289672544,0.5113350125944585,0
292.0,4.815068493150685,0.4726027397260274,0.702054794520548,0
308.0,4.76948051948052,0.461038961038961,0.6818181818181818,0
197.0,4.395939086294416,0.38071065989847713,0.6751269035532995,0
132.0,4.818181818181818,0.4621212121212121,0.553030303030303,0
355.0,4.75774647887324,0.5408450704225352,0.7943661971830986,0
141.0,4.23404255319149,0.2765957446808511,0.6666666666666666,0
272.0,4.6213235294117645,0.3602941176470588,0.5882352941176471,0
103.0,4.951456310679611,0.3883495145631068,0.6407766990291263,0
67.0,4.402985074626866,0.43283582089552236,0.7611940298507462,0
323.0,4.56656346749226,0.4148606811145511,0.6222910216718266,0
106.0,5.150943396226415,0.4528301886792453,0.8018867924528302,0
29.0,5.551724137931035,0.41379310344827586,0.7931034482758621,0
56.0,5.017857142857143,0.4107142857142857,0.6428571428571429,0
389.0,4.825192802056555,0.519280205655527,0.6375321336760925,0
43.0,4.8604651162790695,0.5581395348837209,0.9069767441860465,0
384.0,4.919270833333333,0.4869791666666667,0.609375,0
394.0,4.82994923857868,0.44416243654822335,0.6573604060913706,0
157.0,4.579617834394904,0.49044585987261147,0.7898089171974523,0
47.0,5.74468085106383,0.48936170212765956,0.8297872340425532,0
65.0,5.369230769230769,0.6615384615384615,0.8153846153846154,0
74.0,5.013513513513513,0.527027027027027,0.8378378378378378,0
139.0,5.330935251798561,0.49640287769784175,0.7913669064748201,0
45.0,5.2,0.5777777777777777,0.9111111111111111,0
39.0,5.487179487179487,0.5641025641025641,0.8717948717948718,0
205.0,5.419512195121952,0.4878048780487805,0.7707317073170732,0
86.0,4.965116279069767,0.5581395348837209,0.8604651162790697,0
33.0,5.303030303030303,0.5757575757575758,0.9696969696969697,0
31.0,4.870967741935484,0.4838709677419355,0.8709677419354839,0
24.0,5.333333333333333,0.5,0.875,0
27.0,4.888888888888889,0.48148148148148145,0.9259259259259259,0
35.0,5.057142857142857,0.5428571428571428,0.9428571428571428,0
29.0,5.068965517241379,0.5862068965517241,0.9310344827586207,0
36.0,5.361111111111111,0.5277777777777778,0.8333333333333334,0
29.0,4.896551724137931,0.5517241379310345,0.9310344827586207,0
30.0,5.533333333333333,0.6,0.9666666666666667,0
24.0,5.5,0.5833333333333334,0.875,0
54.0,5.314814814814815,0.46296296296296297,0.8888888888888888,0
44.0,5.409090909090909,0.5681818181818182,0.8181818181818182,0
142.0,4.830985915492958,0.5422535211267606,0.7887323943661971,0
247.0,4.6882591093117405,0.5506072874493927,0.5870445344129555,0
121.0,4.421487603305785,0.49586776859504134,0.8016528925619835,0
219.0,4.972602739726027,0.4748858447488584,0.726027397260274,0
245.0,4.710204081632653,0.42857142857142855,0.636734693877551,0
30.0,5.033333333333333,0.43333333333333335,0.8666666666666667,0
34.0,4.911764705882353,0.5,1.0,0
246.0,4.772357723577236,0.45934959349593496,0.6138211382113821,0
177.0,4.293785310734464,0.4519774011299435,0.24858757062146894,0
431.0,5.607888631090487,0.5359628770301624,0.6844547563805105,0
156.0,5.006410256410256,0.4807692307692308,0.7948717948717948,0
17.0,4.705882352941177,0.4117647058823529,0.7647058823529411,0
204.0,5.196078431372549,0.49019607843137253,0.7352941176470589,0
157.0,4.509554140127388,0.39490445859872614,0.6050955414012739,0
218.0,4.908256880733945,0.42201834862385323,0.5229357798165137,0
47.0,5.0,0.40425531914893614,0.9574468085106383,0
46.0,5.1521739130434785,0.43478260869565216,0.9565217391304348,0
49.0,4.979591836734694,0.3877551020408163,0.9591836734693877,0
47.0,5.0638297872340425,0.40425531914893614,0.9574468085106383,0
51.0,5.137254901960785,0.43137254901960786,0.9607843137254902,0
49.0,5.163265306122449,0.4489795918367347,0.9591836734693877,0
54.0,5.055555555555555,0.3888888888888889,0.9444444444444444,0
51.0,5.215686274509804,0.45098039215686275,0.9607843137254902,0
47.0,5.042553191489362,0.425531914893617,0.9574468085106383,0
51.0,4.980392156862745,0.43137254901960786,0.9607843137254902,0
46.0,5.086956521739131,0.43478260869565216,0.9565217391304348,0
53.0,4.9245283018867925,0.41509433962264153,0.9622641509433962,0
43.0,4.976744186046512,0.3953488372093023,0.9534883720930233,0
47.0,4.9361702127659575,0.3829787234042553,0.9574468085106383,0
43.0,5.046511627906977,0.4186046511627907,0.9534883720930233,0
50.0,5.14,0.4,0.96,0
43.0,5.023255813953488,0.4186046511627907,0.9534883720930233,0
48.0,5.0625,0.4166666666666667,0.9583333333333334,0
47.0,4.914893617021277,0.40425531914893614,0.9574468085106383,0
43.0,5.0,0.3953488372093023,0.9534883720930233,0
48.0,5.0625,0.4375,0.9583333333333334,0
47.0,4.957446808510638,0.425531914893617,0.9574468085106383,0
46.0,5.021739130434782,0.43478260869565216,0.9565217391304348,0
46.0,4.934782608695652,0.41304347826086957,0.9565217391304348,0
49.0,4.938775510204081,0.40816326530612246,0.9591836734693877,0
43.0,5.046511627906977,0.4186046511627907,0.9534883720930233,0
46.0,5.065217391304348,0.391304347826087,0.9565217391304348,0
43.0,5.023255813953488,0.4186046511627907,0.9534883720930233,0
43.0,4.976744186046512,0.4186046511627907,0.9534883720930233,0
48.0,5.145833333333333,0.4583333333333333,0.9583333333333334,0
43.0,5.0,0.3953488372093023,0.9534883720930233,0
50.0,5.24,0.44,0.94,0
46.0,5.043478260869565,0.41304347826086957,0.9565217391304348,0
48.0,5.145833333333333,0.4375,0.9583333333333334,0
43.0,4.976744186046512,0.3953488372093023,0.9534883720930233,0
43.0,5.0,0.4186046511627907,0.9534883720930233,0
52.0,5.038461538461538,0.4807692307692308,0.9615384615384616,0
43.0,5.046511627906977,0.3953488372093023,0.9534883720930233,0
45.0,5.088888888888889,0.4222222222222222,0.9555555555555556,0
46.0,5.021739130434782,0.43478260869565216,0.9565217391304348,0
48.0,5.125,0.3958333333333333,0.9583333333333334,0
127.0,5.866141732283465,0.5433070866141733,0.8110236220472441,0
46.0,5.195652173913044,0.41304347826086957,0.9565217391304348,0
49.0,5.3061224489795915,0.42857142857142855,0.9591836734693877,0
48.0,5.083333333333333,0.4583333333333333,0.9583333333333334,0
43.0,4.976744186046512,0.3953488372093023,0.9534883720930233,0
45.0,5.044444444444444,0.4222222222222222,0.9555555555555556,0
43.0,5.0,0.3953488372093023,0.9534883720930233,0
49.0,5.285714285714286,0.4489795918367347,0.9591836734693877,0
58.0,5.327586206896552,0.4482758620689655,0.9482758620689655,0
48.0,5.125,0.3958333333333333,0.9583333333333334,0
49.0,5.1020408163265305,0.42857142857142855,0.9591836734693877,0
43.0,5.0,0.4186046511627907,0.9534883720930233,0
45.0,5.111111111111111,0.4222222222222222,0.9555555555555556,0
47.0,5.0,0.3829787234042553,0.9574468085106383,0
64.0,5.09375,0.484375,0.921875,0
48.0,5.145833333333333,0.4583333333333333,0.9583333333333334,0
56.0,4.946428571428571,0.42857142857142855,0.9464285714285714,0
49.0,5.244897959183674,0.42857142857142855,0.9591836734693877,0
43.0,5.046511627906977,0.4186046511627907,0.9534883720930233,0
50.0,5.24,0.4,0.96,0
52.0,4.846153846153846,0.36538461538461536,0.9615384615384616,0
439.0,4.587699316628702,0.489749430523918,0.4988610478359909,0
135.0,4.533333333333333,0.4740740740740741,0.7037037037037037,0
50.0,5.3,0.44,0.9,0
96.0,5.427083333333333,0.5520833333333334,0.7708333333333334,0
398.0,4.869346733668341,0.42462311557788945,0.6934673366834171,0
281.0,4.97508896797153,0.5409252669039146,0.6583629893238434,0
302.0,5.16887417218543,0.5562913907284768,0.7615894039735099,0
467.0,4.740899357601713,0.4132762312633833,0.6509635974304069,0
281.0,5.0213523131672595,0.6014234875444839,0.6156583629893239,0
233.0,5.098712446351931,0.45493562231759654,0.6781115879828327,0
434.0,4.470046082949309,0.4400921658986175,0.7119815668202765,0
180.0,4.233333333333333,0.34444444444444444,0.6833333333333333,0
64.0,4.59375,0.5,0.84375,0
100.0,5.1,0.42,0.75,0
221.0,5.280542986425339,0.5701357466063348,0.6289592760180995,0
52.0,5.1923076923076925,0.4423076923076923,0.9615384615384616,0
46.0,5.065217391304348,0.43478260869565216,0.9565217391304348,0
47.0,5.1063829787234045,0.425531914893617,0.9574468085106383,0
43.0,5.046511627906977,0.3953488372093023,0.9534883720930233,0
46.0,5.108695652173913,0.43478260869565216,0.9565217391304348,0
45.0,5.044444444444444,0.4222222222222222,0.9555555555555556,0
43.0,4.976744186046512,0.3953488372093023,0.9534883720930233,0
105.0,4.942857142857143,0.4666666666666667,0.8666666666666667,0
73.0,4.726027397260274,0.4246575342465753,0.8767123287671232,0
73.0,4.863013698630137,0.4246575342465753,0.8767123287671232,0
71.0,4.788732394366197,0.4084507042253521,0.8732394366197183,0
79.0,4.708860759493671,0.4430379746835443,0.8860759493670886,0
79.0,4.746835443037975,0.45569620253164556,0.8860759493670886,0
68.0,4.6911764705882355,0.4117647058823529,0.8676470588235294,0
68.0,4.647058823529412,0.4264705882352941,0.8676470588235294,0
77.0,4.909090909090909,0.45454545454545453,0.8701298701298701,0
77.0,4.8311688311688314,0.45454545454545453,0.8701298701298701,0
76.0,4.671052631578948,0.42105263157894735,0.8421052631578947,0
68.0,4.720588235294118,0.4264705882352941,0.8676470588235294,0
75.0,4.706666666666667,0.4266666666666667,0.88,0
64.0,5.15625,0.453125,0.9375,0
48.0,5.083333333333333,0.4375,0.9583333333333334,0
45.0,5.066666666666666,0.4222222222222222,0.9555555555555556,0
56.0,5.017857142857143,0.42857142857142855,0.9285714285714286,0
51.0,5.215686274509804,0.43137254901960786,0.9607843137254902,0
48.0,5.145833333333333,0.4375,0.9583333333333334,0
62.0,5.016129032258065,0.43548387096774194,0.9516129032258065,0
53.0,4.9245283018867925,0.37735849056603776,0.9622641509433962,0
46.0,5.130434782608695,0.391304347826087,0.9565217391304348,0
48.0,5.208333333333333,0.4166666666666667,0.9583333333333334,0
43.0,5.0,0.3953488372093023,0.9534883720930233,0
45.0,5.222222222222222,0.4,0.9555555555555556,0
43.0,5.023255813953488,0.4186046511627907,0.9534883720930233,0
45.0,5.044444444444444,0.4222222222222222,0.9555555555555556,0
46.0,5.086956521739131,0.41304347826086957,0.9565217391304348,0
49.0,5.224489795918367,0.42857142857142855,0.9591836734693877,0
46.0,5.086956521739131,0.43478260869565216,0.9565217391304348,0
45.0,4.977777777777778,0.37777777777777777,0.9555555555555556,0
48.0,5.166666666666667,0.4166666666666667,0.9583333333333334,0
48.0,5.083333333333333,0.4166666666666667,0.9583333333333334,0
48.0,5.041666666666667,0.3958333333333333,0.9583333333333334,0
43.0,5.0,0.3953488372093023,0.9534883720930233,0
43.0,5.046511627906977,0.4186046511627907,0.9534883720930233,0
45.0,5.088888888888889,0.4222222222222222,0.9555555555555556,0
45.0,5.022222222222222,0.4222222222222222,0.9555555555555556,0
48.0,5.1875,0.4166666666666667,0.9583333333333334,0
45.0,5.088888888888889,0.4222222222222222,0.9555555555555556,0
46.0,5.065217391304348,0.41304347826086957,0.9565217391304348,0
45.0,5.111111111111111,0.4,0.9555555555555556,0
49.0,5.122448979591836,0.42857142857142855,0.9591836734693877,0
43.0,4.976744186046512,0.4186046511627907,0.9534883720930233,0
57.0,5.035087719298246,0.43859649122807015,0.9473684210526315,0
45.0,5.022222222222222,0.4,0.9555555555555556,0
46.0,5.065217391304348,0.41304347826086957,0.9565217391304348,0
46.0,5.1521739130434785,0.41304347826086957,0.9565217391304348,0
43.0,4.976744186046512,0.4186046511627907,0.9534883720930233,0
46.0,5.0,0.391304347826087,0.9565217391304348,0
43.0,5.0,0.4186046511627907,0.9534883720930233,0
46.0,5.173913043478261,0.41304347826086957,0.9565217391304348,0
51.0,5.03921568627451,0.37254901960784315,0.9607843137254902,0
46.0,5.130434782608695,0.43478260869565216,0.9565217391304348,0
43.0,4.976744186046512,0.4186046511627907,0.9534883720930233,0
48.0,5.125,0.375,0.9583333333333334,0
45.0,5.0,0.4,0.9555555555555556,0
46.0,5.130434782608695,0.43478260869565216,0.9565217391304348,0
45.0,5.111111111111111,0.4,0.9555555555555556,0
43.0,5.023255813953488,0.4186046511627907,0.9534883720930233,0
43.0,4.976744186046512,0.3953488372093023,0.9534883720930233,0
89.0,5.662921348314606,0.43820224719101125,0.8314606741573034,0
49.0,5.122448979591836,0.4489795918367347,0.9591836734693877,0
71.0,5.056338028169014,0.4788732394366197,0.971830985915493,0
54.0,4.944444444444445,0.4074074074074074,0.9629629629629629,0
46.0,5.021739130434782,0.43478260869565216,0.9565217391304348,0
46.0,5.021739130434782,0.41304347826086957,0.9565217391304348,0
49.0,5.204081632653061,0.4489795918367347,0.9591836734693877,0
47.0,5.1063829787234045,0.425531914893617,0.9574468085106383,0
43.0,5.046511627906977,0.3953488372093023,0.9534883720930233,0
43.0,5.023255813953488,0.4186046511627907,0.9534883720930233,0
46.0,5.108695652173913,0.43478260869565216,0.9565217391304348,0
48.0,4.979166666666667,0.4166666666666667,0.9583333333333334,0
43.0,5.0,0.3953488372093023,0.9534883720930233,0
43.0,5.046511627906977,0.4186046511627907,0.9534883720930233,0
45.0,5.133333333333334,0.4,0.9555555555555556,0
49.0,5.061224489795919,0.42857142857142855,0.9591836734693877,0
43.0,4.976744186046512,0.3953488372093023,0.9534883720930233,0
48.0,5.104166666666667,0.4166666666666667,0.9583333333333334,0
59.0,5.338983050847458,0.4576271186440678,0.9322033898305084,0
48.0,5.083333333333333,0.4166666666666667,0.9583333333333334,0
54.0,5.2407407407407405,0.4444444444444444,0.9629629629629629,0
50.0,5.3,0.44,0.96,0
58.0,5.051724137931035,0.43103448275862066,0.9482758620689655,0
43.0,5.0,0.3953488372093023,0.9534883720930233,0
43.0,5.046511627906977,0.4186046511627907,0.9534883720930233,0
50.0,5.24,0.46,0.96,0
59.0,5.1525423728813555,0.423728813559322,0.9491525423728814,0
55.0,5.327272727272727,0.4909090909090909,0.9454545454545454,0
54.0,5.185185185185185,0.4444444444444444,0.9629629629629629,0
45.0,4.977777777777778,0.4,0.9555555555555556,0
54.0,4.925925925925926,0.4444444444444444,0.8888888888888888,0
65.0,4.6923076923076925,0.4153846153846154,0.9076923076923077,0
99.0,4.898989898989899,0.5454545454545454,0.8080808080808081,0
16.0,4.3125,0.3125,1.0,0
221.0,4.588235294117647,0.39819004524886875,0.7239819004524887,0
192.0,4.619791666666667,0.3645833333333333,0.71875,0
42.0,4.4523809523809526,0.30952380952380953,0.8571428571428571,0
278.0,4.2913669064748206,0.3597122302158273,0.5827338129496403,0
224.0,4.410714285714286,0.36160714285714285,0.5580357142857143,0
131.0,4.656488549618321,0.4122137404580153,0.7557251908396947,0
147.0,4.285714285714286,0.5374149659863946,0.47619047619047616,0
43.0,4.976744186046512,0.4186046511627907,0.9534883720930233,0
43.0,4.976744186046512,0.3953488372093023,0.9534883720930233,0
26.0,5.653846153846154,0.5769230769230769,0.9615384615384616,0
112.0,4.160714285714286,0.44642857142857145,0.5446428571428571,0
108.0,4.666666666666667,0.4074074074074074,0.6851851851851852,0
76.0,4.592105263157895,0.4605263157894737,0.8947368421052632,0
334.0,5.104790419161676,0.5089820359281437,0.7245508982035929,0
238.0,5.025210084033613,0.3865546218487395,0.6218487394957983,0
149.0,4.9865771812080535,0.5704697986577181,0.738255033557047,0
191.0,4.9267015706806285,0.46596858638743455,0.7120418848167539,0
89.0,4.033707865168539,0.4157303370786517,0.5168539325842697,0
135.0,4.2444444444444445,0.4074074074074074,0.5481481481481482,0
70.0,5.1,0.5714285714285714,0.9,0
118.0,4.533898305084746,0.4152542372881356,0.7966101694915254,0
8.0,5.0,0.75,0.875,0
95.0,4.968421052631579,0.5473684210526316,0.9052631578947369,0
419.0,4.780429594272077,0.4295942720763723,0.630071599045346,0
296.0,5.3074324324324325,0.4864864864864865,0.4560810810810811,0
32.0,4.78125,0.5625,0.90625,0
232.0,5.237068965517241,0.5732758620689655,0.7931034482758621,0
385.0,5.32987012987013,0.5402597402597402,0.812987012987013,0
291.0,4.938144329896907,0.49140893470790376,0.7285223367697594,0
174.0,5.086206896551724,0.3793103448275862,0.764367816091954,0
229.0,4.877729257641922,0.36681222707423583,0.7074235807860262,0
333.0,4.618618618618618,0.5315315315315315,0.6816816816816816,0
56.0,5.0,0.5535714285714286,0.8035714285714286,0
156.0,5.012820512820513,0.4935897435897436,0.7051282051282052,0
282.0,4.918439716312057,0.46808510638297873,0.6134751773049646,0
43.0,5.0,0.4186046511627907,0.9534883720930233,0
45.0,5.044444444444444,0.4222222222222222,0.9555555555555556,0
50.0,5.1,0.42,0.96,0
43.0,5.023255813953488,0.4186046511627907,0.9534883720930233,0
47.0,5.0212765957446805,0.425531914893617,0.9574468085106383,0
47.0,4.957446808510638,0.425531914893617,0.9361702127659575,0
48.0,5.208333333333333,0.4375,0.9375,0
48.0,4.979166666666667,0.4166666666666667,0.9375,0
43.0,5.046511627906977,0.3953488372093023,0.9534883720930233,0
43.0,4.976744186046512,0.4186046511627907,0.9534883720930233,0
64.0,4.96875,0.40625,0.921875,0
43.0,5.0,0.4186046511627907,0.9534883720930233,0
52.0,5.0576923076923075,0.40384615384615385,0.9230769230769231,0
46.0,5.065217391304348,0.41304347826086957,0.9565217391304348,0
54.0,5.203703703703703,0.48148148148148145,0.9629629629629629,0
45.0,5.022222222222222,0.4222222222222222,0.9555555555555556,0
63.0,5.063492063492063,0.4126984126984127,0.9682539682539683,0
43.0,5.0,0.3953488372093023,0.9534883720930233,0
43.0,5.046511627906977,0.4186046511627907,0.9534883720930233,0
45.0,5.133333333333334,0.4,0.9555555555555556,0
43.0,5.023255813953488,0.3953488372093023,0.9534883720930233,0
47.0,5.085106382978723,0.40425531914893614,0.9574468085106383,0
45.0,5.066666666666666,0.4222222222222222,0.9555555555555556,0
51.0,5.078431372549019,0.45098039215686275,0.9607843137254902,0
46.0,5.021739130434782,0.41304347826086957,0.9565217391304348,0
48.0,5.1875,0.4583333333333333,0.9583333333333334,0
53.0,4.867924528301887,0.49056603773584906,0.9622641509433962,0
48.0,5.083333333333333,0.3958333333333333,0.9583333333333334,0
43.0,5.0,0.4186046511627907,0.9534883720930233,0
53.0,5.056603773584905,0.4339622641509434,0.9622641509433962,0
48.0,5.0,0.375,0.9583333333333334,0
43.0,5.023255813953488,0.4186046511627907,0.9534883720930233,0
57.0,4.719298245614035,0.40350877192982454,0.9473684210526315,0
43.0,5.0,0.4186046511627907,0.9534883720930233,0
50.0,5.04,0.42,0.96,0
43.0,5.046511627906977,0.4186046511627907,0.9534883720930233,0
43.0,5.046511627906977,0.3953488372093023,0.9534883720930233,0
48.0,4.875,0.4375,0.9583333333333334,0
43.0,4.976744186046512,0.3953488372093023,0.9534883720930233,0
46.0,5.043478260869565,0.41304347826086957,0.9565217391304348,0
46.0,5.021739130434782,0.41304347826086957,0.9565217391304348,0
43.0,5.046511627906977,0.4186046511627907,0.9767441860465116,0
48.0,5.020833333333333,0.4166666666666667,0.9583333333333334,0
47.0,5.085106382978723,0.44680851063829785,0.9574468085106383,0
49.0,5.224489795918367,0.42857142857142855,0.9591836734693877,0
46.0,4.956521739130435,0.41304347826086957,0.9565217391304348,0
48.0,5.041666666666667,0.4166666666666667,0.9583333333333334,0
54.0,5.444444444444445,0.4444444444444444,0.9629629629629629,0
295.0,5.033898305084746,0.4745762711864407,0.6983050847457627,0
30.0,4.7,0.23333333333333334,0.7666666666666667,0
351.0,5.239316239316239,0.5213675213675214,0.6780626780626781,0
200.0,4.825,0.415,0.66,0
185.0,4.805405405405406,0.5405405405405406,0.5567567567567567,0
171.0,4.941520467836257,0.4327485380116959,0.7076023391812866,0
188.0,4.888297872340425,0.3670212765957447,0.8191489361702128,0
214.0,4.61214953271028,0.48598130841121495,0.7102803738317757,0
46.0,5.043478260869565,0.391304347826087,0.9565217391304348,0
43.0,4.976744186046512,0.3953488372093023,0.9534883720930233,0
43.0,5.0,0.4186046511627907,0.9534883720930233,0
46.0,4.978260869565218,0.41304347826086957,0.9565217391304348,0
47.0,4.9361702127659575,0.3829787234042553,0.9574468085106383,0
110.0,5.790909090909091,0.4909090909090909,0.8454545454545455,0
46.0,4.956521739130435,0.43478260869565216,0.9565217391304348,0
61.0,5.327868852459017,0.5245901639344263,0.9180327868852459,0
46.0,5.1521739130434785,0.43478260869565216,0.9565217391304348,0
47.0,5.085106382978723,0.40425531914893614,0.9574468085106383,0
53.0,5.264150943396227,0.4528301886792453,0.9433962264150944,0
46.0,4.934782608695652,0.43478260869565216,0.9565217391304348,0
50.0,5.0,0.4,0.94,0
51.0,5.196078431372549,0.45098039215686275,0.9607843137254902,0
48.0,5.125,0.4583333333333333,0.9583333333333334,0
43.0,5.046511627906977,0.3953488372093023,0.9534883720930233,0
43.0,4.976744186046512,0.4186046511627907,0.9534883720930233,0
46.0,4.956521739130435,0.41304347826086957,0.9565217391304348,0
54.0,5.222222222222222,0.48148148148148145,0.9629629629629629,0
279.0,4.516129032258065,0.4265232974910394,0.6917562724014337,0
156.0,5.173076923076923,0.5384615384615384,0.8269230769230769,0
46.0,4.913043478260869,0.41304347826086957,0.9565217391304348,0
45.0,5.088888888888889,0.4,0.9555555555555556,0
43.0,5.023255813953488,0.4186046511627907,0.9534883720930233,0
78.0,5.141025641025641,0.5512820512820513,0.9358974358974359,0
48.0,5.0625,0.3958333333333333,0.9583333333333334,0
82.0,5.439024390243903,0.5365853658536586,0.8048780487804879,0
46.0,4.956521739130435,0.391304347826087,0.9565217391304348,0
49.0,5.1020408163265305,0.4897959183673469,0.9795918367346939,0
37.0,5.162162162162162,0.4864864864864865,0.972972972972973,0
56.0,5.053571428571429,0.44642857142857145,0.9464285714285714,0
46.0,4.913043478260869,0.41304347826086957,0.9565217391304348,0
45.0,5.066666666666666,0.4,0.9555555555555556,0
50.0,5.1,0.48,0.96,0
80.0,5.0875,0.475,0.9375,0
49.0,5.183673469387755,0.42857142857142855,0.9591836734693877,0
46.0,4.934782608695652,0.41304347826086957,0.9565217391304348,0
45.0,5.088888888888889,0.4222222222222222,0.9555555555555556,0
49.0,5.244897959183674,0.46938775510204084,0.9591836734693877,0
62.0,5.048387096774194,0.41935483870967744,0.9516129032258065,0
46.0,5.1521739130434785,0.43478260869565216,0.9565217391304348,0
43.0,4.976744186046512,0.4186046511627907,0.9534883720930233,0
43.0,5.0,0.4186046511627907,0.9534883720930233,0
43.0,5.0,0.3953488372093023,0.9534883720930233,0
46.0,5.195652173913044,0.43478260869565216,0.9565217391304348,0
45.0,5.111111111111111,0.4,0.9555555555555556,0
46.0,5.021739130434782,0.391304347826087,0.9565217391304348,0
43.0,4.976744186046512,0.3953488372093023,0.9534883720930233,0
55.0,4.945454545454545,0.45454545454545453,0.9454545454545454,0
45.0,5.044444444444444,0.4,0.9555555555555556,0
66.0,5.287878787878788,0.45454545454545453,0.9545454545454546,0
48.0,4.916666666666667,0.3958333333333333,0.9583333333333334,0
46.0,4.8478260869565215,0.391304347826087,0.9565217391304348,0
46.0,4.891304347826087,0.41304347826086957,0.9565217391304348,0
43.0,5.0,0.3953488372093023,0.9534883720930233,0
43.0,5.046511627906977,0.4186046511627907,0.9534883720930233,0
43.0,5.046511627906977,0.3953488372093023,0.9534883720930233,0
47.0,5.170212765957447,0.44680851063829785,0.9574468085106383,0
45.0,5.022222222222222,0.4,0.9555555555555556,0
50.0,5.1,0.48,0.96,0
45.0,5.111111111111111,0.4,0.9555555555555556,0
65.0,4.892307692307693,0.4153846153846154,0.8769230769230769,0
50.0,5.22,0.44,0.96,0
46.0,4.913043478260869,0.41304347826086957,0.9565217391304348,0
43.0,4.976744186046512,0.3953488372093023,0.9534883720930233,0
43.0,5.0,0.4186046511627907,0.9534883720930233,0
43.0,5.046511627906977,0.4186046511627907,0.9534883720930233,0
43.0,5.046511627906977,0.3953488372093023,0.9534883720930233,0
46.0,5.0,0.43478260869565216,0.9565217391304348,0
46.0,5.0,0.43478260869565216,0.9565217391304348,0
57.0,4.947368421052632,0.43859649122807015,0.9122807017543859,0
90.0,5.344444444444444,0.45555555555555555,0.9,0
53.0,5.2075471698113205,0.41509433962264153,0.9622641509433962,0
43.0,5.046511627906977,0.3953488372093023,0.9534883720930233,0
43.0,4.976744186046512,0.4186046511627907,0.9534883720930233,0
49.0,5.142857142857143,0.42857142857142855,0.9591836734693877,0
45.0,4.977777777777778,0.4,0.9555555555555556,0
50.0,5.04,0.4,0.92,0
43.0,5.046511627906977,0.3953488372093023,0.9534883720930233,0
43.0,5.023255813953488,0.4186046511627907,0.9534883720930233,0
68.0,5.3088235294117645,0.39705882352941174,0.9264705882352942,0
47.0,5.042553191489362,0.40425531914893614,0.9574468085106383,0
48.0,4.979166666666667,0.3958333333333333,0.9375,0
43.0,5.046511627906977,0.4186046511627907,0.9534883720930233,0
57.0,4.947368421052632,0.38596491228070173,0.9298245614035088,0
47.0,5.042553191489362,0.425531914893617,0.9574468085106383,0
46.0,5.086956521739131,0.41304347826086957,0.9565217391304348,0
43.0,5.0,0.4186046511627907,0.9534883720930233,0
46.0,4.934782608695652,0.391304347826087,0.9565217391304348,0
49.0,5.081632653061225,0.3877551020408163,0.9591836734693877,0
53.0,5.283018867924528,0.4528301886792453,0.9622641509433962,0
43.0,4.976744186046512,0.4186046511627907,0.9534883720930233,0
43.0,4.976744186046512,0.3953488372093023,0.9534883720930233,0
50.0,4.94,0.4,0.96,0
46.0,4.934782608695652,0.391304347826087,0.9565217391304348,0
48.0,5.125,0.4166666666666667,0.9375,0
50.0,5.06,0.4,0.96,0
43.0,4.976744186046512,0.4186046511627907,0.9534883720930233,0
90.0,5.1,0.4111111111111111,0.8666666666666667,0
43.0,5.0,0.3953488372093023,0.9534883720930233,0
55.0,5.127272727272727,0.43636363636363634,0.9636363636363636,0
46.0,5.065217391304348,0.391304347826087,0.9565217391304348,0
43.0,4.976744186046512,0.4186046511627907,0.9534883720930233,0
42.0,4.833333333333333,0.38095238095238093,0.9285714285714286,0
48.0,4.958333333333333,0.3958333333333333,0.9375,0
48.0,5.0,0.3958333333333333,0.9375,0
48.0,5.0,0.3958333333333333,0.9375,0
52.0,5.096153846153846,0.46153846153846156,0.9423076923076923,0
43.0,4.976744186046512,0.4186046511627907,0.9534883720930233,0
46.0,5.0,0.41304347826086957,0.9565217391304348,0
52.0,5.115384615384615,0.40384615384615385,0.9615384615384616,0
47.0,5.0,0.44680851063829785,0.9574468085106383,0
46.0,5.086956521739131,0.41304347826086957,0.9565217391304348,0
46.0,5.108695652173913,0.43478260869565216,0.9565217391304348,0
46.0,5.0,0.41304347826086957,0.9565217391304348,0
54.0,4.925925925925926,0.4074074074074074,0.9629629629629629,0
136.0,5.205882352941177,0.4485294117647059,0.8529411764705882,0
46.0,5.173913043478261,0.43478260869565216,0.9565217391304348,0
44.0,5.0227272727272725,0.4318181818181818,0.9545454545454546,0
44.0,4.9772727272727275,0.4318181818181818,0.9545454545454546,0
53.0,5.169811320754717,0.4716981132075472,0.9811320754716981,0
56.0,5.0,0.4107142857142857,0.9285714285714286,0
43.0,5.046511627906977,0.4186046511627907,0.9302325581395349,0
43.0,5.046511627906977,0.3953488372093023,0.9534883720930233,0
45.0,5.111111111111111,0.4222222222222222,0.9555555555555556,0
59.0,5.1525423728813555,0.4576271186440678,0.9491525423728814,0
46.0,5.021739130434782,0.43478260869565216,0.9565217391304348,0
43.0,5.0,0.3953488372093023,0.9534883720930233,0
43.0,5.046511627906977,0.4186046511627907,0.9534883720930233,0
49.0,5.081632653061225,0.3877551020408163,0.9591836734693877,0
46.0,5.108695652173913,0.43478260869565216,0.9565217391304348,0
43.0,4.976744186046512,0.4186046511627907,0.9534883720930233,0
43.0,4.976744186046512,0.3953488372093023,0.9534883720930233,0
53.0,4.886792452830188,0.4339622641509434,0.9056603773584906,0
52.0,5.076923076923077,0.46153846153846156,0.9615384615384616,0
51.0,4.921568627450981,0.39215686274509803,0.9215686274509803,0
43.0,4.976744186046512,0.4186046511627907,0.9534883720930233,0
48.0,5.0,0.3958333333333333,0.9375,0
43.0,5.0,0.3953488372093023,0.9534883720930233,0
43.0,5.046511627906977,0.4186046511627907,0.9534883720930233,0
43.0,5.046511627906977,0.3953488372093023,0.9534883720930233,0
51.0,5.196078431372549,0.47058823529411764,0.9607843137254902,0
52.0,4.961538461538462,0.4423076923076923,0.9230769230769231,0
43.0,5.046511627906977,0.4418604651162791,0.9767441860465116,0
46.0,5.195652173913044,0.45652173913043476,0.9782608695652174,0
50.0,5.12,0.42,0.98,0
49.0,4.836734693877551,0.40816326530612246,0.9591836734693877,0
41.0,4.951219512195122,0.4146341463414634,0.975609756097561,0
48.0,5.125,0.4791666666666667,0.9791666666666666,0
59.0,5.237288135593221,0.4406779661016949,0.9830508474576272,0
116.0,4.836206896551724,0.5,0.8103448275862069,0
143.0,4.398601398601398,0.48951048951048953,0.7902097902097902,0
327.0,4.963302752293578,0.4984709480122324,0.7828746177370031,0
371.0,5.495956873315364,0.5202156334231806,0.7142857142857143,0
44.0,5.340909090909091,0.6136363636363636,0.8636363636363636,0
60.0,5.1,0.5666666666666667,0.8833333333333333,0
325.0,5.12,0.52,0.7046153846153846,0
393.0,5.10941475826972,0.544529262086514,0.72264631043257,0
46.0,4.695652173913044,0.43478260869565216,0.8043478260869565,0
126.0,5.158730158730159,0.5952380952380952,0.6984126984126984,0
101.0,4.9504950495049505,0.6138613861386139,0.7128712871287128,0
458.0,5.12882096069869,0.5043668122270742,0.6375545851528385,0
83.0,5.048192771084337,0.40963855421686746,0.5783132530120482,0
151.0,4.966887417218543,0.5033112582781457,0.7748344370860927,0
127.0,5.031496062992126,0.4645669291338583,0.6062992125984252,0
28.0,4.25,0.5357142857142857,0.75,0
360.0,4.680555555555555,0.46944444444444444,0.7722222222222223,0
359.0,5.2674094707520895,0.5431754874651811,0.6295264623955432,0
137.0,4.861313868613139,0.43795620437956206,0.7226277372262774,0
378.0,4.391534391534392,0.41798941798941797,0.6243386243386243,0
124.0,5.104838709677419,0.5161290322580645,0.782258064516129,0
246.0,4.215447154471545,0.4186991869918699,0.5853658536585366,0
109.0,4.18348623853211,0.46788990825688076,0.7247706422018348,0
115.0,4.678260869565217,0.3391304347826087,0.6956521739130435,0
242.0,4.541322314049586,0.4214876033057851,0.7892561983471075,0
142.0,5.112676056338028,0.528169014084507,0.8732394366197183,0
12.0,5.166666666666667,0.75,0.5,0
92.0,4.934782608695652,0.44565217391304346,0.532608695652174,0
105.0,5.066666666666666,0.47619047619047616,0.8285714285714286,0
378.0,4.968253968253968,0.5052910052910053,0.6375661375661376,0
62.0,4.612903225806452,0.45161290322580644,0.8387096774193549,0
345.0,5.104347826086957,0.4289855072463768,0.6057971014492753,0
359.0,5.116991643454039,0.5459610027855153,0.7103064066852368,0
102.0,5.107843137254902,0.5294117647058824,0.9117647058823529,0
201.0,4.592039800995025,0.5223880597014925,0.681592039800995,0
92.0,5.108695652173913,0.5652173913043478,0.5652173913043478,0
225.0,5.208888888888889,0.6177777777777778,0.7422222222222222,0
269.0,4.977695167286245,0.4349442379182156,0.5055762081784386,0
182.0,5.065934065934066,0.45604395604395603,0.5384615384615384,0
192.0,4.776041666666667,0.4322916666666667,0.6614583333333334,0
373.0,5.289544235924933,0.5656836461126006,0.6702412868632708,0
106.0,4.9245283018867925,0.4339622641509434,0.7735849056603774,0
245.0,4.4,0.5469387755102041,0.746938775510204,0
363.0,4.801652892561983,0.5399449035812672,0.6859504132231405,0
171.0,4.807017543859649,0.4619883040935672,0.5672514619883041,0
97.0,5.020618556701031,0.7216494845360825,0.5051546391752577,0
158.0,4.7594936708860756,0.44936708860759494,0.740506329113924,0
43.0,5.046511627906977,0.3953488372093023,0.9534883720930233,0
43.0,4.976744186046512,0.3953488372093023,0.9534883720930233,0
45.0,5.0,0.4222222222222222,0.9555555555555556,0
47.0,5.127659574468085,0.425531914893617,0.9574468085106383,0
43.0,5.046511627906977,0.4186046511627907,0.9534883720930233,0
45.0,5.022222222222222,0.4,0.9555555555555556,0
43.0,5.0,0.4186046511627907,0.9534883720930233,0
43.0,4.976744186046512,0.4186046511627907,0.9534883720930233,0
97.0,4.835051546391752,0.44329896907216493,0.8556701030927835,0
45.0,5.111111111111111,0.4222222222222222,0.9555555555555556,0
43.0,5.0,0.3953488372093023,0.9534883720930233,0
43.0,5.046511627906977,0.3953488372093023,0.9534883720930233,0
54.0,4.7407407407407405,0.42592592592592593,0.9259259259259259,0
43.0,4.976744186046512,0.4186046511627907,0.9534883720930233,0
43.0,4.976744186046512,0.3953488372093023,0.9534883720930233,0
45.0,4.977777777777778,0.37777777777777777,0.9555555555555556,0
43.0,5.046511627906977,0.4186046511627907,0.9534883720930233,0
43.0,5.046511627906977,0.3953488372093023,0.9534883720930233,0
45.0,5.022222222222222,0.4222222222222222,0.9555555555555556,0
45.0,5.044444444444444,0.4,0.9555555555555556,0
66.0,5.454545454545454,0.5757575757575758,0.9696969696969697,0
45.0,5.066666666666666,0.4,0.9555555555555556,0
43.0,5.046511627906977,0.4186046511627907,0.9534883720930233,0
45.0,5.088888888888889,0.4222222222222222,0.9555555555555556,0
43.0,4.976744186046512,0.4186046511627907,0.9534883720930233,0
43.0,4.976744186046512,0.3953488372093023,0.9534883720930233,0
58.0,4.879310344827586,0.46551724137931033,0.8793103448275862,0
54.0,4.925925925925926,0.42592592592592593,0.9629629629629629,0
43.0,5.046511627906977,0.3953488372093023,0.9534883720930233,0
64.0,5.0625,0.421875,0.953125,0
53.0,5.169811320754717,0.4528301886792453,0.9622641509433962,0
56.0,5.339285714285714,0.48214285714285715,0.9285714285714286,0
46.0,5.043478260869565,0.391304347826087,0.9565217391304348,0
54.0,5.074074074074074,0.4444444444444444,0.9259259259259259,0
48.0,5.0625,0.4166666666666667,0.9583333333333334,0
46.0,4.934782608695652,0.41304347826086957,0.9565217391304348,0
46.0,5.021739130434782,0.41304347826086957,0.9565217391304348,0
46.0,5.0,0.41304347826086957,0.9565217391304348,0
49.0,5.122448979591836,0.42857142857142855,0.9591836734693877,0
52.0,5.173076923076923,0.4230769230769231,0.9615384615384616,0
46.0,5.108695652173913,0.43478260869565216,0.9565217391304348,0
42.0,5.095238095238095,0.42857142857142855,0.9523809523809523,0
42.0,5.095238095238095,0.40476190476190477,0.9523809523809523,0
42.0,5.119047619047619,0.40476190476190477,0.9523809523809523,0
44.0,5.2727272727272725,0.4318181818181818,0.9545454545454546,0
44.0,5.204545454545454,0.4090909090909091,0.9545454545454546,0
44.0,5.181818181818182,0.4318181818181818,0.9545454545454546,0
43.0,4.976744186046512,0.3953488372093023,0.9534883720930233,0
42.0,5.119047619047619,0.42857142857142855,0.9523809523809523,0
72.0,4.652777777777778,0.3611111111111111,0.9166666666666666,0
42.0,5.166666666666667,0.42857142857142855,0.9523809523809523,0
45.0,5.088888888888889,0.4222222222222222,0.9555555555555556,0
51.0,5.0588235294117645,0.45098039215686275,0.9411764705882353,0
46.0,5.1521739130434785,0.391304347826087,0.9565217391304348,0
45.0,5.088888888888889,0.4222222222222222,0.9555555555555556,0
47.0,5.297872340425532,0.44680851063829785,0.9574468085106383,0
53.0,5.113207547169812,0.4339622641509434,0.9433962264150944,0
46.0,5.065217391304348,0.43478260869565216,0.9565217391304348,0
57.0,5.315789473684211,0.45614035087719296,0.9473684210526315,0
87.0,4.7011494252873565,0.45977011494252873,0.8620689655172413,0
103.0,5.029126213592233,0.4854368932038835,0.8446601941747572,0
46.0,5.1521739130434785,0.43478260869565216,0.9565217391304348,0
59.0,5.305084745762712,0.4576271186440678,0.9661016949152542,0
43.0,4.976744186046512,0.4186046511627907,0.9534883720930233,0
45.0,5.088888888888889,0.4,0.9555555555555556,0
47.0,5.042553191489362,0.425531914893617,0.9574468085106383,0
59.0,5.033898305084746,0.4067796610169492,0.9491525423728814,0
52.0,5.076923076923077,0.4230769230769231,0.9615384615384616,0
48.0,5.145833333333333,0.4583333333333333,0.9583333333333334,0
64.0,4.984375,0.4375,0.9375,0
62.0,4.774193548387097,0.5,0.7580645161290323,0
374.0,5.016042780748663,0.5508021390374331,0.6657754010695187,0
10.0,5.6,0.8,0.8,0
235.0,4.412765957446808,0.4,0.7191489361702128,0
472.0,4.682203389830509,0.4936440677966102,0.6885593220338984,0
73.0,4.794520547945205,0.3287671232876712,0.6438356164383562,0
82.0,4.829268292682927,0.35365853658536583,0.5853658536585366,0
284.0,4.471830985915493,0.397887323943662,0.6619718309859155,0
392.0,5.125,0.49744897959183676,0.7244897959183674,0
325.0,4.661538461538462,0.39692307692307693,0.6553846153846153,0
126.0,4.682539682539683,0.38095238095238093,0.6507936507936508,0
148.0,5.047297297297297,0.38513513513513514,0.6486486486486487,0
185.0,5.151351351351352,0.5135135135135135,0.6918918918918919,0
144.0,4.944444444444445,0.4722222222222222,0.8055555555555556,0
188.0,4.930851063829787,0.5478723404255319,0.6808510638297872,0
80.0,4.725,0.5,0.7375,0
139.0,5.0359712230215825,0.49640287769784175,0.762589928057554,0
118.0,5.177966101694915,0.423728813559322,0.711864406779661,0
143.0,4.853146853146853,0.4965034965034965,0.7622377622377622,0
50.0,5.86,0.54,0.64,0
180.0,4.433333333333334,0.5444444444444444,0.6555555555555556,0
377.0,5.151193633952254,0.5278514588859416,0.7055702917771883,0
254.0,4.874015748031496,0.5984251968503937,0.6889763779527559,0
206.0,5.305825242718447,0.6019417475728155,0.7475728155339806,0
68.0,4.779411764705882,0.47058823529411764,0.7794117647058824,0
15.0,5.533333333333333,0.6666666666666666,1.0,0
6.0,4.0,0.16666666666666666,1.0,0
92.0,4.478260869565218,0.4891304347826087,0.6956521739130435,0
350.0,4.7542857142857144,0.5257142857142857,0.6857142857142857,0
113.0,4.504424778761062,0.415929203539823,0.7345132743362832,0
10.0,4.9,0.6,0.9,0
177.0,4.451977401129944,0.3615819209039548,0.7062146892655368,0
280.0,4.678571428571429,0.4107142857142857,0.6464285714285715,0
60.0,4.883333333333334,0.4,0.8,0
20.0,5.45,0.75,0.95,0
20.0,4.6,0.5,0.95,0
39.0,5.0,0.5384615384615384,0.8461538461538461,0
174.0,5.114942528735632,0.4942528735632184,0.7298850574712644,0
69.0,4.72463768115942,0.5217391304347826,0.8260869565217391,0
108.0,5.231481481481482,0.5648148148148148,0.8240740740740741,0
368.0,4.736413043478261,0.4266304347826087,0.6358695652173914,0
154.0,4.603896103896104,0.5064935064935064,0.5909090909090909,0
66.0,5.2727272727272725,0.5151515151515151,0.8636363636363636,0
67.0,5.552238805970149,0.3880597014925373,0.6567164179104478,0
29.0,5.206896551724138,0.6551724137931034,0.8275862068965517,0
235.0,4.885106382978724,0.4340425531914894,0.5702127659574469,0
140.0,4.45,0.35,0.6785714285714286,0
149.0,4.966442953020135,0.5167785234899329,0.7785234899328859,0
157.0,4.917197452229299,0.49044585987261147,0.7261146496815286,0
298.0,4.89261744966443,0.47651006711409394,0.6342281879194631,0
54.0,4.703703703703703,0.3888888888888889,0.7592592592592593,0
68.0,4.9411764705882355,0.5147058823529411,0.8529411764705882,0
160.0,4.78125,0.49375,0.675,0
72.0,4.958333333333333,0.4583333333333333,0.8472222222222222,0
213.0,4.854460093896714,0.4694835680751174,0.7089201877934272,0
127.0,4.551181102362205,0.5511811023622047,0.6220472440944882,0
133.0,4.924812030075188,0.47368421052631576,0.8195488721804511,0
423.0,4.794326241134752,0.475177304964539,0.7092198581560284,0
241.0,4.759336099585062,0.4066390041493776,0.7800829875518672,0
359.0,4.874651810584958,0.42618384401114207,0.6601671309192201,0
24.0,4.75,0.625,0.8333333333333334,0
116.0,4.7155172413793105,0.3793103448275862,0.6724137931034483,0
358.0,5.307262569832402,0.4664804469273743,0.6871508379888268,0
430.0,5.1720930232558135,0.5465116279069767,0.7,0
69.0,5.057971014492754,0.2898550724637681,0.5362318840579711,0
413.0,4.852300242130751,0.44552058111380144,0.4576271186440678,0
231.0,5.012987012987013,0.4588744588744589,0.6536796536796536,0
193.0,4.891191709844559,0.3005181347150259,0.7357512953367875,0
153.0,4.9411764705882355,0.46405228758169936,0.7516339869281046,0
362.0,5.071823204419889,0.5027624309392266,0.4585635359116022,0
86.0,4.058139534883721,0.32558139534883723,0.5465116279069767,0
98.0,4.295918367346939,0.4489795918367347,0.6122448979591837,0
63.0,4.571428571428571,0.4603174603174603,0.8095238095238095,0
127.0,4.700787401574803,0.5433070866141733,0.6535433070866141,0
328.0,5.0060975609756095,0.4329268292682927,0.6615853658536586,0
173.0,4.670520231213873,0.4624277456647399,0.7572254335260116,0
97.0,6.0,0.5670103092783505,0.8556701030927835,0
344.0,4.9854651162790695,0.49709302325581395,0.7093023255813954,0
409.0,4.784841075794621,0.45965770171149145,0.7334963325183375,0
120.0,4.966666666666667,0.45,0.85,0
192.0,4.786458333333333,0.484375,0.7604166666666666,0
92.0,4.282608695652174,0.3804347826086957,0.7934782608695652,0
380.0,4.91578947368421,0.5736842105263158,0.6631578947368421,0
39.0,4.615384615384615,0.6153846153846154,0.7435897435897436,0
354.0,5.9576271186440675,0.6694915254237288,0.5847457627118644,0
119.0,5.92436974789916,0.5210084033613446,0.8487394957983193,0
24.0,5.0,0.375,0.875,0
40.0,4.975,0.45,0.925,0
240.0,4.441666666666666,0.44583333333333336,0.625,0
93.0,5.139784946236559,0.4838709677419355,0.8602150537634409,0
338.0,5.405325443786983,0.4940828402366864,0.6804733727810651,0
195.0,4.825641025641025,0.4358974358974359,0.7589743589743589,0
421.0,4.622327790973872,0.4323040380047506,0.7220902612826603,0
184.0,5.005434782608695,0.5163043478260869,0.6684782608695652,0
436.0,4.665137614678899,0.536697247706422,0.6605504587155964,0
451.0,4.8093126385809315,0.4124168514412417,0.6984478935698448,0
194.0,5.041237113402062,0.6082474226804123,0.6185567010309279,0
411.0,5.2700729927007295,0.45742092457420924,0.7153284671532847,0
342.0,4.745614035087719,0.29239766081871343,0.6257309941520468,0
474.0,4.793248945147679,0.4008438818565401,0.6518987341772152,0
397.0,4.788413098236775,0.380352644836272,0.6675062972292192,0
362.0,4.6464088397790055,0.3867403314917127,0.6243093922651933,0
331.0,4.619335347432024,0.31722054380664655,0.6465256797583081,0
183.0,4.617486338797814,0.30601092896174864,0.7049180327868853,0
310.0,4.880645161290323,0.3548387096774194,0.6580645161290323,0
202.0,5.306930693069307,0.5495049504950495,0.7227722772277227,0
228.0,4.631578947368421,0.4824561403508772,0.7105263157894737,0
282.0,4.638297872340425,0.5106382978723404,0.7907801418439716,0
189.0,5.253968253968254,0.4708994708994709,0.7301587301587301,0
353.0,4.858356940509915,0.4730878186968839,0.7053824362606232,0
10.0,4.3,0.4,0.7,0
281.0,4.693950177935943,0.4555160142348754,0.7437722419928826,0
233.0,4.75107296137339,0.4592274678111588,0.7081545064377682,0
212.0,4.7924528301886795,0.39622641509433965,0.7547169811320755,0
239.0,4.849372384937238,0.5313807531380753,0.6401673640167364,0
55.0,4.9818181818181815,0.2909090909090909,0.6181818181818182,0
101.0,5.237623762376238,0.5247524752475248,0.8217821782178217,0
256.0,4.83203125,0.515625,0.66015625,0
105.0,5.504761904761905,0.5142857142857142,0.8,0
164.0,5.304878048780488,0.42073170731707316,0.6951219512195121,0
211.0,4.800947867298579,0.36018957345971564,0.6398104265402843,0
196.0,5.198979591836735,0.46938775510204084,0.7653061224489796,0
274.0,5.178832116788321,0.5437956204379562,0.7554744525547445,0
238.0,4.983193277310924,0.40756302521008403,0.7058823529411765,0
64.0,5.015625,0.484375,0.90625,0
269.0,4.301115241635688,0.45724907063197023,0.6654275092936803,0
421.0,4.978622327790974,0.5083135391923991,0.6793349168646081,0
401.0,4.413965087281795,0.48129675810473815,0.6483790523690773,0
75.0,5.48,0.64,0.7866666666666666,0
192.0,5.104166666666667,0.5,0.5885416666666666,0
197.0,5.192893401015229,0.5228426395939086,0.6852791878172588,0
174.0,5.252873563218391,0.4367816091954023,0.6839080459770115,0
117.0,5.076923076923077,0.28205128205128205,0.7264957264957265,0
153.0,4.9411764705882355,0.477124183006536,0.7320261437908496,0
110.0,5.072727272727272,0.4818181818181818,0.7272727272727273,0
236.0,5.169491525423729,0.4491525423728814,0.6483050847457628,0
398.0,4.9045226130653266,0.3793969849246231,0.6432160804020101,0
144.0,4.916666666666667,0.5138888888888888,0.6666666666666666,0
163.0,5.024539877300613,0.44171779141104295,0.5337423312883436,0
146.0,5.068493150684931,0.5136986301369864,0.7671232876712328,0
156.0,5.044871794871795,0.6282051282051282,0.7628205128205128,0
261.0,4.743295019157088,0.46360153256704983,0.685823754789272,0
269.0,5.014869888475836,0.40892193308550184,0.7026022304832714,0
99.0,4.98989898989899,0.48484848484848486,0.8383838383838383,0
237.0,5.050632911392405,0.3924050632911392,0.7848101265822784,0
352.0,4.994318181818182,0.48011363636363635,0.7215909090909091,0
28.0,5.321428571428571,0.5,0.7142857142857143,0
215.0,5.186046511627907,0.5302325581395348,0.7534883720930232,0
107.0,5.299065420560748,0.5046728971962616,0.794392523364486,0
95.0,4.7368421052631575,0.37894736842105264,0.7473684210526316,0
453.0,4.467991169977925,0.4392935982339956,0.6048565121412803,0
447.0,5.208053691275167,0.5078299776286354,0.6868008948545862,0
415.0,5.228915662650603,0.4867469879518072,0.6024096385542169,0
80.0,4.4375,0.3,0.825,0
151.0,4.741721854304636,0.4768211920529801,0.7483443708609272,0
217.0,5.059907834101383,0.6129032258064516,0.8202764976958525,0
12.0,4.583333333333333,0.5,1.0,0
47.0,4.702127659574468,0.3617021276595745,0.851063829787234,0
486.0,4.55761316872428,0.4711934156378601,0.6707818930041153,0
153.0,5.30718954248366,0.49673202614379086,0.7712418300653595,0
161.0,4.726708074534161,0.422360248447205,0.7391304347826086,0
108.0,5.333333333333333,0.4537037037037037,0.7685185185185185,0
60.0,4.933333333333334,0.35,0.8166666666666667,0
174.0,4.890804597701149,0.42528735632183906,0.7471264367816092,0
50.0,5.2,0.38,0.72,0
120.0,5.308333333333334,0.475,0.8083333333333333,0
213.0,4.694835680751174,0.3615023474178404,0.7370892018779343,0
362.0,4.878453038674033,0.47790055248618785,0.7292817679558011,0
274.0,5.047445255474453,0.4854014598540146,0.5693430656934306,0
165.0,5.127272727272727,0.46060606060606063,0.7636363636363637,0
477.0,4.981132075471698,0.4528301886792453,0.639412997903564,0
308.0,5.123376623376624,0.38961038961038963,0.6298701298701299,0
258.0,4.717054263565892,0.5968992248062015,0.7829457364341085,0
192.0,4.895833333333333,0.3541666666666667,0.7916666666666666,0
168.0,5.011904761904762,0.4523809523809524,0.7619047619047619,0
242.0,4.512396694214876,0.5454545454545454,0.7644628099173554,0
113.0,4.619469026548672,0.4690265486725664,0.7876106194690266,0
107.0,5.130841121495327,0.4392523364485981,0.7663551401869159,0
106.0,4.990566037735849,0.5566037735849056,0.8490566037735849,0
75.0,4.346666666666667,0.5333333333333333,0.8533333333333334,0
81.0,4.703703703703703,0.4567901234567901,0.7901234567901234,0
110.0,4.818181818181818,0.44545454545454544,0.8636363636363636,0
60.0,4.583333333333333,0.5166666666666667,0.8,0
170.0,4.7,0.45294117647058824,0.7941176470588235,0
64.0,4.75,0.40625,0.84375,0
39.0,4.589743589743589,0.38461538461538464,0.8205128205128205,0
45.0,4.666666666666667,0.3111111111111111,0.8666666666666667,0
59.0,4.576271186440678,0.4406779661016949,0.7288135593220338,0
43.0,4.395348837209302,0.3953488372093023,0.7674418604651163,0
38.0,4.5,0.42105263157894735,0.7894736842105263,0
64.0,4.625,0.3125,0.75,0
93.0,5.10752688172043,0.6344086021505376,0.8387096774193549,0
71.0,4.71830985915493,0.647887323943662,0.8309859154929577,0
91.0,5.538461538461538,0.4945054945054945,0.6043956043956044,0
446.0,4.926008968609866,0.48654708520179374,0.6748878923766816,0
33.0,5.424242424242424,0.7575757575757576,0.8787878787878788,0
360.0,5.455555555555556,0.49722222222222223,0.6972222222222222,0
43.0,5.4186046511627906,0.5813953488372093,0.8372093023255814,0
110.0,5.136363636363637,0.5272727272727272,0.8636363636363636,0
215.0,4.911627906976745,0.48372093023255813,0.6093023255813953,0
86.0,5.313953488372093,0.5348837209302325,0.7790697674418605,0
144.0,5.277777777777778,0.6597222222222222,0.7222222222222222,0
68.0,5.220588235294118,0.6029411764705882,0.8235294117647058,0
97.0,5.360824742268041,0.4742268041237113,0.845360824742268,0
85.0,5.529411764705882,0.6235294117647059,0.8,0
268.0,4.712686567164179,0.4962686567164179,0.6492537313432836,0
36.0,5.194444444444445,0.6666666666666666,0.8333333333333334,0
36.0,6.0,0.75,0.8611111111111112,0
341.0,5.187683284457478,0.49853372434017595,0.6011730205278593,0
66.0,5.46969696969697,0.6212121212121212,0.8181818181818182,0
24.0,5.791666666666667,0.3333333333333333,0.625,0
329.0,5.340425531914893,0.6048632218844985,0.7416413373860182,0
104.0,4.951923076923077,0.5192307692307693,0.7980769230769231,0
376.0,5.49468085106383,0.598404255319149,0.6835106382978723,0
226.0,4.902654867256637,0.49557522123893805,0.7300884955752213,0
42.0,5.261904761904762,0.6190476190476191,0.8809523809523809,0
338.0,5.34319526627219,0.4526627218934911,0.6331360946745562,0
39.0,5.17948717948718,0.6410256410256411,0.8974358974358975,0
49.0,4.938775510204081,0.7142857142857143,0.7346938775510204,0
40.0,5.175,0.65,0.85,0
24.0,6.125,0.5416666666666666,0.7916666666666666,0
7902.0,5.007213363705391,0.48392811946342695,0.41812199443178943,1
5670.0,5.214814814814815,0.44603174603174606,0.4146384479717813,1
8517.0,4.964776329693554,0.4247974638957379,0.3874603733709053,1
2986.0,5.334896182183523,0.522438044206296,0.5565974547890155,1
1996.0,4.9318637274549095,0.48396793587174347,0.6167334669338678,1
9201.0,5.098576241712857,0.4531029235952614,0.41538963156178677,1
10262.0,5.0922822061976225,0.48090040927694405,0.4419216526992789,1
8916.0,4.849932705248991,0.5034768954688201,0.48934499775684165,1
16772.0,5.057774862866682,0.4794896255664202,0.4084187932268066,1
2918.0,5.014736120630569,0.4832076764907471,0.5061686086360521,1
4440.0,4.995495495495495,0.4529279279279279,0.38806306306306304,1
3153.0,4.9933396764985725,0.4513162067871868,0.5011100539169046,1
1983.0,5.199193141704488,0.5113464447806354,0.5849722642460918,1
7739.0,5.124951544127148,0.46556402635999483,0.49308696213981135,1
5937.0,5.179215091797204,0.4766717197237662,0.4064342260400876,1
3405.0,4.91071953010279,0.4590308370044053,0.4419970631424376,1
2751.0,4.940385314431116,0.4245728825881498,0.504907306434024,1
8702.0,5.093656630659618,0.4704665594116295,0.4843714088715238,1
4228.0,5.089640491958373,0.4432355723746452,0.4746925260170293,1
12405.0,5.180975413139863,0.4789197904070939,0.4179766223297058,1
5600.0,5.0130357142857145,0.45571428571428574,0.48946428571428574,1
17463.0,4.945771058810055,0.4827921892000229,0.40222184046269255,1
8955.0,4.945058626465662,0.47247347850362925,0.47113344500279175,1
2148.0,4.628957169459963,0.41852886405959033,0.5181564245810056,1
1973.0,5.095286365940193,0.4845413076533198,0.570704510897111,1
2133.0,4.908579465541491,0.43928738865447725,0.5433661509610876,1
3070.0,4.515635179153095,0.5403908794788274,0.4488599348534202,1
3273.0,4.960586617781852,0.44485181790406353,0.5230675221509319,1
5999.0,5.007834639106518,0.4999166527754626,0.5234205700950159,1
2641.0,4.715638015903067,0.48315032184778495,0.5471412343809163,1
5967.0,4.724149488855371,0.4627115803586392,0.47293447293447294,1
6416.0,5.033821695760598,0.46649002493765584,0.4608790523690773,1
4642.0,4.821844032744506,0.47824213700990953,0.46445497630331756,1
2932.0,5.032401091405184,0.4641882673942701,0.5501364256480218,1
12186.0,5.031839816182504,0.4756277695716396,0.36812735926473,1
11019.0,4.707323713585625,0.4383337870950177,0.3483074689173246,1
21758.0,4.990578178141373,0.4559702178509054,0.3836749701259307,1
5701.0,5.002806525171023,0.470268373969479,0.44465883178389753,1
2993.0,4.841296358169061,0.43468092215168724,0.5188773805546275,1
6061.0,4.632073915195512,0.4274872133311335,0.34713743606665565,1
6388.0,4.949906073888541,0.5037570444583594,0.41828428303068255,1
9468.0,4.931875792141952,0.4550063371356147,0.4471905365441487,1
2426.0,4.713932399010718,0.482275350370981,0.5292662819455894,1
4548.0,4.808927000879508,0.5246262093227793,0.4118293755496922,1
9097.0,4.824337693745191,0.42288666593382435,0.412773441793998,1
3101.0,5.288616575298291,0.5027410512737827,0.418574653337633,1
4062.0,5.019694731659281,0.47661250615460365,0.465288035450517,1
7818.0,5.01240726528524,0.47940649782553085,0.41980046047582503,1
4809.0,4.890205864004991,0.46600124766063633,0.49656893325015594,1
14392.0,4.951987215119511,0.4917315175097276,0.40411339633129517,1
10283.0,4.782456481571526,0.49946513663327824,0.41203928814548285,1
9652.0,4.994301699129714,0.513261500207211,0.4419809365934521,1
2662.0,4.951915852742299,0.48572501878287,0.5567242674680691,1
2604.0,4.908986175115207,0.5268817204301075,0.5787250384024577,1
13078.0,4.741091910077993,0.44028138859152777,0.34026609573329253,1
7124.0,5.118472768107805,0.48385738349241997,0.43472768107804605,1
2624.0,5.326219512195122,0.5011432926829268,0.5445884146341463,1
2114.0,4.932355723746452,0.48438978240302744,0.6125827814569537,1
2110.0,5.094312796208531,0.4706161137440758,0.5658767772511848,1
10220.0,5.108414872798434,0.46320939334637967,0.4080234833659491,1
6099.0,4.992457779963929,0.43548122643056236,0.48450565666502704,1
4862.0,4.468120115178939,0.5166598107774578,0.44014808720691073,1
6262.0,5.1521877994251035,0.4412328329607154,0.4244650271478761,1
5069.0,4.875320576050503,0.5075951864273032,0.45571118563819296,1
4281.0,5.223078719925251,0.5741649147395468,0.5398271431908432,1
5166.0,5.06794425087108,0.5474254742547425,0.5129694154084398,1
16476.0,4.915027919397912,0.43165816945860647,0.3685360524399126,1
5301.0,4.780607432559894,0.46500660252782494,0.44406715714016226,1
3055.0,5.142716857610474,0.4595744680851064,0.5666121112929624,1
12335.0,5.420591811917308,0.5315768139440616,0.44410214835832995,1
2430.0,5.01440329218107,0.5267489711934157,0.5213991769547325,1
3443.0,5.040952657566076,0.45948300900377576,0.5585245425501016,1
2587.0,4.209509083880943,0.5465790490916119,0.5222265172013916,1
2363.0,5.135421074904782,0.502327549724926,0.539568345323741,1
6413.0,4.913768906907843,0.4807422423202869,0.4620302510525495,1
4006.0,4.899400898652022,0.42985521717423864,0.45981028457314027,1
7120.0,4.730337078651686,0.4446629213483146,0.34747191011235956,1
5124.0,5.007611241217798,0.4307181889149102,0.4968774395003903,1
4112.0,4.841926070038911,0.507295719844358,0.5620136186770428,1
2251.0,4.97734340293203,0.5188804975566415,0.5575299866725899,1
7405.0,4.9546252532072925,0.49264010803511143,0.4472653612424038,1
6291.0,4.8278493085360035,0.4910189159116198,0.4784612939119377,1
2365.0,4.818604651162791,0.44693446088794925,0.5365750528541227,1
4638.0,4.832902112979733,0.44997843898232,0.4635618801207417,1
3449.0,5.418672078863438,0.5010147868947521,0.512032473180632,1
15346.0,5.053694773882445,0.488791867587645,0.38270559103349405,1
3370.0,5.291097922848665,0.4902077151335312,0.5225519287833827,1
10451.0,5.107740886039614,0.44694287627978185,0.391732848531241,1
8951.0,5.0116188135403865,0.4677689643615239,0.4650876996983577,1
5060.0,4.931225296442688,0.4863636363636364,0.5282608695652173,1
2122.0,5.0966069745523095,0.47266729500471255,0.5801131008482564,1
8970.0,4.96365663322185,0.430546265328874,0.42865105908584167,1
1988.0,5.091549295774648,0.4200201207243461,0.5618712273641852,1
3386.0,4.928529238038984,0.48227997637330183,0.5451860602480804,1
4389.0,5.1098200045568465,0.46320346320346323,0.5274550011392116,1
3561.0,4.8343162033136755,0.47570907048581856,0.5571468688570627,1
1909.0,4.897328444211629,0.45992666317443687,0.536930330015715,1
2538.0,4.680851063829787,0.5275807722616234,0.61150512214342,1
3127.0,4.779021426287176,0.5203070035177486,0.5813879117364886,1
15851.0,4.956532710869976,0.4576998296637436,0.39265661472462304,1
2869.0,4.813872429417915,0.5406064830951551,0.5433949111188567,1
2112.0,4.950284090909091,0.4602272727272727,0.537405303030303,1
8817.0,5.2447544516275375,0.4853124645571056,0.4787342633548826,1
3736.0,5.004817987152034,0.4756423982869379,0.5190042826552462,1
8309.0,5.320134793597304,0.4783969190034902,0.4110001203514262,1
2297.0,4.944275141488898,0.5041358293426208,0.5533304309969526,1
2066.0,4.966602129719265,0.5609874152952565,0.5759922555663117,1
3830.0,4.8950391644908615,0.4731070496083551,0.4331592689295039,1
18086.0,4.823399314386818,0.46146190423532013,0.36536547605883,1
2501.0,4.767293082766893,0.48980407836865253,0.5005997600959616,1
4133.0,4.677715944834261,0.5107669973384951,0.49310428260343575,1
20339.0,5.452136289886425,0.606126161561532,0.391513840405133,1
8380.0,4.971599045346062,0.4454653937947494,0.40536992840095465,1
2864.0,4.686103351955308,0.5153631284916201,0.5314245810055865,1
16644.0,5.235580389329488,0.5592405671713531,0.3895097332372026,1
6643.0,4.84374529580009,0.49013999698931204,0.440463645943098,1
2664.0,4.871621621621622,0.4725975975975976,0.47147147147147145,1
2904.0,4.892906336088155,0.4738292011019284,0.5230716253443526,1
10731.0,5.111359612338086,0.4558755008852856,0.43201938309570403,1
2465.0,5.210547667342799,0.4515212981744422,0.4969574036511156,1
3314.0,4.755582377791189,0.45986722993361495,0.46861798430899215,1
2231.0,4.916181084715374,0.44778126400717166,0.5190497534737786,1
3724.0,4.927228786251343,0.48764769065520946,0.48872180451127817,1
4654.0,4.816287064890417,0.451654490760636,0.44520842286205414,1
2454.0,5.172779136104319,0.41035044824775874,0.5146699266503667,1
7207.0,4.784515054807826,0.46940474538642984,0.4139031497155543,1
2902.0,4.901791867677463,0.49896623018607855,0.5024121295658167,1
3820.0,4.86282722513089,0.45157068062827227,0.4617801047120419,1
5566.0,5.061264822134388,0.5359324469996407,0.5458138699245418,1
22506.0,5.348618146272106,0.5554963120945525,0.40415889096241003,1
15449.0,4.674024208686647,0.43472069389604506,0.3467538351996893,1
4808.0,4.930740432612313,0.5031198003327787,0.5126871880199667,1
7944.0,4.838620342396777,0.44272406847935547,0.4366817724068479,1
4843.0,4.9882304356803635,0.48028081767499486,0.4643815816642577,1
8010.0,5.131086142322097,0.5037453183520599,0.3898876404494382,1
7058.0,5.159393595919524,0.4582034570699915,0.42320770756588266,1
18593.0,4.997472166944549,0.4551713010272683,0.3796590114559243,1
2119.0,4.924020764511562,0.5365738555922605,0.44030202925908446,1
3040.0,5.037171052631579,0.46907894736842104,0.5424342105263158,1
6374.0,5.300596171948541,0.4852525886413555,0.4414810166300596,1
10096.0,5.143225039619652,0.43700475435816166,0.4114500792393027,1
12886.0,4.902374670184696,0.4698121992860469,0.44086605618500696,1
6373.0,4.900674721481249,0.4584967833045661,0.4395104346461635,1
5660.0,4.969434628975265,0.4669611307420495,0.48180212014134277,1
6303.0,4.986038394415358,0.47358400761542124,0.48357924797715374,1
1982.0,5.113521695257316,0.4772956609485368,0.5943491422805247,1
2833.0,4.5930109424638195,0.4680550653018002,0.4888810448288034,1
5605.0,4.8733273862622655,0.4344335414808207,0.4494201605709188,1
9308.0,4.398904168457241,0.48366996132359263,0.4141598624838848,1
2506.0,5.117717478052674,0.4748603351955307,0.5119712689545092,1
4708.0,4.946474086661002,0.48555649957519115,0.5029736618521665,1
17628.0,5.158668028137055,0.5192874971636033,0.4076469253460404,1
6208.0,4.999838917525773,0.5114368556701031,0.508215206185567,1
7896.0,4.602203647416413,0.48847517730496454,0.4540273556231003,1
2307.0,5.081491114000867,0.45210229735587343,0.5110533159947984,1
2392.0,4.8478260869565215,0.45944816053511706,0.4765886287625418,1
9123.0,4.965033431985093,0.5209909021155321,0.47714567576455114,1
4944.0,4.832928802588997,0.4281957928802589,0.4670307443365696,1
5957.0,4.886520060433104,0.4508981030720161,0.47591069330199764,1
9245.0,4.821741481882098,0.4464034613304489,0.36657652785289346,1
8374.0,4.811679006448531,0.4789825650823979,0.37735849056603776,1
6111.0,5.065783014236622,0.450335460644739,0.46735395189003437,1
4873.0,4.820644366919762,0.4814282782680074,0.42868869279704497,1
16936.0,5.1473193197921585,0.5885687293339632,0.3881672177609825,1
25568.0,5.148936170212766,0.5997340425531915,0.3356148310387985,1
6376.0,4.689774153074028,0.44965495608531997,0.3610414052697616,1
2486.0,4.4267900241351565,0.5229283990345938,0.4879324215607401,1
2614.0,5.1197398622800305,0.4720734506503443,0.6040550879877582,1
2240.0,4.689285714285714,0.5486607142857143,0.5526785714285715,1
2463.0,5.039382866423061,0.46731628095818106,0.5391798619569631,1
2130.0,4.967605633802817,0.5253521126760563,0.6187793427230047,1
8091.0,4.809170683475466,0.42911877394636017,0.35446792732665927,1
2221.0,5.227825303917155,0.5745159837910851,0.5182350292660963,1
4245.0,4.893757361601884,0.5180212014134276,0.5034157832744405,1
9561.0,4.984834222361678,0.4630268800334693,0.3196318376738835,1
4230.0,4.777541371158392,0.41962174940898345,0.5042553191489362,1
8639.0,4.837018173399699,0.4510938766060887,0.35374464637110775,1
18029.0,5.109157468522935,0.4683010704975318,0.3782239724887681,1
2305.0,4.963123644251627,0.48329718004338396,0.5375271149674621,1
11192.0,4.8743745532523235,0.4252144388849178,0.39358470335954254,1
6000.0,4.998833333333334,0.5105,0.49183333333333334,1
8526.0,5.0182969739619985,0.48428336851982173,0.45613417780905463,1
4586.0,4.69254252071522,0.4823375490623637,0.4712167466201483,1
2183.0,4.907924874026569,0.5006871278057718,0.5020613834173157,1
9087.0,4.897545944756245,0.42731374491031143,0.4224716628150105,1
10575.0,5.060898345153665,0.4631678486997636,0.42817966903073285,1
8281.0,5.115082719478324,0.5120154570704021,0.46479893732640987,1
5019.0,5.270970312811317,0.4620442319187089,0.48077306236302053,1
2331.0,4.93050193050193,0.49635349635349635,0.5555555555555556,1
2546.0,4.951296150824823,0.4996072270227808,0.5510604870384918,1
2088.0,4.9655172413793105,0.5723180076628352,0.5842911877394636,1
6218.0,4.6868768092634285,0.5057896429720167,0.4726600192988099,1
2321.0,5.037914691943128,0.48125807841447654,0.5553640672124085,1
12779.0,5.155958995226544,0.5699976523984662,0.406135065341576,1
12725.0,5.1849115913556,0.5884479371316307,0.436385068762279,1
5398.0,4.817154501667284,0.588180807706558,0.4649870322341608,1
4027.0,5.052644648621802,0.5259498385895207,0.5276881052892972,1
7067.0,4.957549172208858,0.43752653176736944,0.440781095231357,1
19028.0,5.340340550767291,0.5814063485389952,0.4131280218625184,1
2000.0,5.063,0.502,0.574,1
5417.0,4.892745061842348,0.4897544766475909,0.5229832010337825,1
3125.0,4.72896,0.44928,0.49568,1
2078.0,5.090952839268527,0.4408084696823869,0.5673724735322425,1
6610.0,4.888199697428139,0.5527987897125567,0.4983358547655068,1
2601.0,4.971933871587851,0.5121107266435986,0.6170703575547867,1
3265.0,4.974578866768759,0.43767228177641654,0.49310872894333846,1
2578.0,4.8010085337470905,0.5034910783553141,0.5837858805275408,1
12383.0,4.886537995639182,0.46717273681660343,0.42703706694662036,1
3730.0,4.9884718498659515,0.4873994638069705,0.4932975871313673,1
11200.0,5.053928571428571,0.49526785714285715,0.3670535714285714,1
6244.0,4.481422165278667,0.45275464445868036,0.43593850096092246,1
4855.0,4.884243048403707,0.4376930998970134,0.4199794026776519,1
2441.0,5.0913560016386725,0.48136009832036053,0.5575583777140516,1
3916.0,5.45097037793667,0.5298774259448417,0.4969356486210419,1
3286.0,4.31223371880706,0.3998782714546561,0.43335362142422396,1
8576.0,4.980876865671642,0.46256996268656714,0.45650652985074625,1
10712.0,4.64058999253174,0.4617251680358476,0.3334578043315907,1
5968.0,4.768766756032171,0.4840817694369973,0.4390080428954424,1
2287.0,4.815916047223437,0.49191080017490163,0.5487538259728902,1
2045.0,4.722738386308069,0.482640586797066,0.560880195599022,1
12525.0,4.98562874251497,0.48686626746506984,0.4060678642714571,1
3050.0,4.815409836065574,0.4980327868852459,0.5337704918032787,1
6702.0,4.837660399880632,0.45329752312742466,0.4744852282900627,1
3448.0,5.202146171693736,0.509860788863109,0.4802784222737819,1
7234.0,4.76983688139342,0.486729333701963,0.42203483549903237,1
3912.0,4.787321063394683,0.49872188139059304,0.4256134969325153,1
2832.0,4.882062146892656,0.518361581920904,0.4770480225988701,1
5044.0,4.9058287073750995,0.4831482950039651,0.4062252180808882,1
2689.0,4.962439568612867,0.49312011900334696,0.5641502417255485,1
3084.0,5.106355382619974,0.425745784695201,0.4357976653696498,1
10315.0,5.150751333010179,0.5091614154144449,0.36878332525448376,1
2590.0,5.115830115830116,0.4826254826254826,0.4972972972972973,1
4575.0,5.100983606557377,0.4675409836065574,0.4985792349726776,1
3763.0,5.313048099920277,0.46957214988041457,0.44512357161838956,1
5403.0,5.294095872663335,0.46048491578752543,0.43216731445493245,1
5535.0,4.989882565492322,0.45058717253839203,0.4065040650406504,1
5779.0,4.893234123550787,0.4388302474476553,0.44886658591451806,1
2377.0,4.807740849810686,0.438788388725284,0.5372318047959613,1
11752.0,5.192222600408441,0.47404697072838664,0.4063138189244384,1
6575.0,5.047756653992395,0.4535361216730038,0.44045627376425855,1
18242.0,4.962668567043087,0.44342725578335707,0.3810437452033768,1
4445.0,4.95140607424072,0.44139482564679416,0.5196850393700787,1
4351.0,5.132153527924615,0.4989657549988508,0.5171225005745805,1
13858.0,4.965723769663732,0.47654784240150094,0.3894501371049213,1
7748.0,4.872999483737739,0.4590862157976252,0.4570211667527104,1
8186.0,5.146469582213535,0.4604202296603958,0.4738578060102614,1
2950.0,4.836949152542373,0.49627118644067797,0.4159322033898305,1
3517.0,4.959624680125106,0.48080750639749786,0.5299971566676145,1
3989.0,4.930057658561043,0.47079468538480823,0.5304587615943845,1
17708.0,4.779421730291394,0.4496272871018749,0.3572396656878247,1
5286.0,4.9553537646613695,0.4496783957623912,0.4339765418085509,1
2964.0,5.017206477732794,0.5779352226720648,0.4665991902834008,1
13087.0,5.548559639336746,0.6700542523114541,0.4954535034767326,1
8898.0,4.9000899078444595,0.4868509777478085,0.3922229714542594,1
3803.0,5.108335524585853,0.5188009466210887,0.49329476728898236,1
8653.0,4.797758003004739,0.4538310412573674,0.4358026118109326,1
4971.0,5.2196741098370545,0.5326895996781331,0.4250653791993563,1
6755.0,5.080977054034049,0.46380458919319023,0.4608438193930422,1
3014.0,5.200398142003982,0.5003317850033179,0.5507631055076311,1
9961.0,5.203895191245858,0.46260415620921597,0.4139142656359803,1
7970.0,5.016813048933501,0.4838143036386449,0.4544542032622334,1
4136.0,5.067456479690522,0.43447775628626695,0.4922630560928433,1
5438.0,5.2258183155571905,0.47002574475910264,0.46138286134608314,1
2782.0,5.135154565061107,0.45003594536304814,0.5492451473759885,1
8277.0,5.131931859369336,0.4454512504530627,0.41887157182554063,1
2654.0,5.071590052750565,0.45930670685757347,0.5305199698568199,1
6571.0,5.1141378785572975,0.4602039263430224,0.4495510576776746,1
6394.0,5.018611197998124,0.4203941194870191,0.43102908977166093,1
3816.0,5.203878406708595,0.4570230607966457,0.47615303983228513,1
4059.0,5.211874846021187,0.43902439024390244,0.4634146341463415,1
5608.0,5.247860199714693,0.4593437945791726,0.458095577746077,1
5573.0,5.143549255338238,0.4581015610981518,0.46079310963574377,1
6101.0,5.189641042452057,0.471889854122275,0.48975577774135387,1
2121.0,5.1131541725601135,0.39933993399339934,0.5073078736445074,1
9153.0,4.997924177865181,0.4518737026111657,0.429367420517863,1
14544.0,5.161578657865786,0.49016776677667767,0.4033965896589659,1
8971.0,5.188719206331513,0.45658232081150374,0.42091182699810503,1
8952.0,5.143990169794459,0.4662645218945487,0.4155495978552279,1
3080.0,5.001623376623376,0.4496753246753247,0.5568181818181818,1
7549.0,5.071400185455027,0.44681414756921445,0.4193932971254471,1
2670.0,5.0408239700374535,0.4445692883895131,0.5692883895131086,1
3687.0,4.985353946297803,0.44480607540005423,0.5088147545429889,1
2354.0,5.030586236193713,0.4881053525913339,0.5828377230246389,1
4497.0,5.0080053368912605,0.4609739826551034,0.5112297086946853,1
4570.0,5.033479212253829,0.4205689277899344,0.450109409190372,1
3550.0,4.9684507042253525,0.42338028169014086,0.49577464788732395,1
3475.0,4.969208633093525,0.44719424460431656,0.52,1
2860.0,4.92027972027972,0.4342657342657343,0.5444055944055944,1
14201.0,5.201394268009295,0.48968382508274066,0.4179283149074009,1
8393.0,5.1165256761587035,0.475396163469558,0.42428213987847013,1
3444.0,5.1431475029036005,0.4602206736353078,0.509581881533101,1
2760.0,5.258695652173913,0.45652173913043476,0.5344202898550725,1
1946.0,5.106372045220966,0.4784172661870504,0.5755395683453237,1
2944.0,5.063858695652174,0.4663722826086957,0.5292119565217391,1
2907.0,5.071895424836601,0.45751633986928103,0.543859649122807,1
25029.0,5.009588876902793,0.46338247632746016,0.317431779136202,1
6322.0,5.252293577981652,0.4652008857956343,0.44969946219550777,1
5715.0,5.095188101487314,0.45721784776902885,0.45179352580927384,1
2355.0,4.573673036093418,0.46581740976645436,0.5112526539278132,1
5808.0,4.96935261707989,0.5134297520661157,0.45850550964187325,1
2191.0,5.193062528525787,0.507074395253309,0.5221360109539023,1
5718.0,4.884575026232948,0.4653725078698846,0.4798880727527107,1
6626.0,5.043163296106248,0.43072743736794444,0.44868699064292183,1
5269.0,4.896185234389828,0.4420193585120516,0.45454545454545453,1
1934.0,5.067218200620475,0.4095139607032058,0.5237849017580145,1
6843.0,4.845097179599591,0.4904281747771445,0.4600321496419699,1
6138.0,4.975073313782991,0.4705115672857608,0.398989898989899,1
4506.0,5.006213936972925,0.5199733688415447,0.48202396804260983,1
6326.0,5.136104963642112,0.5115396775213406,0.46395826746759405,1
2663.0,5.079984979346602,0.42621104018024786,0.4810364250844912,1
1986.0,4.980362537764351,0.4738167170191339,0.5503524672708963,1
5179.0,4.706120872755358,0.46572697431936666,0.4298127051554354,1
5155.0,4.63627546071775,0.4754607177497575,0.4560620756547042,1
5347.0,5.044884982233028,0.5000935103796521,0.48905928558069944,1
3996.0,5.091091091091091,0.48348348348348347,0.46146146146146144,1
3396.0,4.690518256772673,0.4178445229681979,0.4381625441696113,1
2472.0,4.814320388349515,0.4854368932038835,0.5525889967637541,1
2251.0,5.38738338516215,0.48867170146601513,0.5890715237672146,1
2576.0,5.073757763975156,0.4782608695652174,0.5632763975155279,1
6345.0,5.120882584712372,0.5098502758077226,0.458628841607565,1
4462.0,4.879650380995069,0.5154639175257731,0.558045719408337,1
6726.0,5.083258994944989,0.4875111507582516,0.45955991674100505,1
4367.0,4.850469429814518,0.45729333638653535,0.48614609571788414,1
2548.0,5.416012558869702,0.49411302982731553,0.4768445839874411,1
3636.0,4.437018701870187,0.4218921892189219,0.45324532453245325,1
6017.0,5.01080272561077,0.4658467674921057,0.49410004985873357,1
2425.0,5.003298969072165,0.4812371134020619,0.5612371134020618,1
2325.0,5.04,0.48258064516129034,0.5389247311827957,1
9901.0,5.134329865670134,0.5038884961115039,0.45197454802545195,1
3791.0,5.343708783962016,0.5230809812714323,0.43128462147190716,1
4952.0,4.670436187399031,0.4979806138933764,0.3976171243941842,1
4716.0,5.189143341815098,0.5979643765903307,0.5298982188295165,1
2695.0,4.797773654916512,0.4842300556586271,0.47829313543599256,1
4835.0,4.893898655635987,0.5313340227507756,0.5154084798345399,1
3156.0,4.577946768060836,0.43567807351077315,0.47465145754119137,1
1943.0,5.141533710756562,0.43489449305198147,0.47297992794647453,1
3593.0,5.118007236292792,0.47982187586974673,0.5032006679654885,1
3506.0,5.011123787792356,0.46263548203080435,0.4486594409583571,1
4139.0,5.25561729886446,0.5117178062333897,0.5334621889345252,1
20136.0,5.336859356376639,0.5015395311879222,0.35165872069924514,1
2607.0,4.938243191407748,0.4296125815113157,0.49904104334484084,1
3555.0,4.854008438818566,0.45541490857946554,0.4180028129395218,1
7426.0,5.067600323188796,0.45488823054134125,0.4016967411796391,1
4628.0,5.02009507346586,0.4768798617113224,0.500648228176318,1
2527.0,4.988919667590028,0.4626038781163435,0.5718242975860705,1
4616.0,4.861135181975737,0.5322790294627383,0.427209705372617,1
2512.0,5.337181528662421,0.5155254777070064,0.5664808917197452,1
3850.0,4.3,0.4696103896103896,0.4555844155844156,1
4898.0,4.857492854226215,0.4708044099632503,0.4734585545120457,1
11541.0,4.581232128931635,0.5306299280824885,0.35282904427692574,1
10720.0,4.281902985074627,0.4791044776119403,0.31791044776119404,1
3333.0,4.870987098709871,0.49354935493549357,0.46054605460546055,1
5072.0,4.886238170347003,0.5021687697160884,0.5185331230283912,1
2147.0,4.959944108057755,0.4774103400093153,0.5211923614345598,1
12421.0,4.781096530070043,0.4453747685371548,0.3252556154898961,1
3382.0,5.050266114725015,0.46510940272028384,0.5138971023063276,1
3687.0,4.701925684838622,0.48684567398969353,0.521291022511527,1
4257.0,5.25722339675828,0.4763918252290345,0.4284707540521494,1
8290.0,4.5424607961399275,0.5124246079613993,0.41483715319662245,1
4236.0,4.959395656279509,0.4428706326723324,0.4412181303116147,1
3725.0,4.926442953020135,0.4679194630872483,0.4880536912751678,1
5452.0,4.868305209097579,0.4392883345561262,0.46551724137931033,1
1976.0,4.9832995951417,0.4853238866396761,0.597165991902834,1
5660.0,5.156537102473498,0.5314487632508834,0.5106007067137809,1
3611.0,5.117418997507616,0.46413735807255607,0.45112157297147604,1
4494.0,4.8119715175789946,0.4886515353805073,0.4174454828660436,1
3795.0,5.042687747035573,0.4911725955204216,0.4930171277997365,1
3910.0,5.374168797953964,0.5092071611253197,0.47365728900255755,1
3067.0,4.733289859797848,0.488425171177046,0.5699380502119334,1
1440.0,4.743055555555555,0.5152777777777777,0.5263888888888889,1
2563.0,4.6781115879828326,0.4920015606710886,0.5536480686695279,1
2539.0,5.193383221740842,0.512800315084679,0.5746356833398976,1
13506.0,4.915074781578558,0.55997334517992,0.4089293647267881,1
7127.0,4.900238529535569,0.4271081801599551,0.3763154202329171,1
2104.0,5.044201520912548,0.43346007604562736,0.5494296577946768,1
1924.0,4.337837837837838,0.43451143451143454,0.3981288981288981,1
2119.0,5.248230297310052,0.5691363850873054,0.733364794714488,1
3436.0,4.9260768335273575,0.43771827706635624,0.5171711292200233,1
2876.0,4.792420027816411,0.4468011126564673,0.5299026425591099,1
2031.0,4.823239783357952,0.5135401280157558,0.3953717380600689,1
16858.0,4.8238818365167875,0.5044489263257801,0.4034879582394116,1
3365.0,4.676077265973254,0.46181277860326897,0.44784546805349185,1
1991.0,4.693621295831241,0.5243596182822702,0.6012054244098443,1
2402.0,5.03413821815154,0.537052456286428,0.6294754371357202,1
5847.0,4.8163160595177015,0.4039678467590217,0.42517530357448263,1
3336.0,5.1291966426858515,0.4385491606714628,0.4766187050359712,1
7846.0,4.854575579913331,0.46291103747132295,0.4310476676013255,1
3961.0,4.265841959101237,0.49305730876041404,0.43448624084827064,1
1706.0,5.237397420867526,0.5058616647127784,0.6910902696365768,1
2099.0,5.2644116245831345,0.4821343496903287,0.5002382086707956,1
2555.0,4.934637964774951,0.44696673189823877,0.5659491193737769,1
4225.0,5.143431952662722,0.5323076923076923,0.5107692307692308,1
8423.0,4.729075151371245,0.4959040721833076,0.3951086311290514,1
2632.0,5.183510638297872,0.5300151975683891,0.5148176291793313,1
2759.0,4.708952519028633,0.4769844146429866,0.5415005436752447,1
2555.0,4.90880626223092,0.46614481409001957,0.38943248532289626,1
4249.0,5.17345257707696,0.4864674040950812,0.4238644386914568,1
4379.0,5.32907056405572,0.5295729618634392,0.5423612696962777,1
4900.0,5.00265306122449,0.5371428571428571,0.5346938775510204,1
2813.0,5.075364379665837,0.510842516885887,0.5478137220049769,1
2172.0,5.094843462246777,0.5248618784530387,0.4622467771639042,1
6754.0,4.7857565886881845,0.5193959135327213,0.4663902872371928,1
2159.0,4.9745252431681335,0.43955534969893467,0.5354330708661418,1
3397.0,4.950250220783044,0.4662937886370327,0.5060347365322343,1
7183.0,4.847417513573716,0.4637338159543366,0.4296255046637895,1
2148.0,4.87243947858473,0.500465549348231,0.5824022346368715,1
7395.0,4.8961460446247465,0.5048005409060176,0.4542258282623394,1
3941.0,5.0175082466379095,0.5097690941385435,0.4090332402943415,1
7304.0,5.134309967141292,0.5098576122672508,0.37102957283680177,1
11802.0,5.043890865954923,0.4359430604982206,0.3983223182511439,1
5026.0,4.781536012733785,0.5200955033824115,0.46916036609629924,1
7379.0,4.7437322130369965,0.4488413064100827,0.3672584361024529,1
2486.0,4.90305711987128,0.4907481898632341,0.6001609010458568,1
2615.0,4.747227533460803,0.4956022944550669,0.5690248565965583,1
10354.0,4.858798531968321,0.5214409889897624,0.3290515742708132,1
8152.0,4.782262021589794,0.5375368007850834,0.5169283611383709,1
7022.0,5.147821133580177,0.5054115636570777,0.39447450868698375,1
3624.0,5.045529801324503,0.5303532008830022,0.5618101545253863,1
2727.0,4.868353502016868,0.497983131646498,0.5386872020535387,1
3318.0,4.922543701024714,0.4511754068716094,0.5195901145268234,1
3817.0,5.0683783075713915,0.5077285826565365,0.5244956772334294,1
9120.0,5.17905701754386,0.45625,0.4236842105263158,1
2282.0,4.750219106047327,0.45924627519719546,0.5297984224364592,1
2575.0,4.759611650485437,0.5087378640776699,0.47106796116504857,1
7203.0,5.182562821046786,0.4835485214493961,0.4623073719283632,1
8903.0,5.127709760754802,0.46242839492305965,0.4325508255644165,1
6957.0,5.119879258300992,0.4767859709644962,0.4782233721431652,1
4726.0,4.9902666102412185,0.4384257300042319,0.48201438848920863,1
13561.0,5.081188702898016,0.44502617801047123,0.3764471646633729,1
6628.0,5.157513578756789,0.457905853952927,0.48777911888955944,1
4058.0,4.955396747166092,0.45071463775258747,0.4928536224741252,1
5282.0,4.960431654676259,0.45948504354411207,0.4543733434305187,1
5849.0,4.892973157804753,0.46845614634980337,0.4792272183279193,1
12393.0,5.2560316307593,0.4825304607439684,0.41612200435729846,1
7040.0,5.1215909090909095,0.4705965909090909,0.4478693181818182,1
8934.0,5.201477501678979,0.4609357510633535,0.434631743899709,1
6129.0,5.13672703540545,0.4490128895415239,0.44248653940283894,1
2163.0,5.084142394822006,0.42579750346740636,0.492371705963939,1
4499.0,4.660813514114247,0.4823294065347855,0.5265614581018004,1
5382.0,4.9574507617985875,0.498513563730955,0.43942772203641767,1
2125.0,5.304,0.4465882352941177,0.5750588235294117,1
4318.0,5.013432144511348,0.5354330708661418,0.4905048633626679,1
6388.0,5.0626174076393236,0.5012523481527865,0.42407639323732,1
8213.0,5.107512480214295,0.47424814318762937,0.4712041884816754,1
10805.0,4.8062008329477095,0.4709856547894493,0.45034706154558074,1
6090.0,4.929064039408867,0.5254515599343186,0.47701149425287354,1
8043.0,5.043889096108417,0.5408429690414025,0.5137386547308218,1
5351.0,4.2945243879648665,0.44458979629975703,0.3961876284806578,1
8451.0,4.343746302212756,0.45675068039285294,0.39024967459472254,1
4872.0,5.110221674876847,0.5211412151067324,0.4720853858784893,1
4610.0,5.172017353579176,0.4997830802603037,0.42321041214750543,1
9017.0,5.216258178995231,0.4579128313186204,0.4279693911500499,1
7340.0,4.938283378746594,0.5073569482288829,0.48446866485013623,1
3474.0,4.959988485895222,0.514104778353483,0.485895221646517,1
2084.0,4.619001919385797,0.4736084452975048,0.5782149712092131,1
3273.0,4.841124350748549,0.4983195844790712,0.5187901008249313,1
8579.0,4.782492131950111,0.47802774216109106,0.441892994521506,1
3146.0,4.9583598219961855,0.5047679593134139,0.5082644628099173,1
2626.0,4.857958872810358,0.5266565118050267,0.5099009900990099,1
13286.0,4.911034171308144,0.4886346530182147,0.4245069998494656,1
11522.0,5.031938899496615,0.479951397326853,0.4191112654053116,1
2323.0,4.857942315970727,0.46190271201033145,0.5531640120533793,1
3735.0,4.928246318607765,0.499330655957162,0.48728246318607765,1
9427.0,4.989710406279834,0.442134295109791,0.4252678476715816,1
3025.0,5.095206611570248,0.44231404958677684,0.4644628099173554,1
3316.0,4.882689987937274,0.4617008443908323,0.4746682750301568,1
3027.0,4.817971589032045,0.45986124876114964,0.3534852989758837,1
2135.0,4.948946135831382,0.46088992974238874,0.48618266978922714,1
7234.0,4.640033176665745,0.5200442355543268,0.4682056953276196,1
5423.0,4.982666420800295,0.5074681910381708,0.4707726350728379,1
4609.0,5.067693642872641,0.5326535040138859,0.4606205250596659,1
4853.0,4.705130846898825,0.49742427364516795,0.42901298166082835,1
7948.0,4.735908404630096,0.4906894816305989,0.4087820835430297,1
3457.0,4.900781024009256,0.4810529360717385,0.5241538906566388,1
2799.0,4.626295105394784,0.4705251875669882,0.5176848874598071,1
5585.0,5.092748433303491,0.4709042076991943,0.43384064458370636,1
2529.0,4.652036378015025,0.5104784499802293,0.47844998022933966,1
3229.0,5.1031279033756585,0.4499845153298235,0.450913595540415,1
6025.0,5.309709543568465,0.5312863070539419,0.4335269709543568,1
6876.0,5.203461314717859,0.5088714368819081,0.4045956951716114,1
2440.0,4.821311475409836,0.4639344262295082,0.5315573770491804,1
6318.0,4.898860398860399,0.5018993352326686,0.48084836973725864,1
2772.0,4.985209235209235,0.4971139971139971,0.5523088023088023,1
2076.0,5.020231213872832,0.5727360308285164,0.5828516377649325,1
4456.0,4.704443447037702,0.3900359066427289,0.41898563734290845,1
7260.0,5.279476584022039,0.4954545454545455,0.4009641873278237,1
2006.0,4.704885343968096,0.4546360917248255,0.5792622133599202,1
6948.0,4.8127518710420265,0.5175590097869891,0.3883131836499712,1
2655.0,4.754425612052731,0.4764595103578154,0.448210922787194,1
2166.0,4.899815327793167,0.48107109879963067,0.5614035087719298,1
2332.0,4.216123499142367,0.3584905660377358,0.3374785591766724,1
4001.0,5.011247188202949,0.47188202949262686,0.4651337165708573,1
8771.0,4.227112073879831,0.4389465283320032,0.40177858853038423,1
5435.0,5.10984360625575,0.5214351425942962,0.45262189512419504,1
7705.0,5.144192083062946,0.4680077871512005,0.3954574951330305,1
8152.0,5.478042198233562,0.4847890088321884,0.4210009813542689,1
6834.0,5.053409423470881,0.5117061750073164,0.4833187006145742,1
2110.0,4.9739336492890995,0.5379146919431279,0.6208530805687204,1
2171.0,5.070935052970981,0.5536619069553201,0.5163519115614924,1
1225.0,4.843265306122449,0.39510204081632655,0.30775510204081635,1
2324.0,5.129087779690189,0.46686746987951805,0.5060240963855421,1
4126.0,5.1597188560349005,0.4767329132331556,0.47915656810470186,1
8022.0,5.0828970331588135,0.5094739466467215,0.40413861879830465,1
3159.0,4.617283950617284,0.4567901234567901,0.4539411206077873,1
7837.0,4.933775679469185,0.43766747479903023,0.42018629577644506,1
10953.0,4.822696977996896,0.46051310143339724,0.3972427645393956,1
4090.0,5.287286063569682,0.5039119804400978,0.45330073349633254,1
9318.0,4.94934535308006,0.47274093153037133,0.431315732989912,1
6580.0,4.941033434650456,0.475531914893617,0.43449848024316107,1
2225.0,4.774831460674157,0.4813483146067416,0.48044943820224717,1
1996.0,5.208917835671342,0.45691382765531063,0.5175350701402806,1
2025.0,4.796049382716049,0.48691358024691356,0.5930864197530864,1
2192.0,4.982664233576642,0.4470802919708029,0.479470802919708,1
2233.0,5.360053739364084,0.49216300940438873,0.5517241379310345,1
3031.0,5.330583965687892,0.5080831408775982,0.5371164632134608,1
3154.0,4.6930881420418515,0.4641724793912492,0.448002536461636,1
3329.0,4.536797837188345,0.4935416040853109,0.5361970561730249,1
2426.0,4.919208573784006,0.482275350370981,0.5416323165704864,1
2174.0,4.582796688132475,0.5749770009199632,0.6448942042318307,1
2182.0,4.807974335472044,0.5054995417048579,0.5898258478460129,1
3096.0,4.750645994832041,0.5155038759689923,0.5290697674418605,1
5907.0,4.955984425258168,0.4701201963771796,0.46724225495175215,1
2186.0,4.799176578225069,0.4716376944190302,0.5397987191216834,1
2440.0,4.962295081967213,0.5032786885245901,0.5262295081967213,1
4417.0,5.458003169572108,0.4856237265112067,0.4521168213719719,1
7251.0,5.0093780168252655,0.4531788718797407,0.4593849124258723,1
11915.0,4.923038187159043,0.4797314309693663,0.3878304657994125,1
9870.0,5.069908814589666,0.4387031408308004,0.4137791286727457,1
2726.0,4.751283932501834,0.4783565663976522,0.5575935436537051,1
5127.0,4.861127364930759,0.5129705480787985,0.4289057928613224,1
6405.0,4.831225604996097,0.5016393442622951,0.4972677595628415,1
4512.0,4.981826241134752,0.5252659574468085,0.5345744680851063,1
3216.0,5.117848258706467,0.5065298507462687,0.5301616915422885,1
10835.0,5.244670050761421,0.50179972311952,0.4077526534379326,1
6689.0,5.0023919868440725,0.47675287785917175,0.44565704888623114,1
3203.0,4.799250702466438,0.5067124570714955,0.47986262878551356,1
2651.0,5.175028291210864,0.4994341757827235,0.5413051678611844,1
2506.0,5.037110933758979,0.5251396648044693,0.5123703112529928,1
2320.0,4.8875,0.5125,0.5594827586206896,1
3686.0,4.774281063483451,0.45577862181226264,0.527672273467173,1
2237.0,4.578453285650425,0.551184622261958,0.6061689763075547,1
12684.0,5.043834752444024,0.49180069378744873,0.37425102491327655,1
5675.0,5.006696035242291,0.453215859030837,0.4507488986784141,1
6839.0,5.065799093434713,0.500219330311449,0.4591314519666618,1
4618.0,5.054569077522737,0.43590298830662627,0.4703334776959723,1
6077.0,5.109593549448741,0.501069606713839,0.4052986671054797,1
8044.0,5.0128045748383885,0.47737444057682743,0.36921929388364,1
10457.0,5.045041598928947,0.4556756239839342,0.3833795543654968,1
2422.0,5.21552436003303,0.476878612716763,0.5528488852188275,1
2577.0,5.017074117190532,0.459837019790454,0.5580131936360109,1
3353.0,4.9287205487623025,0.430062630480167,0.4965702356099016,1
3708.0,5.108953613807983,0.4662891046386192,0.4900215749730313,1
3429.0,4.913094196558763,0.463108778069408,0.5290172061825605,1
6121.0,5.01764417578827,0.4584218264989381,0.48064041823231496,1
5351.0,4.9829938329284245,0.44515043917024855,0.47019248738553543,1
5600.0,5.221607142857143,0.4639285714285714,0.48035714285714287,1
5176.0,5.065108191653787,0.43508500772797526,0.44416537867078826,1
3865.0,5.033635187580853,0.4685640362225097,0.4760672703751617,1
4537.0,4.942913819704651,0.5098082433325987,0.4668283006391889,1
2675.0,4.536822429906542,0.4291588785046729,0.4953271028037383,1
2669.0,4.925065567628325,0.40576995129261895,0.5174222555264144,1
15052.0,4.543183630082381,0.46326069625298966,0.3741031092213659,1
2158.0,4.32808155699722,0.4860982391102873,0.5208526413345691,1
2287.0,4.5373852208132925,0.47573240052470483,0.4486226497595103,1
6052.0,5.027098479841375,0.4373760740251157,0.4623265036351619,1
6409.0,4.951942580745826,0.44063036355125607,0.45139647370884695,1
5496.0,5.247634643377001,0.4483260553129549,0.49181222707423583,1
4405.0,5.1023836549375705,0.4447219069239501,0.4905788876276958,1
4127.0,4.921492609643809,0.5006057669008965,0.5376787012357644,1
7172.0,5.106246514221974,0.447016174010039,0.4347462353597323,1
7133.0,5.191223888966774,0.4697883078648535,0.4458152250105145,1
5371.0,4.638242412958481,0.409420964438652,0.43045987711785516,1
2125.0,4.952941176470588,0.4423529411764706,0.5609411764705883,1
5776.0,4.873268698060942,0.453601108033241,0.46883656509695293,1
2342.0,5.456874466268147,0.4991460290350128,0.5132365499573015,1
3293.0,5.142119647737625,0.47312481020346187,0.534163376860006,1
5854.0,5.117355654253502,0.4451656986675777,0.4467031089853092,1
4307.0,5.291386115625725,0.4966333875087068,0.474808451358254,1
2577.0,5.094683740783857,0.4586728754365541,0.5545207605743112,1
4049.0,5.0543344035564335,0.47221536181773277,0.4932081995554458,1
2178.0,4.745179063360881,0.49265381083562904,0.46648301193755737,1
8134.0,5.036021637570691,0.46348659945906073,0.4326284730759774,1
4854.0,5.021425628347754,0.43860733415739594,0.4658014009064689,1
2176.0,5.0275735294117645,0.43933823529411764,0.5519301470588235,1
3089.0,5.117190029135642,0.4940110067983166,0.552929750728391,1
1720.0,5.197093023255814,0.5633720930232559,0.4965116279069767,1
5492.0,5.163510560815732,0.5564457392571013,0.42607428987618357,1
3214.0,4.972930927193528,0.5292470441817051,0.5544492843808339,1
5767.0,5.104213629269984,0.4553494017686839,0.4912432807352176,1
2692.0,4.865527488855869,0.45430906389301634,0.5598068350668648,1
2771.0,4.953446409238542,0.4038253338145074,0.5045110068567304,1
3644.0,5.107574094401756,0.4698133918770582,0.48737650933040616,1
3630.0,5.058953168044077,0.4319559228650138,0.5129476584022039,1
3126.0,4.742802303262956,0.3960332693538068,0.48976327575175943,1
4703.0,5.067191154582182,0.4575802679140974,0.49798001275781417,1
3007.0,5.139674093781177,0.5008313934153642,0.5726637845028267,1
7250.0,5.119448275862069,0.4964137931034483,0.45986206896551723,1
6462.0,5.0727329000309505,0.5255338904363974,0.4899411946765707,1
2875.0,4.949565217391305,0.4226086956521739,0.5085217391304347,1
2746.0,4.9195193008011655,0.4806991988346686,0.5003641660597232,1
2631.0,4.98555682250095,0.5165336374002281,0.5313568985176739,1
4984.0,5.159109149277689,0.4209470304975923,0.49257624398073835,1
5227.0,4.894011861488425,0.46585039219437535,0.44882341687392385,1
7032.0,5.348265073947668,0.5497724687144482,0.5069681456200228,1
5388.0,5.075352635486266,0.4658500371195249,0.4821826280623608,1
2698.0,4.965159377316531,0.4621942179392142,0.5426241660489252,1
5330.0,4.844840525328331,0.45084427767354596,0.40431519699812385,1
12606.0,4.749722354434397,0.42265587815326033,0.37085514834205935,1
9280.0,5.200969827586207,0.4867456896551724,0.44536637931034484,1
2696.0,4.937314540059347,0.4699554896142433,0.5678783382789317,1
17926.0,5.321767265424523,0.5623117259846033,0.44728327568894344,1
7157.0,4.7582786083554565,0.4582925806902333,0.4451585859997206,1
5788.0,5.170525224602626,0.4834139599170698,0.4526606772633034,1
5840.0,5.065753424657534,0.46472602739726027,0.464041095890411,1
4745.0,4.894836670179136,0.4579557428872497,0.5154899894625922,1
11727.0,4.49918990364117,0.4758250191864927,0.3614735226400614,1
2411.0,4.784736623807548,0.5400248859394442,0.5815014516798009,1
5092.0,4.832089552238806,0.42714061272584447,0.4626865671641791,1
2497.0,4.9719663596315575,0.5054064877853424,0.5182218662394874,1
7650.0,5.096470588235294,0.5291503267973856,0.38679738562091504,1
2061.0,5.01018922852984,0.5118874332848132,0.61863173216885,1
2700.0,4.891481481481481,0.4988888888888889,0.4388888888888889,1
4118.0,4.883924235065566,0.5092277804759592,0.4796017484215639,1
3214.0,5.179215930304916,0.5774735532047293,0.5986309894212819,1
2680.0,5.007462686567164,0.505223880597015,0.5220149253731343,1
4245.0,4.848056537102473,0.537809187279152,0.4824499411071849,1
2194.0,4.923427529626253,0.5136736554238833,0.5387420237010028,1
5720.0,4.43513986013986,0.39283216783216784,0.35104895104895106,1
3205.0,5.047425897035882,0.514820592823713,0.4892355694227769,1
7030.0,5.4520625889046945,0.4907539118065434,0.4479374110953058,1
2164.0,4.984288354898337,0.5097042513863216,0.5415896487985212,1
9732.0,4.491985203452527,0.5175709001233045,0.35994656802301683,1
7044.0,4.49389551391255,0.5177455990914254,0.37052810902896083,1
3678.0,4.558727569331158,0.4676454594888526,0.48858075040783033,1
2062.0,4.759941804073715,0.453443258971872,0.5805043646944714,1
4093.0,4.714390422672856,0.4659174199853408,0.5448326410945517,1
2141.0,5.055114432508174,0.4955628211116301,0.5319943951424568,1
3685.0,4.9907734056987785,0.5014925373134328,0.5156037991858887,1
3625.0,4.82151724137931,0.48082758620689653,0.5155862068965518,1
2245.0,4.599554565701559,0.5020044543429845,0.45567928730512247,1
9188.0,5.151610796691337,0.5090335219851981,0.37091858946451894,1
8117.0,4.836146359492424,0.5505728717506468,0.43008500677590245,1
3043.0,4.882024318107131,0.44725599737101546,0.5379559645087085,1
5820.0,5.007216494845361,0.4788659793814433,0.38075601374570445,1
3639.0,5.078867820829898,0.49106897499312996,0.47375652651827427,1
4992.0,4.96073717948718,0.4813701923076923,0.4467147435897436,1
4612.0,4.861231569817867,0.4984822202948829,0.43993928881179534,1
17452.0,5.384655053862022,0.5730002292000916,0.38528535411414166,1
21804.0,5.8675013758943315,0.7929737662814162,0.4674830306365804,1
4720.0,4.710805084745763,0.5184322033898305,0.45932203389830506,1
8292.0,4.74324650265316,0.5042209358417752,0.432223830197781,1
6431.0,5.189861607837039,0.5075415953972944,0.47286580625097185,1
11474.0,4.680407878682238,0.4495380861077218,0.40256231479867527,1
9358.0,4.858303056208592,0.43428082923701644,0.353814917717461,1
3179.0,5.0786410821012895,0.506763133060711,0.4954388172381252,1
5624.0,5.147937411095306,0.5809032716927454,0.5279160739687055,1
7668.0,4.817031820552947,0.5276473656755347,0.380151278038602,1
9420.0,5.223566878980892,0.5771762208067941,0.4759023354564756,1
5390.0,4.704452690166976,0.4948051948051948,0.5115027829313543,1
5094.0,5.435021594032195,0.514330585001963,0.44051825677267376,1
2027.0,5.124321657622102,0.47656635421805627,0.4849531327084361,1
11758.0,5.0863242047967345,0.46342915461813233,0.4254124851165164,1
7184.0,4.885161469933185,0.46589643652561247,0.46353006681514475,1
3748.0,4.95837780149413,0.4442369263607257,0.46718249733191036,1
9023.0,4.975396209686357,0.44264656987698103,0.4473013410174,1
2155.0,5.055220417633411,0.49327146171693736,0.43665893271461714,1
11556.0,4.927656628591208,0.560834198684666,0.458030460366909,1
2491.0,5.032517061421116,0.48735447611401045,0.4335608189482136,1
4425.0,4.754350282485876,0.4673446327683616,0.4585310734463277,1
3455.0,4.909985528219971,0.48625180897250364,0.5204052098408104,1
4904.0,4.742047308319739,0.46084828711256115,0.43800978792822187,1
5390.0,4.840074211502783,0.45343228200371055,0.39257884972170687,1
2124.0,4.667608286252354,0.4077212806026365,0.5023540489642184,1
6611.0,4.601573135682953,0.4179397973075178,0.40372107094236875,1
4658.0,4.761914984972091,0.5017174753112924,0.4888364104765994,1
5462.0,4.812156719150495,0.5034785792749908,0.4077261076528744,1
2341.0,5.1354122170012815,0.5070482699700982,0.617684750106792,1
3818.0,4.491094814038764,0.44394971189104243,0.5180722891566265,1
1980.0,5.051010101010101,0.5015151515151515,0.5868686868686869,1
3223.0,4.772261867825008,0.5175302513186473,0.5581756127831213,1
5927.0,4.841066306731904,0.460941454361397,0.43816433271469546,1
6262.0,5.030980517406579,0.45975726604918554,0.41121047588629833,1
24719.0,5.438731340264574,0.5291476192402605,0.34698005582750113,1
3549.0,5.201465201465202,0.4567483798253029,0.5176105945336714,1
7209.0,4.967818005271189,0.48800110972395616,0.47482313774448603,1
9531.0,4.985730773266184,0.5812611478333858,0.4597628790263351,1
2927.0,4.695934403826444,0.5032456440040998,0.4362828834984626,1
3881.0,4.897964442154084,0.45684102035557844,0.45014171605256376,1
7671.0,4.775648546473732,0.4514404901577369,0.40516229956980837,1
2315.0,5.526997840172786,0.5170626349892009,0.5490280777537797,1
2018.0,4.717046580773043,0.4251734390485629,0.5777998017839445,1
2372.0,4.914418212478921,0.4620573355817875,0.5257166947723441,1
5289.0,5.660427301947438,0.6165626772546795,0.5165437700888637,1
6746.0,4.54150607767566,0.4368514675363178,0.36214052772013045,1
3113.0,5.286219081272085,0.48988114359139096,0.45775778991326693,1
3005.0,4.613311148086522,0.43327787021630615,0.46189683860232944,1
2762.0,5.026068066618392,0.5217233888486604,0.5901520637219406,1
2321.0,4.931495045239121,0.46143903489875054,0.47738043946574754,1
2184.0,4.8173076923076925,0.48122710622710624,0.4967948717948718,1
13121.0,5.4911973172776465,0.6010212636231994,0.45011813123999694,1
24965.0,5.332665732024835,0.5901462046865612,0.37131984778690164,1
23855.0,5.28836721861245,0.5678893313770698,0.37518339970656045,1
10990.0,5.507734303912648,0.5977252047315742,0.4565059144676979,1
9752.0,4.863822805578343,0.4555988515176374,0.42883511074651354,1
2109.0,4.845898530109056,0.46609767662399243,0.5813181602655287,1
13263.0,5.497323380833898,0.5808640579054513,0.4365528161049536,1
2217.0,4.7212449255751014,0.4722598105548038,0.5543527289129454,1
4621.0,4.885089807400996,0.5007574118156243,0.49404890716295174,1
10633.0,4.726229662371861,0.4799210006583278,0.4309225994545284,1
8301.0,4.941573304421154,0.49198891699795205,0.4189856643777858,1
3693.0,5.138911454102356,0.45924722447874355,0.45329000812347686,1
2535.0,5.0848126232741615,0.49664694280078897,0.5526627218934911,1
7760.0,5.249613402061856,0.4765463917525773,0.43131443298969074,1
5639.0,4.808831353076787,0.4656854052136904,0.4820003546728143,1
2116.0,5.121928166351607,0.5595463137996219,0.6313799621928167,1
2761.0,4.655921767475553,0.44223107569721115,0.4885910901847157,1
1991.0,4.51783023606228,0.44952285283776994,0.5067805123053741,1
4519.0,4.96127461827838,0.494135870767869,0.45784465589732243,1
3257.0,4.936444580902672,0.48725821307952105,0.5495855081363218,1
3850.0,4.98,0.4742857142857143,0.5137662337662338,1
2501.0,5.062375049980008,0.5821671331467413,0.6125549780087964,1
2095.0,4.577565632458234,0.5140811455847255,0.483054892601432,1
8858.0,4.90415443666742,0.42323323549333935,0.4231203431925943,1
2686.0,4.818689501116903,0.4761727475800447,0.45309009679821294,1
3536.0,5.034502262443439,0.5079185520361991,0.5557126696832579,1
2889.0,5.017307026652821,0.5330564209068882,0.5264797507788161,1
2669.0,5.019482952416635,0.5372798801049082,0.5159235668789809,1
4597.0,4.927343919947792,0.47161192081792475,0.4370241461822928,1
10310.0,4.900387972841901,0.47972841901066926,0.4462657613967022,1
5151.0,4.9485536788973015,0.5274703940982334,0.5734808774995147,1
15843.0,5.147636180016411,0.53891308464306,0.4107807864672095,1
2348.0,4.836456558773424,0.4714650766609881,0.5570698466780238,1
5463.0,4.923851363719568,0.4464579901153213,0.443163097199341,1
1975.0,4.8354430379746836,0.5427848101265823,0.6091139240506329,1
4063.0,4.987939945852818,0.49766182623677085,0.5279350233817376,1
4438.0,5.080666967102299,0.5103650292924741,0.4565119423163587,1
2000.0,5.0345,0.433,0.5695,1
15263.0,5.153705038327983,0.5637816942933892,0.4141387669527616,1
1975.0,4.810632911392405,0.4749367088607595,0.5837974683544304,1
5977.0,5.065082817466957,0.5164798393843065,0.4661201271540907,1
3248.0,4.788485221674877,0.4267241379310345,0.47598522167487683,1
2731.0,5.025997803002563,0.54778469425119,0.49102892713291835,1
3805.0,4.896452036793693,0.41655716162943496,0.4504599211563732,1
1946.0,4.965056526207605,0.5005138746145941,0.566289825282631,1
5188.0,4.754240555127216,0.4811102544333076,0.4961449498843485,1
3388.0,5.323494687131051,0.5041322314049587,0.5374852420306966,1
2033.0,4.267584849975406,0.4545007378258731,0.5154943433349729,1
2318.0,5.349439171699741,0.47368421052631576,0.544434857635893,1
8653.0,4.9001502369120535,0.5095342655726338,0.38321969259216454,1
2064.0,4.9937015503875966,0.5300387596899225,0.438468992248062,1
11895.0,4.834972677595628,0.48701134930643125,0.2884405212274065,1
6248.0,5.129641485275288,0.43934058898847633,0.45022407170294493,1
6018.0,5.231472249916916,0.4740777666999003,0.48271851113326686,1
3152.0,5.117703045685279,0.45875634517766495,0.549492385786802,1
3340.0,4.825149700598803,0.5125748502994012,0.5191616766467065,1
17572.0,4.605907124971545,0.49465058046892785,0.29455952651946277,1
3705.0,5.0234817813765185,0.49014844804318486,0.5379217273954116,1
5806.0,5.533585945573544,0.5466758525663107,0.4929383396486393,1
7712.0,4.9075466804979255,0.4745850622406639,0.34867738589211617,1
2887.0,5.080706615864219,0.4904745410460686,0.5871146518877728,1
3366.0,5.1797385620915035,0.46375519904931667,0.5133689839572193,1
10604.0,5.038853262919653,0.46076952093549606,0.39635986420218783,1
6968.0,5.118541905855339,0.48134328358208955,0.473593570608496,1
5052.0,5.225851148060174,0.4562549485352336,0.501187648456057,1
5526.0,5.027506333695259,0.43829171190734706,0.4898660875859573,1
4114.0,4.996353913466213,0.6118133203694701,0.502430724355858,1
2963.0,4.837327033412082,0.5764427944650692,0.4724940938238272,1
2081.0,4.715040845747237,0.577126381547333,0.5478135511773186,1
4907.0,4.587935602200938,0.4611779091094355,0.430609333605054,1
4303.0,5.067162444805949,0.5261445503137346,0.44503834534046016,1
2316.0,4.603626943005182,0.5513816925734024,0.479706390328152,1
3885.0,4.997940797940798,0.5338481338481339,0.5685971685971686,1
3990.0,4.691979949874686,0.5052631578947369,0.5095238095238095,1
8390.0,4.960786650774732,0.4927294398092968,0.36579261025029797,1
7629.0,5.004325599685411,0.44684755538078386,0.447371870494167,1
8755.0,5.4785836664762995,0.6177041690462592,0.5102227298686465,1
7004.0,4.441462021701884,0.4870074243289549,0.42432895488292405,1
5257.0,5.062583222370173,0.4458816815674339,0.4843066387673578,1
2605.0,5.085604606525911,0.5320537428023032,0.5347408829174665,1
6819.0,4.71902038422056,0.4654641443026837,0.451385833699956,1
5921.0,4.899847998648877,0.5237290998142206,0.47610200979564266,1
8088.0,4.863501483679525,0.46933728981206724,0.3711671612265084,1
2282.0,5.0591586327782645,0.5135845749342682,0.49517966695880805,1
5778.0,5.024575977847006,0.4918656974731741,0.4818276220145379,1
2086.0,5.1169702780441035,0.4928092042186002,0.5776605944391179,1
5876.0,5.1439754935330155,0.48978897208985706,0.5120830496936691,1
4036.0,5.084737363726462,0.47026759167492566,0.46655104063429137,1
4314.0,4.6089476124246636,0.46360686138154844,0.4793694946685211,1
2427.0,4.765966213432221,0.5002060156571899,0.5129789864029666,1
5303.0,4.846690552517443,0.4744484254195738,0.49877427871016405,1
6024.0,5.107403718459495,0.49385790172642763,0.38678618857901725,1
2823.0,5.228480340063762,0.5079702444208289,0.5402054551895147,1
6208.0,4.868073453608248,0.46665592783505155,0.46730025773195877,1
3208.0,4.860349127182045,0.45261845386533667,0.452930174563591,1
5671.0,5.002821371892082,0.506083583142303,0.451419502733204,1
2833.0,4.99011648429227,0.4931168372749735,0.5188845746558418,1
4608.0,5.101779513888889,0.5831163194444444,0.4437934027777778,1
2118.0,4.096317280453258,0.46742209631728043,0.43909348441926344,1
6463.0,4.934859972149157,0.5033266285006963,0.43246170509051524,1
2385.0,4.936268343815514,0.5073375262054507,0.5668763102725367,1
1976.0,4.897773279352227,0.4190283400809717,0.5141700404858299,1
2091.0,4.974653275944524,0.5380200860832137,0.629842180774749,1
2361.0,5.195256247352817,0.49597628123676407,0.5078356628547226,1
5201.0,5.304941357431264,0.5099019419342434,0.4354931743895405,1
3506.0,5.317170564746149,0.4817455790074159,0.46263548203080435,1
5087.0,4.90642815018675,0.4792608610182819,0.4542952624336544,1
4946.0,5.1431459765467045,0.48362312980186006,0.4818034775576223,1
2218.0,4.984220018034265,0.5378719567177638,0.633453561767358,1
3187.0,4.7715720112958895,0.48164417947913396,0.4126137433322874,1
10317.0,4.7658233982746925,0.5167199767374236,0.43869341862944655,1
2623.0,5.082348455966451,0.5364086923370187,0.5078154784597789,1
3384.0,5.013593380614657,0.567966903073286,0.4769503546099291,1
9039.0,4.762805620090718,0.5025998451156102,0.47416749640446954,1
2690.0,5.065055762081784,0.5141263940520446,0.5442379182156134,1
2846.0,4.980323260716795,0.5442726633872101,0.5137034434293746,1
6084.0,4.627712031558185,0.43721236028928334,0.452991452991453,1
2943.0,4.836901121304791,0.5378865103635746,0.5773020727149167,1
5396.0,4.740919199406968,0.46015567086730913,0.4086360266864344,1
2048.0,4.798828125,0.47509765625,0.59130859375,1
3811.0,5.087378640776699,0.5022303857255314,0.48701128312778796,1
3140.0,4.908917197452229,0.5025477707006369,0.4426751592356688,1
986.0,5.373225152129818,0.4908722109533469,0.579107505070994,1
5152.0,5.088703416149069,0.5176630434782609,0.4276009316770186,1
7907.0,4.9071708612621725,0.4931073732136082,0.365878335651954,1
7763.0,4.992271029241273,0.4888574004895015,0.2975653742110009,1
6065.0,4.960593569661995,0.5508656224237428,0.4092333058532564,1
4983.0,5.001806140878989,0.5350190648203893,0.5300020068231989,1
2857.0,5.082954147707385,0.44942247112355616,0.47077353867693383,1
6408.0,5.237359550561798,0.5427590511860175,0.4911048689138577,1
4512.0,5.013962765957447,0.5469858156028369,0.5565159574468085,1
2074.0,5.049180327868853,0.5448408871745419,0.5106075216972035,1
3654.0,4.835249042145594,0.45046524356869183,0.3825944170771757,1
3350.0,5.03134328358209,0.5370149253731343,0.47701492537313434,1
2728.0,4.978739002932551,0.4541788856304985,0.5340909090909091,1
10156.0,5.038204017329657,0.5243205986608901,0.45697124852304055,1
4617.0,5.112194065410439,0.5512237383582412,0.5081221572449642,1
2174.0,5.483440662373505,0.672493100275989,0.6922723091076357,1
9654.0,5.057074787652787,0.5435052827843381,0.5026931841723637,1
5085.0,4.986627335299902,0.5317600786627336,0.5274336283185841,1
4431.0,5.0767321146468065,0.5204242834574588,0.48995712028887384,1
6351.0,5.198079042670446,0.5164541017162652,0.4300110218863171,1
2445.0,5.066666666666666,0.481799591002045,0.48425357873210634,1
4387.0,5.066104399361751,0.5498062457260087,0.4782311374515614,1
2628.0,4.451293759512938,0.4387366818873668,0.526255707762557,1
9453.0,4.81794139426637,0.4839733417962552,0.44239923833703587,1
5466.0,4.614160263446762,0.5078668130259788,0.44163922429564584,1
1656.0,5.188405797101449,0.48792270531400966,0.5163043478260869,1
4451.0,5.113232981352505,0.5302179285553809,0.4376544596719838,1
3541.0,4.9110420785088955,0.5066365433493364,0.56340016944366,1
3535.0,4.888260254596888,0.45714285714285713,0.5278642149929279,1
2521.0,4.491868306227688,0.5402618008726696,0.5037683458944863,1
2686.0,4.580044676098288,0.4653760238272524,0.5174981384959046,1
5726.0,5.107754104086623,0.5066363953894516,0.38927698218651763,1
7892.0,4.9094019260010135,0.4870755195134313,0.42232640648758235,1
6483.0,4.935832176461514,0.5016196205460435,0.4831096714484035,1
2148.0,4.320297951582868,0.5176908752327747,0.40409683426443205,1
11035.0,5.043044857272315,0.450747621205256,0.3536927956502039,1
6344.0,4.781683480453972,0.46831651954602777,0.39596469104665827,1
1871.0,5.104222340994121,0.564404061998931,0.4425440940673437,1
9372.0,4.945475885616731,0.530729833546735,0.41826717883055914,1
2253.0,4.7372392365734575,0.4371948513093653,0.49622725255215266,1
1982.0,5.111503531786075,0.5186680121089808,0.6074672048435923,1
2165.0,4.631408775981524,0.5173210161662818,0.4674364896073903,1
2096.0,4.758110687022901,0.4904580152671756,0.5806297709923665,1
2057.0,4.875060768108897,0.4292659212445309,0.5566358774914925,1
9013.0,4.9720403861089535,0.5053811161655387,0.46244313769000334,1
7289.0,5.109342845383455,0.49677596378103994,0.4750994649471807,1
2147.0,4.933395435491383,0.45179319981369354,0.6022356776897997,1
1983.0,4.83761976802824,0.5204236006051437,0.5375693393847706,1
4749.0,4.914508317540535,0.4502000421141293,0.5060012634238787,1
2025.0,5.04641975308642,0.5041975308641975,0.5022222222222222,1
9043.0,4.448081388919606,0.48003980979763355,0.4118102399646135,1
3122.0,5.002242152466367,0.47565663036515055,0.5579756566303652,1
4503.0,4.91849877859205,0.4703530979347102,0.5003331112591606,1
4001.0,5.029242689327668,0.4976255936015996,0.5613596600849787,1
10045.0,5.081035340965655,0.45843703334992536,0.43464410154305627,1
3080.0,4.896428571428571,0.4883116883116883,0.5824675324675325,1
2404.0,4.920549084858569,0.4908485856905158,0.5266222961730449,1
2186.0,5.072735590118938,0.47666971637694416,0.505946935041171,1
2726.0,4.64013206162876,0.4633162142333089,0.5333822450476889,1
4246.0,5.304521902967499,0.5402731983042864,0.45219029674988226,1
17703.0,5.017906569507993,0.4787324182341976,0.3444049031237643,1
9711.0,4.861703223149006,0.45947894140665224,0.41890639481000924,1
12619.0,5.510183057294556,0.615658927014819,0.4654885490133925,1
5711.0,5.018735773069515,0.5046401680966556,0.43932761337769216,1
4599.0,4.310502283105023,0.497282017829963,0.436399217221135,1
2773.0,4.367472051929319,0.4590695997115038,0.47818247385503065,1
3316.0,5.292219541616405,0.5126658624849216,0.5624246079613993,1
1846.0,4.895449620801734,0.48049837486457203,0.457204767063922,1
9187.0,4.727332099706106,0.4705562207467073,0.3651899423097856,1
4237.0,4.596884588151994,0.4323814019353316,0.48642907717724804,1
3541.0,4.975995481502401,0.4617339734538266,0.4713357808528664,1
2124.0,4.944915254237288,0.512241054613936,0.589924670433145,1
5839.0,4.694125706456585,0.49957184449392017,0.4915225209796198,1
3392.0,4.804540094339623,0.47287735849056606,0.482311320754717,1
2275.0,4.557802197802197,0.45494505494505494,0.5648351648351648,1
6682.0,4.796468123316372,0.46049087099670755,0.47141574378928464,1
2116.0,4.678638941398866,0.4447069943289225,0.5335538752362949,1
4437.0,4.663286004056795,0.4969574036511156,0.5625422582826234,1
1969.0,4.964956830878618,0.5149822244794312,0.4017267648552565,1
3327.0,4.656447249774572,0.49864743011722273,0.4718966035467388,1
11509.0,4.785646016161265,0.44443479016421933,0.3963854374837084,1
2777.0,4.943824270795822,0.4731724882967231,0.46308966510622973,1
2181.0,4.6231086657496565,0.48005502063273725,0.5469967904630904,1
13775.0,4.6439927404718695,0.4728856624319419,0.41219600725952815,1
2472.0,4.598300970873787,0.5157766990291263,0.5776699029126213,1
4892.0,5.08483237939493,0.49959116925592806,0.4957072771872445,1
6396.0,4.806128830519074,0.48577235772357724,0.36475922451532206,1
2073.0,4.940665701881332,0.5012059816690786,0.48818137964302943,1
4729.0,4.645379572848382,0.4639458659336012,0.5091985620638613,1
4665.0,5.114255091103966,0.5151125401929261,0.37706323687031085,1
4381.0,4.84432777904588,0.5174617667199269,0.46747317963935175,1
3246.0,4.987985212569316,0.4787430683918669,0.4824399260628466,1
3533.0,5.180300028304557,0.4582507783753184,0.4726861024624965,1
6865.0,4.849817916970139,0.4587035688273853,0.4493809176984705,1
7870.0,5.032401524777637,0.5310038119440915,0.5135959339263024,1
2487.0,4.749095295536791,0.49095295536791317,0.6019300361881785,1
3959.0,4.847941399343268,0.5145238696640566,0.4874968426370295,1
7811.0,5.579439252336448,0.6104212008705672,0.5018563564204327,1
3016.0,4.757294429708223,0.488395225464191,0.5411140583554377,1
4264.0,5.051829268292683,0.5030487804878049,0.5340056285178236,1
2258.0,5.067316209034544,0.516386182462356,0.5057573073516386,1
2052.0,4.7860623781676415,0.48050682261208577,0.4975633528265107,1
3537.0,5.359061351427764,0.5052304212609556,0.5193666949392141,1
2266.0,4.863195057369815,0.5075022065313327,0.5798764342453663,1
2048.0,4.64501953125,0.4833984375,0.4228515625,1
2974.0,5.320780094149294,0.4784801613987895,0.543039677202421,1
4924.0,5.213647441104793,0.5440698619008936,0.5030463038180342,1
2239.0,4.726217061188031,0.5011165698972756,0.5042429656096472,1
2945.0,5.359252971137521,0.5378607809847199,0.5198641765704584,1
2899.0,4.7678509830976195,0.49085891686788546,0.5874439461883408,1
2225.0,5.5775280898876405,0.5375280898876404,0.5784269662921349,1
3825.0,4.326535947712419,0.4538562091503268,0.44862745098039214,1
7414.0,4.945238737523604,0.4646614513083356,0.4197464256811438,1
8145.0,5.1848987108655615,0.469122160834868,0.40012277470841007,1
1921.0,4.428943258719417,0.5320145757418011,0.5231650182196772,1
5168.0,4.948722910216718,0.44311145510835914,0.4181501547987616,1
8857.0,5.144744270068872,0.5108953370215649,0.3870385006209778,1
3295.0,4.413657056145675,0.49893778452200305,0.4798179059180577,1
2247.0,5.011125945705385,0.4788607031597686,0.48375611927013795,1
3435.0,4.705385735080058,0.46084425036390103,0.5321688500727803,1
3058.0,4.782537606278614,0.48005232177894047,0.5467625899280576,1
7817.0,5.10656261993092,0.4868875527696047,0.34847128054240756,1
5548.0,4.839401586157174,0.5219899062725306,0.36806056236481616,1
2383.0,5.284095677717163,0.46160302140159465,0.48216533780948384,1
5457.0,4.689756276342313,0.38904159794759025,0.21440351841671249,1
2662.0,4.873027798647634,0.5150262960180315,0.5740045078888054,1
2279.0,4.860026327336551,0.5217200526546731,0.515577007459412,1
3090.0,4.203883495145631,0.5203883495145631,0.43462783171521036,1
2760.0,4.698188405797102,0.4652173913043478,0.42644927536231886,1
2095.0,5.175656324582339,0.5035799522673031,0.4639618138424821,1
2183.0,4.536417773705909,0.39761795693999086,0.4832798900595511,1
5570.0,4.58689407540395,0.4508078994614004,0.4524236983842011,1
9734.0,4.574583932607355,0.44925005136634477,0.3723032668995274,1
10164.0,4.9211924439197166,0.42739079102715466,0.39138134592680046,1
10797.0,4.695193109196999,0.47365008798740393,0.45058812633138834,1
4995.0,4.968968968968969,0.5455455455455456,0.5245245245245245,1
19631.0,4.901125770465081,0.557078090774795,0.40976007335336967,1
7903.0,5.1779071238770085,0.5868657471846135,0.4938630899658358,1
4246.0,4.922044276966557,0.5233160621761658,0.44606688648139425,1
8944.0,4.499105545617174,0.45550089445438285,0.4029516994633274,1
12658.0,4.799889398009165,0.536024648443672,0.38513193237478277,1
8033.0,4.944976969998756,0.5060375949209511,0.4782771069338977,1
5986.0,4.752756431673906,0.5283995990644837,0.4886401603742065,1
11744.0,4.860694822888283,0.4408208446866485,0.38470708446866486,1
4038.0,5.033927686973749,0.5458147597820703,0.5334323922734027,1
2598.0,4.901077752117013,0.5319476520400308,0.5107775211701309,1
2128.0,5.3543233082706765,0.5014097744360902,0.5305451127819549,1
8863.0,5.057881078641543,0.5251043664673362,0.38237617059686335,1
2135.0,5.026697892271663,0.48243559718969553,0.5583138173302108,1
2407.0,4.644786040714583,0.37764852513502284,0.5118404653095139,1
2067.0,5.117561683599419,0.47363328495403967,0.5699080793420416,1
2598.0,5.068514241724404,0.44611239414934567,0.5458044649730562,1
7009.0,5.078470537879869,0.49422171493793693,0.4619774575545727,1
2033.0,4.974422036399409,0.5194294146581406,0.5666502705361535,1
6778.0,4.920035408675125,0.5044260843906757,0.45691944526408973,1
3696.0,4.953463203463204,0.4412878787878788,0.49972943722943725,1
2548.0,4.833594976452119,0.4811616954474097,0.49175824175824173,1
1992.0,4.576807228915663,0.5235943775100401,0.5993975903614458,1
4223.0,4.930144447075539,0.46696661141368695,0.47312337201041915,1
2173.0,5.0271514035895075,0.5020708697653015,0.5499309710078233,1
8582.0,4.344558378000466,0.4847354928920997,0.40899557212770915,1
3398.0,4.597410241318423,0.4264273101824603,0.392583872866392,1
2483.0,4.592831252517116,0.5122835279903343,0.4563028594442207,1
2073.0,4.649300530631934,0.5084418716835504,0.5615050651230101,1
2404.0,5.120216306156406,0.4488352745424293,0.4363560732113145,1
1933.0,4.753233316088981,0.4454216244180031,0.4262803931712364,1
3011.0,4.890733975423448,0.5390235802059117,0.49352374626369977,1
5357.0,4.986746313235019,0.533134216912451,0.5140937091655777,1
4100.0,4.833414634146341,0.5302439024390244,0.5197560975609756,1
4837.0,4.897250361794501,0.5230514781889601,0.5253256150506512,1
3280.0,4.889024390243902,0.5365853658536586,0.5103658536585366,1
2721.0,4.924292539507534,0.42337375964718854,0.5214994487320838,1
2540.0,4.965748031496063,0.4763779527559055,0.5248031496062993,1
7891.0,5.136231149410721,0.49866937016854646,0.466100620960588,1
2122.0,5.039114043355325,0.5136663524976437,0.5730442978322338,1
2786.0,4.9300071787508974,0.5369705671213209,0.5922469490308686,1
8737.0,4.804738468581893,0.48975620922513446,0.43241387203845716,1
5216.0,4.8587039877300615,0.5138036809815951,0.5059432515337423,1
3640.0,4.946153846153846,0.4318681318681319,0.5266483516483517,1
4039.0,4.7915325575637535,0.4303045308244615,0.4340183213666749,1
9759.0,5.039040885336612,0.5140895583563889,0.26549851419202786,1
7102.0,4.809208673613067,0.5080259081948747,0.4921148972120529,1
6473.0,5.034759771357948,0.5142901282249344,0.4892630928472115,1
2538.0,4.743498817966903,0.48266351457840817,0.5527974783293932,1
1870.0,5.362566844919786,0.49679144385026736,0.574331550802139,1
8344.0,4.748082454458293,0.4642857142857143,0.47818791946308725,1
2076.0,4.984585741811175,0.46098265895953755,0.5496146435452793,1
2603.0,5.038417210910488,0.5374567806377257,0.552439492892816,1
4534.0,5.050948389942655,0.4693427437141597,0.49338332598147333,1
6128.0,5.135280678851175,0.5,0.5205613577023499,1
2858.0,4.970258922323303,0.489853044086774,0.5059482155353394,1
2653.0,5.100263852242744,0.47229551451187335,0.520542781756502,1
1974.0,5.268490374873354,0.5126646403242148,0.6084093211752786,1
3419.0,4.917812225797016,0.5080432875109682,0.5642000584966365,1
3826.0,5.059069524307371,0.5512284370099321,0.6228437009932044,1
2240.0,5.493303571428571,0.528125,0.5745535714285714,1
5981.0,5.059020230730647,0.480020063534526,0.5022571476341748,1
4879.0,4.7817175650748105,0.45849559335929496,0.4712031153924985,1
3578.0,4.881777529346003,0.5013974287311347,0.47596422582448294,1
2280.0,5.039035087719299,0.5548245614035088,0.6236842105263158,1
2809.0,4.8195087219651125,0.5005339978640085,0.5112139551441794,1
5268.0,4.855163249810174,0.4445709946848899,0.4422930903568717,1
3927.0,4.70104405398523,0.41456582633053224,0.4940157881334352,1
8362.0,4.905764171250897,0.4947381009327912,0.40707964601769914,1
3938.0,5.421279837480955,0.5431691213814119,0.4101066531234129,1
4087.0,4.905309517983851,0.5324198678737461,0.447516515781747,1
4327.0,5.060781141668593,0.5033510515368615,0.4326323087589554,1
2037.0,5.114383897889052,0.4879725085910653,0.6779577810505646,1
2908.0,4.844222833562586,0.46973865199449794,0.3982118294360385,1
3221.0,5.0316671841043155,0.49829245575908104,0.4594846321018317,1
2156.0,4.768089053803339,0.4684601113172542,0.551948051948052,1
6557.0,4.875095317980784,0.4535610797620863,0.43770016775964615,1
3736.0,4.9911670235546035,0.5289079229122056,0.6343683083511777,1
1741.0,5.08385985066054,0.5089029293509477,0.5341757610568638,1
3088.0,5.178108808290156,0.5466321243523317,0.689119170984456,1
9218.0,4.704708179648514,0.4466261661965719,0.4229767845519635,1
4278.0,5.0890603085554,0.49742870500233755,0.4431977559607293,1
3257.0,4.877494626957323,0.5029167945962543,0.5228738102548357,1
2755.0,5.8686025408348454,0.5673321234119783,0.5009074410163339,1
2167.0,5.065066912782648,0.5454545454545454,0.5080756806645131,1
2751.0,5.048346055979644,0.47509996364958196,0.38276990185387133,1
6906.0,4.709093541847668,0.47943816970750075,0.4684332464523603,1
14712.0,4.896615008156607,0.5067292006525286,0.4452147906470908,1
5966.0,4.720415688903788,0.4498826684545759,0.45407308079114983,1
4272.0,4.754447565543071,0.43375468164794007,0.48782771535580527,1
4152.0,4.823458574181117,0.47591522157996147,0.5161368015414258,1
3940.0,4.898223350253807,0.48959390862944163,0.5243654822335025,1
1954.0,4.792732855680655,0.4764585465711361,0.5619242579324463,1
5810.0,4.639931153184166,0.46265060240963857,0.4738382099827883,1
5214.0,4.56885308784043,0.5007671653241274,0.4813962408899118,1
7057.0,4.869632988522035,0.5023381040102026,0.47654810826130084,1
4348.0,4.764489420423183,0.48827046918123274,0.4905703771849126,1
6576.0,4.9411496350364965,0.4762773722627737,0.4636557177615572,1
5169.0,4.87695879280325,0.4627587541110466,0.4706906558328497,1
1940.0,4.7850515463917525,0.4902061855670103,0.5984536082474227,1
6511.0,4.994317309169099,0.5094455536783904,0.48901858393487946,1
3768.0,4.91932059447983,0.4453290870488323,0.5222929936305732,1
5175.0,4.3768115942028984,0.47381642512077293,0.44270531400966184,1
2217.0,4.980604420387912,0.4894000902119982,0.5981055480378891,1
5737.0,5.104932891755273,0.505839288826913,0.44692347917029807,1
1819.0,5.256184716877405,0.48433205057724027,0.6063771302913689,1
2866.0,4.192602930914166,0.4542916957431961,0.4344033496161898,1
2038.0,4.882728164867517,0.5294406280667321,0.4946025515210991,1
3416.0,5.1367096018735365,0.4783372365339578,0.5120023419203747,1
1897.0,5.02161307327359,0.4327886136004217,0.4965735371639431,1
15664.0,5.017875383043922,0.4962972420837589,0.39083248212461696,1
3355.0,4.3543964232488825,0.5078986587183308,0.46050670640834573,1
2680.0,5.011940298507462,0.5529850746268656,0.5175373134328358,1
6588.0,4.941256830601093,0.4751062537947784,0.4643290831815422,1
4220.0,5.190047393364929,0.5495260663507109,0.4876777251184834,1
5700.0,4.982456140350878,0.536140350877193,0.4726315789473684,1
10237.0,5.082543713978705,0.49819282993064373,0.42737130018560127,1
6525.0,5.038927203065134,0.5239846743295019,0.47264367816091957,1
3671.0,5.168618904930536,0.47943339689457914,0.49223644783437753,1
3370.0,4.858456973293769,0.46142433234421365,0.4878338278931751,1
2228.0,4.923698384201077,0.4905745062836625,0.5718132854578097,1
8274.0,4.941140923374426,0.5361372975586174,0.3770848440899202,1
4456.0,4.315754039497307,0.4483842010771993,0.4100089766606822,1
2863.0,4.2685993712888575,0.47048550471533357,0.4278728606356968,1
2635.0,4.025426944971537,0.4094876660341556,0.4121442125237192,1
2357.0,4.440390326686466,0.4993635977938057,0.5036062791684345,1
9573.0,4.466102580173405,0.5223023085762039,0.4133500470072078,1
1926.0,5.066978193146418,0.440809968847352,0.5706126687435099,1
3347.0,5.366895727517179,0.518972213922916,0.4287421571556618,1
12692.0,4.916561613614875,0.46289000945477465,0.4221556886227545,1
4763.0,4.887045979424732,0.46147386101196725,0.4765903842116313,1
8954.0,5.104645968282332,0.4585660040205495,0.4773285682376591,1
2258.0,4.993799822852082,0.48361381753764393,0.5389725420726307,1
3555.0,5.482981715893108,0.589873417721519,0.5234880450070324,1
3950.0,5.011898734177215,0.5481012658227848,0.6169620253164557,1
3968.0,4.226058467741935,0.49143145161290325,0.4241431451612903,1
7009.0,5.234127550292481,0.5228991296903981,0.39306605792552435,1
3902.0,5.306253203485392,0.5397232188621219,0.4497693490517683,1
4523.0,4.989387574618616,0.4280344903824895,0.39663939862922837,1
2321.0,5.204653166738475,0.5553640672124085,0.5040930633347694,1
5682.0,5.289334741288279,0.5651179162266807,0.4447377683914115,1
9418.0,5.3172648120620085,0.5483117434699512,0.35888723720535143,1
7223.0,5.347639484978541,0.5746919562508653,0.4116018274955005,1
2733.0,4.897182583241859,0.45554335894621295,0.5305525064032199,1
7517.0,4.690834109352135,0.484634827723826,0.4483171477983238,1
2490.0,5.021285140562249,0.4738955823293173,0.5650602409638554,1
2125.0,4.971294117647059,0.45741176470588235,0.4969411764705882,1
6567.0,4.986447388457439,0.505710370031978,0.4569818790924319,1
1909.0,4.7475117862755365,0.47459402828706126,0.5191199580932425,1
2770.0,5.08158844765343,0.4866425992779783,0.5693140794223827,1
2047.0,4.521739130434782,0.5202735710796287,0.5383488031265267,1
2732.0,4.688506588579795,0.5435578330893118,0.5673499267935578,1
3861.0,5.094017094017094,0.5441595441595442,0.6475006475006475,1
4227.0,4.905843387745446,0.5256683226874852,0.519990537023894,1
2265.0,5.128476821192053,0.48123620309050774,0.56158940397351,1
3827.0,4.657956623987458,0.4486542984060622,0.4585837470603606,1
2210.0,5.287782805429864,0.4841628959276018,0.5294117647058824,1
2567.0,5.011297234125438,0.5196727697701597,0.5340864822750292,1
4379.0,4.587805435030829,0.5284311486640786,0.45421329070564054,1
10031.0,4.839996012361679,0.526168876482903,0.3842089522480311,1
7747.0,4.712792048534917,0.48522008519426874,0.4131922034335872,1
2448.0,4.98202614379085,0.5604575163398693,0.5678104575163399,1
2127.0,4.858956276445698,0.5463093559003291,0.5543018335684062,1
8701.0,4.963452476726813,0.4483392713481209,0.39133432938742674,1
6100.0,4.767540983606557,0.47918032786885245,0.43098360655737705,1
4493.0,4.919207656354329,0.4736256398842644,0.40952592922323616,1
2150.0,4.864186046511628,0.4888372093023256,0.4823255813953488,1
3545.0,5.017489421720733,0.4750352609308886,0.5351198871650211,1
3043.0,4.730857706210976,0.5251396648044693,0.532697995399277,1
7285.0,5.190528483184626,0.46918325326012356,0.45120109814687714,1
2601.0,4.9580930411380235,0.4682814302191465,0.5240292195309496,1
3822.0,4.627943485086342,0.5007849293563579,0.4649398220826792,1
4254.0,4.923836389280677,0.48660084626234135,0.5202162670427832,1
3851.0,5.177616203583485,0.5058426382757725,0.4892235782913529,1
3897.0,4.783423146009751,0.4123684885809597,0.42186297151655117,1
2282.0,4.9680105170902715,0.5376862401402279,0.5657318141980718,1
3371.0,4.997923464847227,0.5241768021358647,0.5191337881934144,1
2520.0,5.037698412698413,0.4734126984126984,0.4996031746031746,1
3958.0,5.174077817079333,0.5199595755432036,0.4504800404244568,1
3548.0,4.976042841037204,0.5529875986471251,0.5434047350620068,1
11111.0,4.9406894068940685,0.4775447754477545,0.44910449104491046,1
2742.0,5.0178701677607584,0.5010940919037199,0.37563822027717,1
10065.0,5.3935419771485344,0.5407848981619473,0.388474913065077,1
10037.0,4.628972800637641,0.518581249377304,0.41018232539603466,1
5710.0,4.3910683012259195,0.4905429071803853,0.4532399299474606,1
4884.0,4.776208026208026,0.4432841932841933,0.43038493038493036,1
2974.0,4.847343644922663,0.49831876260928043,0.5517821116341628,1
5561.0,5.161841395432476,0.5142959899298687,0.47365581729904693,1
3356.0,5.4126936829559,0.698450536352801,0.5971394517282479,1
3562.0,4.32678270634475,0.4879281302638967,0.48343627175743964,1
3452.0,4.684530706836616,0.48986095017381226,0.5724217844727694,1
2764.0,5.036541244573082,0.49457308248914617,0.5502894356005789,1
3034.0,4.9726433750823995,0.515820698747528,0.5464733025708636,1
3044.0,4.835742444152431,0.46780551905387646,0.4891590013140604,1
3357.0,4.729520405123623,0.4882335418528448,0.5311289842120941,1
2523.0,4.77804201347602,0.44906856916369403,0.5160523186682521,1
5530.0,5.2537070524412295,0.6018083182640145,0.5321880650994575,1
8371.0,5.025206068570063,0.5006570302233903,0.4361486082905268,1
5265.0,5.0127255460588795,0.5249762583095916,0.41994301994301997,1
2447.0,5.06742950551696,0.4863097670617082,0.5275847977114835,1
4258.0,5.078440582433067,0.4638327853452325,0.5284170972287459,1
2072.0,4.694980694980695,0.4362934362934363,0.5371621621621622,1
3288.0,5.023418491484185,0.4927007299270073,0.5225060827250608,1
2556.0,4.692097026604069,0.5790297339593115,0.5461658841940532,1
2520.0,4.868253968253968,0.5119047619047619,0.526984126984127,1
6548.0,4.783750763591937,0.4470067196090409,0.43646915088576665,1
2412.0,4.674129353233831,0.5327529021558872,0.5555555555555556,1
5317.0,5.004701899567425,0.48091028775625355,0.49670867030280236,1
4937.0,4.800486125177233,0.4956451286206198,0.5183309702248329,1
2584.0,4.966331269349845,0.4872291021671827,0.4024767801857585,1
2106.0,5.056505223171889,0.49335232668566004,0.577397910731244,1
6549.0,5.000305390135899,0.45610016796457475,0.407695831424645,1
2463.0,4.558262281770199,0.4754364596021112,0.5684125050751117,1
2313.0,4.721573713791613,0.46865542585386943,0.5784695201037614,1
3110.0,4.889389067524116,0.5234726688102894,0.5694533762057877,1
3583.0,4.877476974602288,0.507954228300307,0.543120290259559,1
7741.0,4.691254359901821,0.4730654954140292,0.46854411574731947,1
3988.0,4.962136409227683,0.525827482447342,0.5017552657973922,1
3361.0,4.864623623921452,0.504016661707825,0.5575721511454924,1
2924.0,4.532147742818058,0.5571135430916553,0.542407660738714,1
3517.0,4.916121694626102,0.4319021893659369,0.5197611600796133,1
2610.0,4.810727969348659,0.47088122605363986,0.5367816091954023,1
5462.0,4.922006590992311,0.538630538264372,0.4291468326620286,1
4236.0,4.87724268177526,0.4714353163361662,0.4178470254957507,1
8265.0,4.703327283726558,0.49643073200241983,0.37846339987900784,1
2057.0,4.549343704423919,0.5240641711229946,0.585804569761789,1
5577.0,4.685852608929532,0.5047516585978125,0.4547247624170701,1
3815.0,4.914547837483617,0.4516382699868938,0.4836173001310616,1
3118.0,4.784797947402181,0.4567030147530468,0.5189223861449648,1
3429.0,5.536891221930592,0.7675707203266259,0.6447944006999126,1
4748.0,4.96524852569503,0.45366470092670597,0.4412384161752317,1
4463.0,4.92359399507058,0.4821868698185077,0.4806184181044141,1
2905.0,4.62960413080895,0.4612736660929432,0.43855421686746987,1
5489.0,4.926762616141374,0.45837128803060667,0.47950446347239933,1
2260.0,4.825221238938053,0.4761061946902655,0.5464601769911505,1
7969.0,5.304806123729452,0.49291002635211445,0.4172418120215836,1
7733.0,4.974654079917237,0.49941807836544677,0.44562265614897195,1
2710.0,4.719557195571956,0.48487084870848707,0.5387453874538746,1
2249.0,5.071142730102268,0.49533125833703867,0.593597154290796,1
3305.0,4.93071104387292,0.5198184568835098,0.4680786686838124,1
2300.0,4.9165217391304346,0.4443478260869565,0.5660869565217391,1
2841.0,4.75783174938402,0.4530095036958817,0.46004927842309046,1
4983.0,4.741521171984748,0.5001003411599438,0.49147100140477623,1
2530.0,4.78102766798419,0.47786561264822136,0.4790513833992095,1
1969.0,4.803961401726765,0.4408329101066531,0.5505332656170645,1
2912.0,4.933035714285714,0.4790521978021978,0.5199175824175825,1
15804.0,5.012591748924323,0.4922171602126044,0.39743103011895725,1
6629.0,4.898325539297028,0.45361291295821393,0.470960929250264,1
3822.0,4.8341182626896915,0.5285190999476713,0.5688121402407117,1
2472.0,5.0796925566343045,0.51415857605178,0.5339805825242718,1
3510.0,4.988888888888889,0.5683760683760684,0.49202279202279203,1
3194.0,4.867877269881027,0.5140889167188478,0.4517845961177207,1
3546.0,5.624647490129724,0.5132543711223915,0.38917089678510997,1
2767.0,4.9508492952656304,0.4625948680881821,0.5037947235272858,1
4092.0,4.971896383186706,0.511485826001955,0.5068426197458455,1
4707.0,4.985765880603357,0.4981941788825154,0.5077544083280221,1
5475.0,4.92986301369863,0.5347945205479452,0.45315068493150684,1
8695.0,4.930879815986199,0.4553191489361702,0.421046578493387,1
3046.0,4.888049901510177,0.5633617859487853,0.5108338804990151,1
1951.0,4.999487442337263,0.5110199897488468,0.5335725269092773,1
2290.0,5.112663755458516,0.4851528384279476,0.474235807860262,1
5061.0,5.218336297174472,0.5433708753210827,0.4501086741750642,1
7229.0,4.851570065015908,0.49232258956978836,0.3568958362152442,1
6577.0,4.929299072525468,0.4669302113425574,0.37950433328265165,1
2612.0,5.107580398162328,0.5290964777947933,0.5137825421133231,1
4418.0,5.107062019013128,0.4717066545948393,0.4101403349932096,1
2637.0,5.039059537353053,0.44634053849070915,0.4603716344330679,1
2721.0,5.1128261668504225,0.4858507901506799,0.45791988239617787,1
2730.0,5.1732600732600735,0.49743589743589745,0.49926739926739927,1
7534.0,4.952482081231749,0.4670825590655694,0.3473586408282453,1
5343.0,4.834175556803294,0.45985401459854014,0.3531723750701853,1
2688.0,5.059523809523809,0.4304315476190476,0.5219494047619048,1
7105.0,5.030682617874736,0.4676988036593948,0.3815622800844476,1
2418.0,4.961952026468156,0.5115798180314309,0.5578990901571547,1
3851.0,4.951441184108024,0.44689690989353414,0.45235003895092185,1
2559.0,5.041031652989449,0.47557639703008986,0.5752246971473232,1
6674.0,4.975876535810609,0.47287983218459695,0.39916092298471684,1
5561.0,4.615896421506923,0.43409458730444167,0.43337529221363064,1
2217.0,4.576003608479928,0.4821831303563374,0.5133062697338746,1
3885.0,4.89009009009009,0.47953667953667956,0.4702702702702703,1
6806.0,4.665589186012342,0.445342344989715,0.38466059359388777,1
2796.0,4.7986409155937055,0.4799713876967096,0.5793991416309013,1
2096.0,4.650286259541985,0.4780534351145038,0.5276717557251909,1
10717.0,4.717271624521787,0.5036857329476533,0.43808901744891293,1
4006.0,7.066150773839241,0.8879181228157763,0.49675486769845234,1
2484.0,5.216183574879227,0.5104669887278583,0.5056360708534622,1
3514.0,4.281730221969266,0.4359704040978941,0.4484917472965282,1
2708.0,5.188700147710487,0.43722304283604135,0.4981536189069424,1
2561.0,5.139398672393596,0.5181569699336197,0.5224521671222179,1
2241.0,4.921909861668897,0.5087014725568942,0.5488621151271754,1
1981.0,4.91670873296315,0.5396264512872286,0.5850580514891469,1
2548.0,5.346153846153846,0.543171114599686,0.5773155416012559,1
8481.0,4.375545336634831,0.5011201509255984,0.44853201273434734,1
1974.0,4.195542046605876,0.4336372847011145,0.4371833839918946,1
5670.0,4.449206349206349,0.4800705467372134,0.4552028218694885,1
6597.0,4.85053812338942,0.44793087767166895,0.428831286948613,1
3725.0,5.049395973154362,0.4512751677852349,0.5103355704697986,1
2153.0,4.679981421272643,0.4598235020901068,0.5870877844867627,1
3162.0,5.033839342188489,0.4411764705882353,0.4234661606578115,1
2665.0,4.79437148217636,0.45328330206378986,0.5129455909943715,1
5580.0,5.103942652329749,0.4806451612903226,0.493010752688172,1
7061.0,4.855402917433791,0.4687721285936836,0.4275598357173205,1
3929.0,5.23542886230593,0.473148383812675,0.5113260371595826,1
8648.0,4.778561517113784,0.48346438482886217,0.4488899167437558,1
10980.0,4.88943533697632,0.4728597449908925,0.345264116575592,1
2867.0,4.906173700732473,0.4670387164283223,0.5347052668294384,1
3730.0,5.044235924932976,0.4954423592493298,0.5067024128686327,1
2913.0,5.232063165121867,0.48094747682801237,0.5743220048060419,1
4388.0,4.442114858705561,0.48997265268915224,0.4637648131267092,1
9062.0,4.9878613992496135,0.5355329949238579,0.4324652394614875,1
2717.0,5.005888847994111,0.5358851674641149,0.5726904674273096,1
8472.0,4.805949008498583,0.4258734655335222,0.4176109537299339,1
10997.0,4.814585796126217,0.4995907974902246,0.4190233700100027,1
2141.0,5.078000934142924,0.5296590378327884,0.5249883232134517,1
2589.0,4.82696021629973,0.5310930861336424,0.5206643491695635,1
2411.0,5.102032351721277,0.6611364579012857,0.6146827042720863,1
2637.0,4.7906712172923775,0.48047023132347366,0.4417899127796739,1
2939.0,4.827832596121129,0.48553929908132015,0.5338550527390269,1
3020.0,5.097682119205298,0.5516556291390728,0.5589403973509933,1
2485.0,4.82374245472837,0.4301810865191147,0.5154929577464789,1
1955.0,5.21227621483376,0.478772378516624,0.5355498721227622,1
4291.0,5.185271498485202,0.557678862735959,0.5826147751106968,1
6077.0,4.987987493829192,0.44182985025506005,0.4375514233997038,1
2044.0,4.814579256360078,0.5249510763209393,0.5396281800391389,1
5744.0,5.184366295264624,0.5342966573816156,0.4115598885793872,1
3838.0,4.859041167274622,0.5010422094841063,0.4228764981761334,1
2664.0,5.138138138138138,0.5165165165165165,0.5694444444444444,1
2280.0,5.000877192982456,0.5714912280701754,0.5491228070175439,1
2235.0,4.682774049217002,0.46174496644295304,0.3861297539149888,1
2691.0,4.959123002601263,0.4901523597175771,0.5455221107395021,1
5534.0,4.686844958438742,0.5112034694615106,0.44976508854354896,1
2525.0,5.013069306930693,0.4281188118811881,0.5168316831683168,1
2784.0,4.364224137931035,0.4920977011494253,0.350933908045977,1
7150.0,4.872727272727273,0.47762237762237764,0.4795804195804196,1
4165.0,4.81344537815126,0.4645858343337335,0.4782713085234094,1
2605.0,4.635700575815739,0.5013435700575816,0.5374280230326296,1
2836.0,4.46015514809591,0.4848377997179126,0.5356135401974612,1
2191.0,4.119123687813784,0.4198995892286627,0.42902784116841625,1
3076.0,4.836475942782835,0.5510403120936281,0.5185305591677504,1
5618.0,5.097187611249555,0.47241011035955854,0.4131363474546102,1
2624.0,4.857469512195122,0.5278201219512195,0.5099085365853658,1
3681.0,5.228742189622385,0.5215973920130399,0.541157294213529,1
9922.0,4.566115702479339,0.4596855472686958,0.3820802257609353,1
2286.0,4.861767279090114,0.48600174978127736,0.5026246719160105,1
2356.0,4.944397283531409,0.49872665534804755,0.5764006791171478,1
3143.0,4.858097359210945,0.5876551065860642,0.5408845052497614,1
2610.0,4.838697318007663,0.4904214559386973,0.5793103448275863,1
2374.0,5.0429654591406905,0.46124684077506317,0.5703454085930918,1
3314.0,5.133071816535908,0.5,0.5129752564876282,1
4640.0,4.85625,0.496551724137931,0.46573275862068964,1
2364.0,5.2571912013536375,0.5664128595600677,0.6116751269035533,1
5247.0,4.914046121593292,0.43281875357347055,0.429769392033543,1
5716.0,4.881035689293212,0.49912526242127364,0.5040237928621414,1
6969.0,4.974888793227149,0.45802841153680585,0.36633663366336633,1
12857.0,4.786264291825464,0.4902387804308937,0.3787042078245314,1
2907.0,4.753353973168215,0.4551083591331269,0.5184038527691779,1
2090.0,5.035885167464115,0.46124401913875596,0.5473684210526316,1
2706.0,5.191056910569106,0.5181079083518108,0.5739098300073909,1
3254.0,4.630915795943454,0.5107559926244623,0.5039950829748002,1
2066.0,4.743465634075508,0.457405614714424,0.4874152952565344,1
3055.0,4.5620294599018,0.4582651391162029,0.3574468085106383,1
3337.0,4.819898112076715,0.5732694036559784,0.5501947857356907,1
6017.0,4.802559414990859,0.45986371946152566,0.4680073126142596,1
3102.0,4.868149580915539,0.43197936814958093,0.5128949065119278,1
2399.0,4.88120050020842,0.47811588161734053,0.5402250937890788,1
3368.0,5.0662114014251785,0.44744655581947745,0.48545130641330164,1
1978.0,5.155712841253791,0.5176946410515673,0.5631951466127402,1
6414.0,4.767539756782039,0.4515123168069847,0.4264109759900218,1
5579.0,4.929198781143574,0.520702634880803,0.5108442373185159,1
1933.0,4.757889291257113,0.49094671495085357,0.5504397309881014,1
3699.0,4.727223573938902,0.45552852122195187,0.4733711814003785,1
1921.0,4.731910463300364,0.4362311296199896,0.53461738677772,1
7149.0,4.794796475031473,0.4546090362288432,0.42775213316547767,1
3853.0,5.444329094212302,0.6989358941084869,0.5598235141448222,1
10987.0,4.904614544461636,0.46063529625921545,0.41676526804405206,1
2962.0,4.851451721809588,0.5060769750168805,0.5259959486833221,1
3810.0,4.876902887139107,0.4963254593175853,0.5608923884514436,1
9502.0,4.8509787413176175,0.5173647653125658,0.4831614396969059,1
5472.0,5.078033625730995,0.47953216374269003,0.489766081871345,1
6775.0,4.854907749077491,0.40354243542435425,0.2932841328413284,1
8295.0,4.866546112115732,0.4861965039180229,0.4755877034358047,1
7306.0,5.050780180673419,0.44798795510539285,0.4370380509170545,1
4759.0,5.305736499264551,0.47047699096448836,0.40155494851859636,1
3053.0,5.0180150671470685,0.49885358663609564,0.5866360956436292,1
2533.0,4.717726016581129,0.4974338728780103,0.4638768258981445,1
5391.0,4.979224633648673,0.5115933964014098,0.414950843999258,1
2109.0,5.076339497392129,0.5372214319582741,0.4954954954954955,1
11419.0,4.751992293545845,0.4985550398458709,0.37262457307995445,1
6554.0,4.69636862984437,0.4613976197741837,0.3835825450106805,1
3125.0,4.64128,0.41152,0.32032,1
1992.0,5.3453815261044175,0.4718875502008032,0.5346385542168675,1
2513.0,4.906884202148826,0.480700358137684,0.4428969359331476,1
1908.0,4.629454926624738,0.4868972746331237,0.44758909853249473,1
5693.0,4.825575267872826,0.5304760231863692,0.5108027402072721,1
6431.0,4.499922251593842,0.46897838594308816,0.3738143368060955,1
2153.0,5.121226196005574,0.5137018114259173,0.5383186251741756,1
8118.0,4.980906627248091,0.477950234047795,0.36881005173688103,1
5012.0,4.581404628890662,0.5259377494014366,0.4411412609736632,1
3904.0,4.454149590163935,0.5048668032786885,0.47361680327868855,1
2402.0,4.9891756869275605,0.49500416319733553,0.556203164029975,1
2176.0,4.872702205882353,0.4797794117647059,0.4875919117647059,1
3435.0,4.291994177583697,0.4925764192139738,0.43056768558951963,1
3087.0,4.666666666666667,0.4965986394557823,0.500485908649174,1
3690.0,5.2831978319783195,0.4959349593495935,0.5555555555555556,1
1527.0,6.544204322200393,0.4446627373935822,0.36411263916175507,1
5754.0,4.882864094542927,0.47844977407021205,0.43952033368091764,1
3396.0,5.3492343934040045,0.48557126030624265,0.45995288574793874,1
2767.0,4.490422840621612,0.5421033610408384,0.3816407661727503,1
15929.0,4.996233285203089,0.49306296691568835,0.35997237742482263,1
6192.0,4.988049095607235,0.47093023255813954,0.4181201550387597,1
8863.0,5.032268983414194,0.5328895407875437,0.3919666027304524,1
5394.0,5.0129773822766035,0.4797923618835743,0.44197256210604374,1
2352.0,5.237244897959184,0.47023809523809523,0.5459183673469388,1
2493.0,4.821099077416767,0.45808263136782995,0.5238668271159246,1
3623.0,5.191001932100469,0.45431962462048026,0.47998895942589015,1
6508.0,4.620313460356484,0.39397664413030115,0.3531038721573448,1
2537.0,4.836815135987386,0.5084745762711864,0.5695703586913677,1
8515.0,4.781209630064592,0.5064004697592484,0.48772753963593657,1
2136.0,4.788389513108614,0.4653558052434457,0.5173220973782772,1
2466.0,5.045823195458232,0.5060827250608273,0.5340632603406326,1
8303.0,4.899674816331446,0.502348548717331,0.42129350837046853,1
2581.0,5.039519566059667,0.4746222394420767,0.5710964742347927,1
3349.0,4.7321588533890715,0.4726784114661093,0.5070170200059719,1
9024.0,4.8458554964539005,0.471520390070922,0.41777482269503546,1
5882.0,4.979088745324719,0.44882692961577697,0.4382862971778307,1
3032.0,5.25,0.4653693931398417,0.45118733509234826,1
2247.0,4.8566978193146415,0.5198041833555852,0.5473965287049399,1
3392.0,4.92747641509434,0.4719929245283019,0.42629716981132076,1
3712.0,4.890086206896552,0.43992456896551724,0.49461206896551724,1
11478.0,5.042690364174943,0.4989545216936749,0.3947551838299355,1
3457.0,5.032976569279723,0.48278854498119755,0.5120046282904253,1
3342.0,5.05834829443447,0.5155595451825254,0.5263315380011969,1
8394.0,4.72003812246843,0.4496068620443174,0.4073147486299738,1
2336.0,5.247003424657534,0.5085616438356164,0.4653253424657534,1
2810.0,4.893594306049822,0.47473309608540926,0.4886120996441281,1
4210.0,4.773634204275535,0.5097387173396675,0.48052256532066506,1
11859.0,5.535121005143773,0.598364111645164,0.48140652668859096,1
15186.0,5.062689319109706,0.45509021467140787,0.4092585275912024,1
3152.0,5.216370558375634,0.541243654822335,0.4384517766497462,1
5197.0,4.780450259765249,0.49855685972676544,0.45372330190494514,1
3342.0,5.171454219030521,0.4530221424296828,0.5296229802513465,1
5908.0,5.083953960731212,0.4558226134055518,0.42586323628977657,1
5063.0,4.934426229508197,0.4524985186648232,0.46553426822042265,1
2116.0,4.914933837429111,0.4943289224952741,0.6082230623818525,1
1970.0,4.775126903553299,0.4964467005076142,0.584771573604061,1
2528.0,5.050632911392405,0.4410601265822785,0.5664556962025317,1
8588.0,5.153935724266418,0.4753143921751281,0.4215183977643223,1
12345.0,4.869258809234508,0.5037667071688943,0.4114216281895504,1
2357.0,4.855748833262622,0.49087823504454814,0.5426389478150191,1
5740.0,4.938675958188154,0.5315331010452962,0.4775261324041812,1
6237.0,5.232162898829565,0.43065576398909733,0.3926567259900593,1
5078.0,5.13391098857818,0.4940921622686097,0.48897203623473806,1
3695.0,4.902300405953992,0.4976995940460081,0.489851150202977,1
3128.0,4.646419437340153,0.434462915601023,0.5364450127877238,1
2759.0,5.128669807901414,0.48749546937296123,0.5056179775280899,1
2289.0,4.808213193534295,0.5316732197466142,0.54608999563128,1
2118.0,5.410764872521247,0.5273843248347497,0.5306893295561851,1
6403.0,5.1414961736685925,0.5078869280024988,0.4387006090894893,1
2760.0,4.888405797101449,0.483695652173913,0.5652173913043478,1
4502.0,4.6408262994224785,0.48000888494002664,0.3793869391381608,1
2241.0,4.727800089245872,0.4524765729585007,0.38107987505577867,1
14585.0,4.671511827219747,0.4515598217346589,0.2455262255742201,1
4197.0,4.197760304979748,0.45341910888730047,0.43316654753395284,1
2144.0,4.523787313432836,0.5065298507462687,0.5065298507462687,1
1925.0,4.910649350649351,0.4587012987012987,0.6083116883116884,1
17482.0,4.772394462876101,0.429127102162224,0.3289669374213477,1
2540.0,5.233858267716536,0.4921259842519685,0.5728346456692913,1
6492.0,5.009704251386322,0.5388170055452866,0.4802834257547751,1
11659.0,4.728964748263144,0.4715670297624153,0.40423707007462045,1
6224.0,5.251124678663239,0.5073907455012854,0.43251928020565555,1
2687.0,4.869743208038705,0.44733903982136214,0.4666914774841831,1
3955.0,5.263969658659924,0.5378002528445006,0.5577749683944374,1
1963.0,4.223637289862455,0.44829342842587877,0.5155374426897605,1
2746.0,4.472323379461034,0.4380917698470502,0.4417334304442826,1
2587.0,4.585620409741013,0.4414379590258987,0.47816003092385,1
2385.0,4.343396226415094,0.39245283018867927,0.4008385744234801,1
4983.0,5.131045554886614,0.5462572747340959,0.44651816174994985,1
12978.0,4.832871012482663,0.4546925566343042,0.2673755586376946,1
2681.0,5.254382693024991,0.505781424841477,0.5400969787392764,1
2900.0,4.612758620689656,0.4124137931034483,0.476551724137931,1
2096.0,5.000954198473282,0.46564885496183206,0.5066793893129771,1
2855.0,5.062697022767075,0.49842381786339757,0.5418563922942207,1
2287.0,5.0725841714035855,0.5854831657192829,0.6375163970266725,1
2056.0,4.769455252918288,0.4601167315175097,0.5423151750972762,1
6080.0,4.883059210526316,0.5059210526315789,0.4421052631578947,1
5284.0,4.6500757002271005,0.46006813020439064,0.4825889477668433,1
3767.0,4.941863551898062,0.48871781258295727,0.5067693124502256,1
3990.0,4.9070175438596495,0.5649122807017544,0.42531328320802003,1
3214.0,4.624766645924082,0.4891101431238332,0.590230242688239,1
14625.0,5.0376068376068375,0.44724786324786325,0.33052991452991454,1
4929.0,5.2789612497463985,0.523229864069791,0.5011158449989856,1
3072.0,4.939127604166667,0.5042317708333334,0.4983723958333333,1
7180.0,5.095403899721449,0.5683844011142062,0.38259052924791087,1
2321.0,4.608358466178371,0.44118914261094355,0.5437311503662214,1
2176.0,4.837775735294118,0.4508272058823529,0.5381433823529411,1
4814.0,5.373701703365185,0.5101786456169506,0.47465724968840883,1
2344.0,4.906996587030717,0.5465017064846417,0.6194539249146758,1
2096.0,4.573950381679389,0.4685114503816794,0.5648854961832062,1
4229.0,4.580988413336486,0.5133601324190116,0.5159612201466067,1
2169.0,4.906869525126787,0.4919317657906869,0.5260488704472107,1
5261.0,4.792054742444402,0.4120889564721536,0.39308116327694353,1
3222.0,5.109559279950341,0.45623836126629425,0.4972067039106145,1
4817.0,4.937512974880631,0.44820427652065603,0.37326136599543286,1
7767.0,5.005278743401571,0.521308098364877,0.3625595468005665,1
2445.0,5.177096114519427,0.452760736196319,0.50920245398773,1
2765.0,4.837974683544304,0.4390596745027125,0.4289330922242315,1
2469.0,4.94775212636695,0.4908869987849332,0.5423248278655326,1
2320.0,4.572413793103448,0.5060344827586207,0.47758620689655173,1
3163.0,4.677205184950996,0.5333544103699019,0.5162820107492887,1
7780.0,4.708740359897172,0.5065552699228791,0.33547557840616965,1
8148.0,4.743249877270496,0.43937162493863524,0.32142857142857145,1
4470.0,4.961297539149888,0.4697986577181208,0.45100671140939597,1
2918.0,4.568882796435915,0.4962302947224126,0.498971898560658,1
6904.0,4.800550405561993,0.47450753186558514,0.45625724217844726,1
6519.0,5.181009357263384,0.5474766068415401,0.5227795674183157,1
2375.0,5.227368421052631,0.42736842105263156,0.4134736842105263,1
2267.0,4.932509925011027,0.5341861490957213,0.4556682840758712,1
3604.0,4.432297447280799,0.48473917869034405,0.5260821309655938,1
6342.0,5.088615578681804,0.47082939135919266,0.42147587511825924,1
2159.0,4.858267716535433,0.5247799907364521,0.5655396016674387,1
6142.0,5.344676001302507,0.5193747964832303,0.4692282644089873,1
4064.0,5.122293307086614,0.47883858267716534,0.4436515748031496,1
6056.0,4.933454425363276,0.4833223249669749,0.41000660501981506,1
4238.0,4.7772534214252005,0.4695611137328929,0.5002359603586597,1
2339.0,4.958956819153484,0.5079093629756306,0.6062419837537409,1
2304.0,4.935329861111111,0.4618055555555556,0.5703125,1
643.0,5.594090202177294,0.5723172628304821,0.6656298600311042,1
4755.0,4.63869610935857,0.39747634069400634,0.38338590956887486,1
2490.0,5.117269076305221,0.5040160642570282,0.4879518072289157,1
5103.0,4.878502841465805,0.4573780129335685,0.43111894963746816,1
2492.0,4.88322632423756,0.4622792937399679,0.5593900481540931,1
5745.0,5.024891209747607,0.45744125326370755,0.38746736292428197,1
2829.0,4.927536231884058,0.4768469423824673,0.5114881583598445,1
2923.0,4.920971604515908,0.531987683886418,0.5111187136503592,1
2795.0,4.826833631484794,0.4740608228980322,0.39284436493738817,1
2870.0,4.8707317073170735,0.5682926829268292,0.48362369337979094,1
3224.0,4.863833746898263,0.5086848635235732,0.4968982630272953,1
2236.0,4.6319320214669055,0.38595706618962433,0.5138640429338104,1
2474.0,4.721503637833468,0.4223928860145513,0.44058205335489087,1
2308.0,4.6850086655112655,0.46707105719237435,0.5766897746967071,1
1960.0,4.795918367346939,0.46122448979591835,0.5918367346938775,1
5934.0,4.8857431749241655,0.45382541287495787,0.4759015840916751,1
5207.0,4.788553869790666,0.5102746303053581,0.445554061839831,1
4218.0,4.7878141299193935,0.46586059743954483,0.5111427216690374,1
3794.0,4.263046916183447,0.4446494464944649,0.44544016868740116,1
2011.0,4.658378915962208,0.48781700646444554,0.5315763301839881,1
2938.0,4.391082368958475,0.4554118447923758,0.510211027910143,1
4513.0,4.8311544427210285,0.4582317748725903,0.467981387103922,1
7901.0,5.265789140615112,0.5390456904189344,0.42475635995443617,1
2329.0,4.977672820953199,0.47402318591670245,0.49720910261914986,1
2118.0,4.96742209631728,0.6152030217186024,0.6019830028328612,1
7869.0,4.757529546321006,0.4534248316177405,0.46244757910789175,1
7567.0,5.1314920047575,0.5530593365931016,0.47363552266419984,1
2740.0,4.862408759124087,0.4401459854014598,0.5175182481751824,1
4667.0,4.802014141847011,0.5234626098135847,0.450182129847868,1
2117.0,4.725555030703826,0.4728389230042513,0.485592820028342,1
4314.0,4.816643486323597,0.45827538247566063,0.39337042188224386,1
2833.0,4.702788563360396,0.4567596187786798,0.5160607130250617,1
3577.0,5.114062063181437,0.4674308079396142,0.5219457646072128,1
2651.0,5.011693700490381,0.4277631082610336,0.5043379856657865,1
6119.0,5.122569047229939,0.5401209347932668,0.44468050335022064,1
3524.0,4.864642451759364,0.4594211123723042,0.49148694665153236,1
2702.0,5.041080680977054,0.5507031828275352,0.5632864544781643,1
9424.0,5.001803904923599,0.4657258064516129,0.39972410865874364,1
2214.0,5.132339656729901,0.48419150858175247,0.547877145438121,1
2788.0,4.806671449067432,0.5279770444763271,0.5333572453371592,1
2428.0,4.7549423393739705,0.39085667215815484,0.49876441515650743,1
1987.0,4.736285858077504,0.5686965274282838,0.5430296930045294,1
2833.0,4.898693963995764,0.4493469819978821,0.48746911401341336,1
5516.0,4.741479332849892,0.553118201595359,0.5328136330674402,1
2707.0,5.0875507942371625,0.4314739564093092,0.5419283339490211,1
4174.0,5.102060373742214,0.42980354575946333,0.4631049353138476,1
2285.0,4.597374179431072,0.5015317286652079,0.5733041575492341,1
2568.0,5.127336448598131,0.42679127725856697,0.4462616822429907,1
5182.0,5.067927441142416,0.4706676958703203,0.4349671941335392,1
4840.0,5.002479338842975,0.49772727272727274,0.37644628099173555,1
2639.0,4.706707086017431,0.42895035998484277,0.38309965896172793,1
2055.0,5.898783454987835,0.7547445255474453,0.6267639902676398,1
1972.0,4.911764705882353,0.5020283975659229,0.526369168356998,1
2752.0,4.8023255813953485,0.4745639534883721,0.546875,1
2727.0,5.11001100110011,0.5581224789145581,0.5962596259625963,1
4101.0,4.9341623994147765,0.5142648134601316,0.5515727871250914,1
2334.0,5.482862039417309,0.5638389031705227,0.5479862896315338,1
3718.0,4.755782678859602,0.5220548682087144,0.4593867670790748,1
10836.0,4.6819859726836475,0.4706533776301218,0.3798449612403101,1
2910.0,4.959450171821306,0.48281786941580757,0.5003436426116838,1
2880.0,5.003819444444445,0.4173611111111111,0.48020833333333335,1
7388.0,5.369382782891175,0.530860855441256,0.4446399566865187,1
3764.0,5.232731137088204,0.4954835281615303,0.5217853347502657,1
6674.0,5.392867845370093,0.45579862151633205,0.4262810908001199,1
3822.0,4.640502354788069,0.5206698063840921,0.5120355834641549,1
4670.0,4.7537473233404715,0.4370449678800857,0.4777301927194861,1
3334.0,5.130773845230954,0.488002399520096,0.5395920815836832,1
11375.0,4.885626373626374,0.45916483516483514,0.42320879120879124,1
5517.0,4.63005256479971,0.4576762733369585,0.4444444444444444,1
4907.0,5.175871204401875,0.508253515386183,0.4899123700835541,1
3015.0,5.032172470978441,0.48391376451077944,0.5966832504145937,1
2209.0,4.554096876414667,0.45043005885015847,0.479402444545043,1
6438.0,5.0914880397639015,0.46458527493010254,0.357098477788133,1
2016.0,5.113095238095238,0.4955357142857143,0.5520833333333334,1
4533.0,4.959188175601147,0.5082726671078756,0.43414956982131037,1
3106.0,4.62105602060528,0.4761751448808757,0.45009658725048296,1
4218.0,5.123992413466097,0.45092460881934565,0.43385490753911804,1
2354.0,4.866185216652506,0.43840271877655057,0.5637213254035683,1
2028.0,5.157790927021696,0.6124260355029586,0.6148915187376726,1
4233.0,4.925584691708009,0.46657217103708953,0.4819277108433735,1
2885.0,4.796187175043327,0.4135181975736568,0.5008665511265165,1
2169.0,4.788381742738589,0.42969110189027204,0.5325034578146611,1
2072.0,4.985521235521236,0.48166023166023164,0.5096525096525096,1
2796.0,4.774678111587983,0.4674535050071531,0.4456366237482117,1
5302.0,4.958883440211241,0.48227084119200303,0.4884949075820445,1
6406.0,5.523727755229473,0.6503278176709335,0.5165469871995004,1
12738.0,4.592636206625844,0.4616894331920239,0.3360025121683153,1
2258.0,4.629760850310009,0.5345438441098317,0.537643932683791,1
1965.0,4.870737913486005,0.438676844783715,0.40508905852417304,1
2131.0,5.09854528390427,0.3984045049272642,0.48334115438761144,1
2329.0,4.455130957492486,0.46629454701588663,0.48905109489051096,1
2819.0,4.914508691025186,0.5682866264632849,0.5352962043277758,1
2402.0,4.853039134054955,0.45087427144046627,0.511240632805995,1
3610.0,4.701939058171745,0.5113573407202217,0.5088642659279778,1
4223.0,5.13450153919015,0.47596495382429554,0.4534690977977741,1
2169.0,5.1521438450899035,0.5274319963116644,0.5850622406639004,1
3438.0,5.165794066317627,0.4642233856893543,0.5232693426410704,1
5094.0,4.266588142913231,0.44778170396544953,0.4059678052610915,1
2176.0,5.317555147058823,0.44669117647058826,0.5574448529411765,1
3123.0,4.792827409542107,0.5184117835414666,0.5395453089977585,1
5190.0,4.753949903660886,0.5121387283236994,0.44258188824662814,1
3240.0,5.088271604938272,0.4799382716049383,0.4225308641975309,1
2658.0,5.016930022573363,0.45899172310007524,0.5210684725357412,1
6482.0,4.9313483492749155,0.4734649799444616,0.41052144399876583,1
3980.0,5.0530150753768845,0.4798994974874372,0.5188442211055276,1
9615.0,5.09173166926677,0.49495579823192926,0.4737389495579823,1
5355.0,4.811391223155929,0.44948646125116715,0.34789915966386553,1
2235.0,4.889485458612976,0.4156599552572707,0.47651006711409394,1
1987.0,4.801711122294917,0.49622546552591845,0.5284348263714141,1
1991.0,4.713209442491211,0.4645906579608237,0.55700652938222,1
3451.0,5.141698058533758,0.5091277890466531,0.5821501014198783,1
19465.0,4.759362959157462,0.4446442332391472,0.2977138453634729,1
2742.0,4.794310722100657,0.462436177972283,0.5678336980306345,1
6967.0,5.1024831347782404,0.5116980048801493,0.45988230228218746,1
1992.0,5.0953815261044175,0.38755020080321284,0.5446787148594378,1
2952.0,5.154132791327913,0.49220867208672087,0.5199864498644986,1
6669.0,5.190433348328085,0.49602639076323285,0.47893237366921576,1
24317.0,5.387259941604639,0.5956738084467657,0.3692067278035942,1
2458.0,4.386493083807974,0.403580146460537,0.3950366151342555,1
5824.0,5.0413804945054945,0.45879120879120877,0.49828296703296704,1
4523.0,4.36413884589874,0.4457218660181296,0.44130002210921954,1
2100.0,4.808095238095238,0.4880952380952381,0.5619047619047619,1
2958.0,4.998647734956052,0.4854631507775524,0.5327924273157539,1
9182.0,5.106839468525376,0.46830755826617293,0.4309518623393596,1
4887.0,5.023122570083896,0.4949866994065889,0.49662369551872315,1
2054.0,4.941090555014606,0.49221032132424536,0.5788704965920156,1
2282.0,5.306748466257669,0.5503943908851884,0.5604732690622262,1
2273.0,5.369555653321601,0.47514298284205897,0.5301363836339639,1
7569.0,4.864843440348791,0.44061302681992337,0.413528867750033,1
3716.0,4.651506996770721,0.48331539289558667,0.4881593110871905,1
7180.0,5.018802228412256,0.43857938718662953,0.40264623955431755,1
1975.0,4.718987341772152,0.5144303797468355,0.5762025316455697,1
5030.0,5.112127236580517,0.43240556660039764,0.4499005964214712,1
11037.0,4.694663404910755,0.5342031349098487,0.34003805381897256,1
2104.0,5.357414448669202,0.5114068441064639,0.5760456273764258,1
12600.0,5.081666666666667,0.48634920634920636,0.45785714285714285,1
6423.0,4.967460688151954,0.4432508173750584,0.45025688930406355,1
3938.0,4.885982732351447,0.5017775520568817,0.5205688166582021,1
6001.0,4.824195967338777,0.5364105982336277,0.47625395767372103,1
2164.0,4.8969500924214415,0.5055452865064695,0.4329944547134935,1
3128.0,5.170076726342711,0.5092710997442456,0.4475703324808184,1
4483.0,5.560115993754183,0.6346196743252286,0.5514164621904974,1
4064.0,4.2578740157480315,0.5024606299212598,0.42765748031496065,1
2756.0,4.822206095791001,0.49056603773584906,0.5224963715529753,1
5576.0,5.021879483500717,0.4644906743185079,0.44261119081779055,1
1906.0,4.865687303252885,0.4491080797481637,0.5162644281217209,1
2931.0,5.297850562947799,0.5182531559194814,0.5182531559194814,1
2050.0,4.8151219512195125,0.45951219512195124,0.5082926829268293,1
1458.0,4.9931412894375855,0.46296296296296297,0.5816186556927297,1
1968.0,4.452743902439025,0.41260162601626016,0.5279471544715447,1
2659.0,5.0549078600977815,0.4614516735614893,0.5028206092515983,1
3506.0,5.01654306902453,0.47860810039931545,0.5402167712492869,1
3006.0,5.262807717897538,0.5049900199600799,0.4234863606121091,1
2725.0,4.919633027522936,0.47926605504587155,0.553394495412844,1
6148.0,4.895901106050748,0.4284320104098894,0.377195836044242,1
2752.0,4.679505813953488,0.453125,0.45494186046511625,1
2519.0,4.866216752679635,0.5053592695514093,0.5402937673680032,1
6580.0,4.9615501519756835,0.4661094224924012,0.45699088145896655,1
2552.0,4.9043887147335425,0.4561128526645768,0.5101880877742947,1
1805.0,4.988365650969529,0.4182825484764543,0.5506925207756233,1
5239.0,5.05000954380607,0.43023477762931855,0.4579118152319145,1
2093.0,5.1901576684185375,0.5112279025322504,0.570473005255614,1
5183.0,5.242716573413081,0.6322593092803396,0.5070422535211268,1
4923.0,4.771277676213691,0.4403818809668901,0.38167783871622996,1
3637.0,4.666758317294473,0.4492713775089359,0.3769590321693704,1
3918.0,4.964777947932618,0.467330270546197,0.3933129147524247,1
2141.0,4.70014012143858,0.5338626809901915,0.5623540401681457,1
4663.0,5.088569590392451,0.47587390092215315,0.43384087497319324,1
3737.0,5.059138346267059,0.44527696012844525,0.49638747658549637,1
2158.0,4.974050046339203,0.46014828544949027,0.5885078776645042,1
5106.0,5.1337641989815905,0.4531923227575401,0.49157853505679594,1
3425.0,4.598832116788321,0.388029197080292,0.39416058394160586,1
2186.0,5.231015553522416,0.48353156450137236,0.5681610247026533,1
7957.0,5.260650999120272,0.4482845293452306,0.4117129571446525,1
3438.0,4.653577661431065,0.4421175101803374,0.4331006399069226,1
2289.0,4.941896024464832,0.49890782000873746,0.4831804281345566,1
1989.0,4.676219205630971,0.39869281045751637,0.42483660130718953,1
2464.0,5.197240259740259,0.4809253246753247,0.48336038961038963,1
2426.0,4.721764220939819,0.4497114591920857,0.3920032976092333,1
7022.0,5.134007405297636,0.5121048134434634,0.35958416405582455,1
2991.0,4.972250083584085,0.4674022066198596,0.5590103644266132,1
6562.0,5.094178604084121,0.5041145992075586,0.48384638829625115,1
4599.0,5.007827788649706,0.477060230484888,0.46858012611437266,1
4131.0,5.111837327523602,0.4802711207939966,0.46211571048172356,1
3588.0,4.941192865105909,0.5025083612040134,0.5125418060200669,1
7411.0,5.28498178383484,0.4398866549723384,0.3540682768857104,1
4807.0,4.63095485749948,0.4959434158518827,0.46848346161847304,1
9174.0,4.997492914759102,0.4438630913451057,0.3589492042729453,1
2428.0,5.169686985172982,0.48311367380560133,0.4975288303130148,1
5331.0,4.8253610954792725,0.4635152879384731,0.4734571374976552,1
5111.0,4.850909802387008,0.47544511837213854,0.443357464292702,1
2608.0,4.797929447852761,0.42254601226993865,0.3784509202453988,1
2337.0,4.945656824989302,0.5036371416345743,0.5323063756953359,1
3575.0,4.808671328671329,0.5994405594405594,0.5337062937062937,1
6883.0,4.423361906145576,0.537992154583757,0.4622984163882028,1
4507.0,4.898824051475483,0.4819170179720435,0.46106057244286663,1
6413.0,4.586153126461874,0.49134570403867145,0.414938406362077,1
2846.0,4.950808151791989,0.4634574841883345,0.48348559381588196,1
2627.0,4.875142748382185,0.5279786829082603,0.4975256947087933,1
2387.0,4.798910766652702,0.47465437788018433,0.5881860075408463,1
2050.0,5.240975609756098,0.5424390243902439,0.52,1
3532.0,4.929218573046432,0.5002831257078143,0.4889580973952435,1
4943.0,5.169734978757839,0.4618652640097107,0.493829658102367,1
4366.0,4.835547411818598,0.4388456252863033,0.4548786074209803,1
2186.0,4.989021043000915,0.4885635864592864,0.5896614821591949,1
5681.0,4.923252948424573,0.47315613448336563,0.42897377222320016,1
3159.0,5.103513770180437,0.47863247863247865,0.5457423235201013,1
2010.0,4.664676616915423,0.5303482587064676,0.5024875621890548,1
2893.0,4.909782232976149,0.48150708606982373,0.5516764604217076,1
2952.0,4.7022357723577235,0.42140921409214094,0.3692411924119241,1
2822.0,4.788447909284195,0.46739900779588944,0.46279234585400425,1
9612.0,5.067311693716188,0.5056179775280899,0.43768206408655846,1
2815.0,4.838365896980462,0.47673179396092363,0.5374777975133215,1
2743.0,4.746263215457528,0.43638352169157857,0.3886255924170616,1
3551.0,4.81610813855252,0.5097155730780062,0.515066178541256,1
3331.0,4.762233563494446,0.44881416991894324,0.5217652356649655,1
3471.0,5.167098818784212,0.4756554307116105,0.5617977528089888,1
3190.0,5.033542319749216,0.49122257053291535,0.5467084639498433,1
3959.0,4.997726698661278,0.5738822935084618,0.5410457186158121,1
2643.0,4.722285281876656,0.5088914112750662,0.5762391222096103,1
3207.0,5.1032117243529775,0.457748674773932,0.5023386342376053,1
5288.0,5.10249621785174,0.4353252647503782,0.45366868381240544,1
8725.0,4.919770773638969,0.4999426934097421,0.421432664756447,1
5419.0,4.448422218121425,0.44528510795349696,0.41631297287322383,1
8667.0,4.726664359063113,0.511826468212761,0.37648551978770045,1
4069.0,4.8869501105922835,0.49594494961907104,0.5202752519046449,1
3557.0,5.000843407365758,0.4596570143379252,0.47399493955580546,1
2426.0,4.792250618301731,0.4925803792250618,0.5317394888705689,1
15516.0,4.961910286156225,0.47557360144367106,0.41950244908481565,1
2932.0,4.5,0.4795361527967258,0.5358117326057299,1
2349.0,4.496807151979565,0.5087271179225202,0.5061728395061729,1
2877.0,4.78345498783455,0.4344803614876608,0.5168578380257213,1
7901.0,4.711302366789014,0.4895582837615492,0.42412352866725733,1
2753.0,4.734108245550309,0.4678532509989103,0.46531057028695966,1
3469.0,5.350245027385414,0.5151340443931969,0.5373306428365523,1
3001.0,5.365211596134622,0.46217927357547484,0.5308230589803399,1
9107.0,4.714175908641704,0.5045569342264192,0.4383441308883277,1
2691.0,5.076179858788555,0.5247120029728726,0.5306577480490524,1
4448.0,5.0384442446043165,0.5085431654676259,0.5060701438848921,1
4580.0,4.816593886462882,0.49323144104803496,0.4351528384279476,1
1894.0,4.8875395987328405,0.5021119324181627,0.5316789862724393,1
3539.0,4.9858717151737775,0.48544786662899125,0.5224639728736932,1
6022.0,5.0111258718033875,0.522749916971106,0.5026569246097642,1
5100.0,5.166078431372549,0.4619607843137255,0.3607843137254902,1
3435.0,4.641048034934498,0.5039301310043668,0.5359534206695779,1
3084.0,4.840142671854734,0.6086251621271076,0.648508430609598,1
6295.0,5.003494837172359,0.49626687847498013,0.4576648133439237,1
9056.0,5.042513250883392,0.4930432862190813,0.4006183745583039,1
2782.0,4.614665708123652,0.4874191229331416,0.5345075485262402,1
2927.0,4.659719849675436,0.5582507687051589,0.49812094294499487,1
7265.0,4.752512044046799,0.5464556090846524,0.44005505849965587,1
2316.0,5.33678756476684,0.5509499136442142,0.5500863557858376,1
2135.0,5.020140515222482,0.5615925058548009,0.5840749414519907,1
2485.0,4.822535211267605,0.476056338028169,0.4197183098591549,1
2148.0,4.72951582867784,0.4860335195530726,0.5609869646182495,1
8608.0,5.297630111524164,0.5490241635687733,0.4304135687732342,1
5890.0,4.837181663837012,0.4505942275042445,0.366044142614601,1
5118.0,4.778819851504494,0.4990230558812036,0.49648300117233296,1
2059.0,6.010199125789218,0.6755706653715395,0.6537153958232151,1
2554.0,4.716131558339859,0.5176194205168363,0.5951448707909162,1
4367.0,4.673689031371651,0.4481337302495993,0.37256697961987634,1
1990.0,4.921105527638191,0.44170854271356785,0.549748743718593,1
3192.0,4.9718045112781954,0.4783834586466165,0.5256892230576441,1
2038.0,4.9749754661432775,0.5029440628066733,0.5667320902845927,1
3823.0,4.910541459586712,0.44990844886215015,0.4739733193826838,1
4680.0,4.917948717948718,0.5254273504273504,0.4824786324786325,1
2169.0,4.821576763485477,0.43983402489626555,0.512217611802674,1
3834.0,4.930099113197705,0.4194053208137715,0.2467396974439228,1
3377.0,4.940183594906722,0.4663902872371928,0.42789458098904354,1
6971.0,4.987232821689858,0.5261798881078755,0.31401520585281884,1
2002.0,4.956543456543456,0.47502497502497504,0.46553446553446554,1
11137.0,4.8177247014456315,0.4705037263176798,0.2851755409894945,1
2018.0,4.839444995044599,0.4217046580773043,0.3979187314172448,1
2335.0,4.860385438972163,0.4668094218415418,0.38886509635974303,1
12597.0,4.820036516630944,0.5593395252837977,0.3775502103675478,1
2494.0,5.024458700882117,0.5208500400962309,0.5565356856455493,1
2135.0,4.99016393442623,0.4318501170960187,0.5156908665105386,1
2486.0,5.010860820595334,0.47023330651649237,0.4585679806918745,1
2764.0,5.0705499276411,0.4511577424023155,0.5094066570188133,1
2028.0,5.079881656804734,0.4349112426035503,0.46745562130177515,1
2088.0,4.540229885057471,0.34195402298850575,0.4109195402298851,1
2104.0,4.966730038022813,0.44866920152091255,0.4909695817490494,1
3391.0,4.573872014155117,0.46918313181952226,0.4715423179003244,1
5654.0,4.986558188892819,0.45772904138662895,0.3530244074991157,1
7320.0,4.882103825136612,0.48989071038251364,0.4509562841530055,1
4488.0,5.060828877005347,0.4701426024955437,0.4694741532976827,1
6435.0,4.595337995337995,0.5019425019425019,0.40543900543900546,1
2345.0,4.630703624733475,0.44264392324093815,0.529637526652452,1
3819.0,4.417386750458235,0.4540455616653574,0.44016758313694687,1
2598.0,5.15242494226328,0.48344880677444185,0.4880677444187837,1
4723.0,4.516832521702308,0.5087867880584375,0.4619944950243489,1
8198.0,5.311051475969749,0.5128080019516955,0.45791656501585754,1
2164.0,5.050831792975971,0.5157116451016636,0.5512939001848429,1
2052.0,4.868421052631579,0.4712475633528265,0.5004873294346979,1
5922.0,4.886693684566025,0.505741303613644,0.5081053698074974,1
2034.0,5.028023598820059,0.4552605703048181,0.47984267453294,1
2855.0,5.750963222416813,0.5439579684763572,0.4798598949211909,1
4345.0,5.061680092059839,0.4800920598388953,0.4934407364787112,1
2499.0,4.785114045618247,0.5254101640656262,0.6054421768707483,1
10857.0,4.633968868011421,0.49599336833379387,0.3912683061619232,1
3969.0,4.936759889140841,0.4562862181909801,0.47745023935500125,1
2354.0,4.674596431605777,0.38912489379779097,0.47408666100254887,1
2243.0,4.524297815425769,0.5563976816763263,0.44583147570218457,1
2161.0,5.093475242943082,0.5497454881999074,0.5751966682091624,1
2737.0,5.191450493240775,0.4307636097917428,0.49543295579101204,1
2736.0,4.937865497076023,0.47149122807017546,0.5413011695906432,1
3463.0,4.914813745307537,0.5252671094426797,0.4790643950332082,1
10667.0,5.71435267647886,0.6715102653042092,0.4731414643292397,1
2205.0,5.061678004535147,0.5011337868480725,0.527891156462585,1
2131.0,4.743782261848898,0.4997653683716565,0.5100891600187706,1
2640.0,5.113636363636363,0.506439393939394,0.571590909090909,1
1979.0,5.11723092470945,0.47043961596766043,0.5871652349671551,1
6423.0,4.714619336758524,0.5000778452436556,0.5285692044216098,1
2045.0,5.059657701711491,0.48508557457212714,0.6004889975550122,1
3302.0,5.13870381586917,0.483343428225318,0.5145366444579043,1
5500.0,4.929454545454545,0.4572727272727273,0.4576363636363636,1
2964.0,5.059716599190283,0.5661268556005398,0.5172064777327935,1
2612.0,5.157350689127106,0.4827718223583461,0.4444869831546707,1
2959.0,5.0047313281514025,0.46367015883744506,0.48665089557282865,1
4063.0,5.168102387398474,0.48929362539995075,0.4981540733448191,1
2455.0,4.923421588594705,0.5116089613034623,0.564969450101833,1
1941.0,4.975270479134466,0.5388974755280783,0.5677485832045337,1
5785.0,5.248055315471046,0.5669835782195333,0.43318928262748485,1
2565.0,5.076413255360624,0.532943469785575,0.6261208576998051,1
3646.0,5.017553483269336,0.5156335710367526,0.4391113549094898,1
5233.0,5.055035352570227,0.4785018154022549,0.43684311102618,1
1953.0,5.06041986687148,0.4756784434203789,0.5084485407066052,1
2132.0,4.973733583489681,0.5375234521575984,0.5848968105065666,1
1638.0,4.842490842490842,0.47985347985347987,0.57997557997558,1
5831.0,5.171668667466987,0.4928828674326874,0.45532498713771224,1
7100.0,5.002957746478873,0.4898591549295775,0.42183098591549295,1
2245.0,5.128285077951002,0.4752783964365256,0.4806236080178174,1
2989.0,4.987286717965875,0.5178989628638341,0.5731013716962194,1
6769.0,5.259122470084208,0.5613827744127641,0.49593736150096024,1
3283.0,5.342065184282668,0.4471519951264088,0.4489795918367347,1
2799.0,5.11718470882458,0.4819578420864595,0.5623436941764915,1
2367.0,4.239121250528095,0.49978876214617657,0.4761301225179552,1
2763.0,4.794064422728918,0.47050307636626854,0.5674990951863916,1
4295.0,5.213504074505239,0.5569266589057043,0.47729918509895225,1
6944.0,5.153369815668203,0.49380760368663595,0.353110599078341,1
2668.0,4.9846326836581705,0.4542728635682159,0.4643928035982009,1
2159.0,5.18805002315887,0.4789254284390922,0.4543770264011116,1
2650.0,4.884528301886792,0.510943396226415,0.5260377358490566,1
2305.0,4.985249457700651,0.49544468546637743,0.49544468546637743,1
2573.0,5.057520404197435,0.4644383987563156,0.41158181111542946,1
2750.0,5.001818181818182,0.4807272727272727,0.5014545454545455,1
2727.0,4.871653832049872,0.4745141180784745,0.5265859919325265,1
2170.0,4.749769585253456,0.5032258064516129,0.6225806451612903,1
13054.0,5.139650681783362,0.5283438026658496,0.3597364792400797,1
6056.0,4.965323645970938,0.47737780713342143,0.47209379128137385,1
5499.0,4.589925440989271,0.4746317512274959,0.4691762138570649,1
1942.0,4.924819773429454,0.48918640576725025,0.5674562306900103,1
5573.0,4.811950475506908,0.572223219092051,0.47496859860039475,1
2907.0,5.260749914000688,0.5077399380804953,0.5032679738562091,1
2040.0,4.622058823529412,0.4632352941176471,0.4931372549019608,1
10675.0,5.648524590163935,0.6314754098360655,0.42098360655737704,1
3160.0,4.528797468354431,0.41930379746835444,0.40348101265822783,1
7453.0,4.958003488528109,0.49376090165034214,0.37662686166644305,1
2824.0,4.789305949008498,0.5035410764872521,0.5251416430594901,1
3001.0,4.956347884038654,0.4388537154281906,0.4991669443518827,1
5158.0,5.118069018999612,0.45967429236138035,0.4189608375339279,1
2898.0,5.481021394064872,0.582815734989648,0.593167701863354,1
4503.0,4.902731512325117,0.5274261603375527,0.4292693759715745,1
7343.0,5.450769440283263,0.544872667846929,0.37328067547323984,1
2228.0,5.078994614003591,0.5601436265709157,0.466786355475763,1
3364.0,4.700951248513674,0.44351961950059454,0.3552318668252081,1
4818.0,4.700913242009133,0.45579078455790784,0.3640514736405147,1
3183.0,4.730128809299403,0.5240339302544769,0.5519949732956331,1
3407.0,5.162899911945994,0.5421191664220723,0.4769592016436748,1
2674.0,4.9801795063575165,0.5157068062827225,0.581151832460733,1
2958.0,4.857674104124408,0.5047329276538202,0.5693035835023664,1
3219.0,4.559179869524697,0.4482758620689655,0.4930102516309413,1
2945.0,4.180645161290323,0.43735144312393887,0.3976230899830221,1
2218.0,5.0009017132551845,0.49864743011722273,0.5599639314697926,1
2589.0,5.16492854383932,0.47585940517574354,0.5202780996523755,1
5629.0,4.7015455675963755,0.46402558180849174,0.45745247823769764,1
2580.0,5.2015503875969,0.5205426356589147,0.5984496124031008,1
4934.0,4.9292663153627885,0.46696392379408186,0.4404134576408593,1
2230.0,5.139013452914798,0.5708520179372197,0.525560538116592,1
15136.0,5.179505813953488,0.5376585623678647,0.44820295983086683,1
4218.0,5.147463252726411,0.4869606448553817,0.5440967283072546,1
1068.0,6.573970037453184,0.49063670411985016,0.24531835205992508,1
3043.0,4.935261255340125,0.4163654288531055,0.4344396976667762,1
2342.0,5.100768573868488,0.43509820666097354,0.4743808710503843,1
1944.0,4.875514403292181,0.4403292181069959,0.5473251028806584,1
1928.0,4.937759336099585,0.5134854771784232,0.5010373443983402,1
2930.0,5.150511945392491,0.4331058020477816,0.31638225255972696,1
4955.0,5.0094853683148335,0.5196770938446014,0.5289606458123108,1
4642.0,5.020249892287807,0.499138302455838,0.5364067212408444,1
4114.0,5.038648517258143,0.46888672824501704,0.47544968400583376,1
2331.0,5.102531102531103,0.5096525096525096,0.5456885456885456,1
2553.0,4.54484919702311,0.49236192714453586,0.4144144144144144,1
2269.0,4.944909651829,0.45658880564125165,0.5293080652269723,1
4256.0,4.982142857142857,0.49600563909774437,0.4882518796992481,1
3077.0,4.698732531686708,0.47416314592135195,0.5248618784530387,1
6676.0,5.1565308568004795,0.5563211503894547,0.36114439784301977,1
13496.0,4.9947391819798455,0.5122999407231772,0.4292382928275044,1
9238.0,5.173197661831566,0.5049794327776576,0.30461138774626545,1
1869.0,5.741573033707865,0.6104868913857678,0.5799892990904227,1
2455.0,5.075763747454175,0.48187372708757636,0.5384928716904277,1
5481.0,4.70242656449553,0.4575807334428024,0.46122970260901297,1
3114.0,5.030507385998716,0.4694926140012845,0.4624277456647399,1
2254.0,4.8021295474711625,0.5763087843833186,0.5767524401064774,1
8566.0,5.29722157366332,0.5414429138454354,0.48272239084753676,1
2741.0,4.974461875228019,0.4812112367748997,0.46005107624954394,1
2238.0,4.929848078641644,0.47229669347631814,0.5638963360142984,1
1932.0,4.788819875776397,0.48757763975155277,0.5590062111801242,1
5034.0,4.755860150973381,0.4805323798172427,0.4872864521255463,1
6593.0,5.350371606249052,0.5311694221143637,0.4657970574852116,1
4514.0,5.081302614089499,0.5381036774479397,0.4955693398316349,1
7099.0,5.036484011832653,0.5690942386251585,0.46710804338639245,1
5203.0,4.784931770132616,0.47107438016528924,0.3963098212569671,1
2207.0,4.9868599909379245,0.4703217036701405,0.5337562301767105,1
2792.0,4.830587392550143,0.4931948424068768,0.5952722063037249,1
3824.0,4.935669456066946,0.4649581589958159,0.5010460251046025,1
2580.0,4.739922480620155,0.48023255813953486,0.5472868217054263,1
3335.0,5.129535232383808,0.46116941529235383,0.47406296851574214,1
5008.0,4.954872204472843,0.5015974440894568,0.46425718849840253,1
3085.0,4.771474878444084,0.5166936790923825,0.42366288492706644,1
10606.0,4.974165566660381,0.5040543088817651,0.3533848764850085,1
3878.0,4.691335740072202,0.46364105208870554,0.45126353790613716,1
4088.0,4.907045009784736,0.5300880626223092,0.4943737769080235,1
3104.0,4.964561855670103,0.5557345360824743,0.6163015463917526,1
2628.0,5.24923896499239,0.4969558599695586,0.5315829528158296,1
2311.0,5.05538727823453,0.436607529208135,0.3046300302899178,1
3107.0,4.954618603154168,0.4834245252655294,0.5082072738976504,1
2345.0,4.9445628997867805,0.46140724946695094,0.5471215351812366,1
4260.0,4.875821596244132,0.4450704225352113,0.5218309859154929,1
5296.0,4.979796072507553,0.5200151057401813,0.4697885196374622,1
2400.0,5.485416666666667,0.5595833333333333,0.48125,1
7336.0,4.539803707742639,0.4745092693565976,0.39122137404580154,1
24298.0,5.2338875627623676,0.4995472878426208,0.3261585315663841,1
2868.0,4.277545327754533,0.45536959553695955,0.4898884239888424,1
5384.0,5.101968796433878,0.4333209509658247,0.2977340267459138,1
4645.0,5.000861141011841,0.497524219590958,0.48008611410118407,1
10104.0,4.412905779889153,0.4827790973871734,0.4146872525732383,1
2534.0,4.873717442778216,0.4925019731649566,0.5351223362273086,1
1972.0,4.743407707910751,0.473630831643002,0.5917849898580122,1
3148.0,5.09561626429479,0.4717280813214739,0.545425667090216,1
3597.0,4.783986655546289,0.45565749235474007,0.457047539616347,1
2313.0,4.556420233463035,0.5356679636835279,0.5642023346303502,1
3566.0,5.054122265844083,0.482893998878295,0.4974761637689288,1
7829.0,5.005109209349853,0.5334014561246647,0.49265551155958615,1
2461.0,4.912230800487607,0.5046728971962616,0.5457131247460382,1
2414.0,4.753935376967688,0.4652029826014913,0.5484672742336372,1
10458.0,4.915853891757506,0.45075540256263147,0.41231593038821956,1
5493.0,5.110868377935554,0.5062807209175314,0.4039686874203532,1
13997.0,5.003214974637422,0.4789597770950918,0.39808530399371295,1
2159.0,4.615099583140343,0.46271421954608616,0.48448355720240854,1
2722.0,5.165319617927994,0.5841293166789125,0.5231447465099192,1
2887.0,5.211638378940076,0.47904399030135086,0.46172497402147555,1
9648.0,4.919465174129353,0.48953150912106136,0.353544776119403,1
2199.0,3.9540700318326514,0.44565711687130516,0.4465666211914507,1
3089.0,4.592424732923276,0.4577533182259631,0.44771770799611527,1
2747.0,5.101565344011649,0.5078267200582454,0.49071714597742994,1
12062.0,5.091195489968496,0.4842480517327143,0.3967832863538385,1
3045.0,4.897536945812808,0.4824302134646962,0.5119868637110017,1
3040.0,4.7016447368421055,0.5046052631578948,0.5371710526315789,1
3132.0,5.188697318007663,0.4776500638569604,0.5181992337164751,1
6293.0,4.915620530748451,0.46956936278404576,0.457651358652471,1
2899.0,5.184546395308727,0.5325974473956536,0.579510175922732,1
3915.0,5.130268199233717,0.5369093231162196,0.5164750957854406,1
4783.0,4.944595442191093,0.5134852602968848,0.5362743048296048,1
2314.0,5.352636127917027,0.5695764909248056,0.6270527225583405,1
7981.0,5.472747775967924,0.5733617341185315,0.49718080441047485,1
2803.0,4.762040670709953,0.4884052800570817,0.5469140206921156,1
2897.0,4.772868484639282,0.5067311011391095,0.55712806351398,1
2048.0,4.77197265625,0.51513671875,0.6044921875,1
3759.0,4.775206171854217,0.5102420856610801,0.524341580207502,1
5928.0,4.310728744939271,0.47621457489878544,0.3923751686909582,1
3067.0,5.142158461036844,0.4532116074339746,0.46951418324095207,1
5283.0,5.095968199886428,0.5012303615370055,0.370244179443498,1
2005.0,5.275311720698254,0.5456359102244389,0.5650872817955113,1
2127.0,5.030089327691584,0.5505406676069582,0.5684062059238364,1
2051.0,4.282301316431009,0.4641638225255973,0.5197464651389566,1
2645.0,4.817391304347826,0.49640831758034026,0.48695652173913045,1
5004.0,4.72242206235012,0.49940047961630696,0.464828137490008,1
2272.0,4.915492957746479,0.5193661971830986,0.6144366197183099,1
7872.0,4.899136178861789,0.5022865853658537,0.4874237804878049,1
2796.0,4.746423462088698,0.5493562231759657,0.5722460658082976,1
2694.0,4.82256867112101,0.5014847809948033,0.5270972531551597,1
4315.0,4.8551564310544615,0.4855156431054461,0.4869061413673233,1
28013.0,4.57548281155178,0.5028736657980224,0.30803555492092954,1
2154.0,5.150882079851439,0.5478180129990715,0.479108635097493,1
3098.0,4.910587475790833,0.526468689477082,0.5681084570690769,1
2815.0,5.02380106571936,0.5136767317939609,0.6035523978685613,1
1885.0,4.86896551724138,0.49230769230769234,0.4954907161803713,1
2459.0,5.147620984139894,0.5014233428222855,0.5079300528670191,1
9706.0,4.908304141767979,0.4210797444879456,0.3967648876983309,1
2494.0,5.037690457097033,0.4570970328789094,0.49839615076182836,1
5265.0,4.716429249762583,0.4932573599240266,0.39677113010446347,1
7578.0,5.088413829506466,0.5134600158353128,0.43441541303774084,1
2430.0,5.362551440329218,0.5765432098765432,0.5078189300411523,1
5737.0,4.6430189994770785,0.4315844518040788,0.43629074429144155,1
2320.0,4.971120689655172,0.5258620689655172,0.5784482758620689,1
2135.0,4.714285714285714,0.5011709601873536,0.5714285714285714,1
2514.0,4.822195704057279,0.4996022275258552,0.63206046141607,1
5900.0,4.951525423728814,0.5371186440677966,0.45847457627118643,1
4694.0,4.757562846186621,0.5660417554324669,0.4927567106945036,1
2157.0,4.677329624478443,0.5707000463606862,0.4937413073713491,1
2923.0,4.962025316455696,0.4789599726308587,0.4057475196715703,1
2308.0,4.87001733102253,0.5090987868284229,0.5701906412478336,1
14828.0,5.097518208794173,0.49858376045319663,0.36329916374426763,1
3308.0,4.820133010882708,0.46009673518742444,0.5108827085852479,1
3517.0,4.958487347170884,0.47881717372760874,0.5092408302530566,1
2097.0,4.70481640438722,0.5045302813543157,0.5340963280877444,1
12334.0,4.64447867682828,0.4871088049294633,0.3941138316847738,1
7780.0,4.963110539845759,0.493573264781491,0.41838046272493573,1
2400.0,5.349166666666667,0.5579166666666666,0.5025,1
4110.0,4.655717761557177,0.4878345498783455,0.5301703163017032,1
4373.0,4.537845872398811,0.5236679624971415,0.3645094900525955,1
2708.0,4.578655834564254,0.5125553914327917,0.5195716395864106,1
2032.0,5.106791338582677,0.46358267716535434,0.48572834645669294,1
4532.0,4.811782877316858,0.501323918799647,0.48036187113857015,1
1867.0,4.886984467059453,0.4868773433315479,0.6009641135511515,1
2965.0,4.67858347386172,0.5045531197301855,0.5284991568296796,1
1913.0,4.985363303711448,0.487192890747517,0.5588081547307894,1
2588.0,4.685857805255023,0.47372488408037094,0.5622102009273571,1
2059.0,5.0922778047595925,0.523069451189898,0.6080621661000486,1
3113.0,4.973980083520719,0.503372952136203,0.5573401863154513,1
2375.0,4.683368421052632,0.52,0.5271578947368422,1
4091.0,4.6274749450012225,0.43999022243950137,0.39965778538254704,1
3057.0,5.010467778868171,0.511939810271508,0.45371279031730455,1
1969.0,5.096495683087862,0.4728288471305231,0.5485017775520569,1
2328.0,4.779209621993127,0.552405498281787,0.5906357388316151,1
5617.0,4.811821256898701,0.4450774434751647,0.39896742033113763,1
4402.0,4.679691049522944,0.38777828259881875,0.3566560654248069,1
2824.0,5.15828611898017,0.5102691218130312,0.5223087818696884,1
4757.0,4.89741433676687,0.48665125078831195,0.39562749632121086,1
3353.0,5.199821055770951,0.48643006263048016,0.5275872353116612,1
4398.0,5.154160982264666,0.5243292405638926,0.5140973169622556,1
5728.0,4.732018156424581,0.4778282122905028,0.45425977653631283,1
3375.0,5.0242962962962965,0.47525925925925927,0.49837037037037035,1
1969.0,5.377348908075165,0.5347892331132554,0.5413915693245303,1
2090.0,4.626315789473685,0.5181818181818182,0.6023923444976077,1
2391.0,5.55918025930573,0.506482643245504,0.46675031367628605,1
1997.0,4.754131196795193,0.5478217325988983,0.5307961942914372,1
12255.0,5.259812321501428,0.5317829457364341,0.3994288045695634,1
2731.0,4.6759428780666425,0.47821310875137313,0.5067740754302453,1
2280.0,5.078947368421052,0.46271929824561403,0.5574561403508772,1
3625.0,4.684689655172414,0.4957241379310345,0.43144827586206896,1
2392.0,5.147157190635451,0.49205685618729095,0.5798494983277592,1
5897.0,4.581821265050025,0.546040359504833,0.4760047481770392,1
5574.0,4.891819160387514,0.450843200574094,0.4449228561176893,1
3288.0,4.774330900243309,0.49635036496350365,0.5529197080291971,1
3295.0,4.98361153262519,0.5059180576631259,0.5399089529590289,1
7960.0,5.064949748743719,0.517964824120603,0.45879396984924625,1
7220.0,4.382132963988919,0.4842105263157895,0.4162049861495845,1
2674.0,4.841062079281975,0.6712789827973074,0.6836200448765893,1
2694.0,4.952115812917595,0.5334075723830735,0.5289532293986637,1
2562.0,4.733801717408275,0.48009367681498827,0.5199063231850117,1
2599.0,5.015005771450558,0.5175067333589842,0.6202385532897268,1
10797.0,5.041400388996943,0.46911179031212374,0.37575252384921737,1
4352.0,4.723115808823529,0.5144761029411765,0.5215992647058824,1
4323.0,4.49294471431876,0.4823039555863983,0.4346518621327782,1
4158.0,5.4062049062049065,0.5663780663780664,0.46945646945646946,1
4044.0,5.367705242334322,0.5660237388724035,0.45647873392680516,1
5634.0,5.2577209797657085,0.5527156549520766,0.42598509052183176,1
3270.0,5.004892966360856,0.4584097859327217,0.4941896024464832,1
2007.0,4.725959142999502,0.5550572994519183,0.5959142999501744,1
8648.0,5.212072155411656,0.5061285846438482,0.388413506012951,1
2304.0,4.814670138888889,0.5217013888888888,0.5789930555555556,1
6143.0,4.8964675240110695,0.5256389386293342,0.4079440013022953,1
3789.0,4.773291105832674,0.45975191343362365,0.42491422538928475,1
2651.0,4.523198792908336,0.4092795171633346,0.3700490380988306,1
10351.0,4.917109458023379,0.4900009660902328,0.4251763114674911,1
3830.0,4.657441253263707,0.49973890339425586,0.4840731070496084,1
1699.0,4.7098293113596235,0.37728075338434375,0.3507945850500294,1
21292.0,4.848346796919031,0.5507232763479241,0.3515404846890851,1
3690.0,4.751490514905149,0.5279132791327913,0.4777777777777778,1
3288.0,4.4914841849148415,0.37135036496350365,0.3500608272506083,1
6151.0,5.409526906194115,0.5849455373110063,0.5147130547878394,1
3468.0,4.263840830449827,0.5308535178777394,0.3829296424452134,1
8431.0,5.001779148380975,0.49140078282528765,0.400308385719369,1
3915.0,4.973180076628353,0.4401021711366539,0.5203065134099617,1
2406.0,4.7443890274314215,0.49667497921862014,0.5885286783042394,1
4201.0,5.0806950726017615,0.5020233277791002,0.5089264460842656,1
8140.0,5.184029484029484,0.5071253071253071,0.41572481572481573,1
4680.0,5.119017094017094,0.5510683760683761,0.44487179487179485,1
4810.0,5.3652806652806655,0.5611226611226611,0.4467775467775468,1
2580.0,5.198062015503876,0.5042635658914729,0.4937984496124031,1
2481.0,5.011285771866183,0.5078597339782346,0.4840790004030633,1
3699.0,4.643957826439578,0.3960529872938632,0.28142741281427414,1
7267.0,4.747213430576579,0.5164441998073482,0.5167194165405257,1
7325.0,5.250648464163823,0.5425255972696246,0.4158361774744027,1
1983.0,4.691880988401412,0.5042864346949067,0.610690872415532,1
11610.0,5.203445305770887,0.6085271317829457,0.46184323858742465,1
2548.0,4.929356357927786,0.4870486656200942,0.521585557299843,1
6290.0,4.391096979332273,0.516852146263911,0.4543720190779014,1
6441.0,4.824095637323397,0.5065983542928116,0.3904673187393262,1
3704.0,4.870140388768898,0.5010799136069114,0.505939524838013,1
2739.0,4.960204454180357,0.45271997079225995,0.4877692588535962,1
3469.0,4.857595848947824,0.45488613433266073,0.47910060536177573,1
2735.0,4.762705667276051,0.4482632541133455,0.33747714808043877,1
5285.0,4.870198675496689,0.46830652790917693,0.46622516556291393,1
3993.0,4.819934886050588,0.4933633859253694,0.5063861758076634,1
3058.0,4.71353826030085,0.49803793328973184,0.5477436232831916,1
2441.0,4.8643998361327325,0.4555510036870135,0.533797623924621,1
2180.0,4.5142201834862385,0.45458715596330274,0.48944954128440366,1
4130.0,4.638256658595641,0.5418886198547216,0.5639225181598063,1
2599.0,4.98383993843786,0.5240477106579453,0.5632935744517122,1
2085.0,4.835011990407674,0.5199040767386092,0.49592326139088727,1
3168.0,5.111742424242424,0.5006313131313131,0.4715909090909091,1
2710.0,4.935793357933579,0.48487084870848707,0.537269372693727,1
5759.0,4.811251953464143,0.49904497308560514,0.4288939051918736,1
5759.0,4.673728077791283,0.47213057822538634,0.38704636221566247,1
4251.0,5.1639614208421545,0.5095271700776288,0.44389555398729713,1
2000.0,4.6635,0.488,0.4925,1
1825.0,4.7715068493150685,0.43945205479452054,0.44931506849315067,1
2655.0,4.91939736346516,0.4331450094161959,0.503954802259887,1
2941.0,5.531791907514451,0.47942876572594356,0.5419925195511731,1
2604.0,4.7976190476190474,0.5253456221198156,0.488863287250384,1
2085.0,4.721822541966427,0.43501199040767385,0.46378896882494003,1
4629.0,4.774897386044502,0.4901706632101966,0.4532296392309354,1
2309.0,4.626678215677782,0.447812906019922,0.40666955391944565,1
2283.0,4.744196233026719,0.5378887428821726,0.4568550153307052,1
2156.0,4.738404452690167,0.48515769944341375,0.5306122448979592,1
4988.0,4.994587008821171,0.4420609462710505,0.44526864474739375,1
2090.0,4.5933014354066986,0.4320574162679426,0.438755980861244,1
2416.0,5.062913907284768,0.4991721854304636,0.5190397350993378,1
21401.0,4.772160179430868,0.48983692350824726,0.34082519508434184,1
2624.0,4.815548780487805,0.5030487804878049,0.5525914634146342,1
3473.0,4.991937805931471,0.5139648718687014,0.549380938669738,1
2235.0,4.867561521252797,0.5387024608501119,0.5409395973154363,1
6090.0,5.023316912972086,0.4660098522167488,0.4064039408866995,1
1940.0,4.738144329896907,0.4948453608247423,0.534020618556701,1
2092.0,5.025334608030593,0.46749521988527726,0.5439770554493308,1
9989.0,5.006907598358194,0.45950545600160175,0.3329662628891781,1
3962.0,5.118626956082786,0.4906612821807168,0.4752650176678445,1
2547.0,4.594424813506086,0.4397330192383196,0.4004711425206125,1
2647.0,5.351718927087268,0.5009444654325652,0.5213449187759728,1
6900.0,5.02072463768116,0.4589855072463768,0.4547826086956522,1
3610.0,4.677008310249308,0.5426592797783933,0.5260387811634349,1
19415.0,4.64738604172032,0.4726242595930981,0.19392222508369816,1
1158.0,5.524179620034542,0.47063903281519864,0.5103626943005182,1
3508.0,4.943842645381984,0.5022805017103763,0.5527366020524516,1
5284.0,4.6707040121120365,0.487887963663891,0.4523088569265708,1
2181.0,4.994039431453461,0.4438331040806969,0.4832645575424117,1
4336.0,5.540129151291513,0.5359778597785978,0.5064575645756457,1
2517.0,4.815653555820421,0.49304727850615815,0.5601907032181168,1
2059.0,5.132588635259835,0.4968431277319087,0.5934919864011656,1
2445.0,4.60040899795501,0.4752556237218814,0.4899795501022495,1
2262.0,4.887267904509284,0.4885057471264368,0.5291777188328912,1
2335.0,4.83169164882227,0.4830835117773019,0.5203426124197003,1
3499.0,4.910545870248643,0.533009431266076,0.5150042869391255,1
2907.0,4.550051599587204,0.4840041279669763,0.49226006191950467,1
2474.0,5.38197251414713,0.4931285367825384,0.549717057396928,1
8534.0,4.7859151628779,0.47937661120224984,0.4401218654792594,1
2290.0,4.748908296943231,0.48034934497816595,0.4589519650655022,1
2395.0,4.745302713987474,0.5215031315240084,0.5269311064718163,1
2421.0,5.035109458901281,0.5080545229244114,0.560512185047501,1
13465.0,5.017749721500186,0.5470479019680654,0.45228369847753436,1
3678.0,4.387710712343665,0.45649809679173464,0.3809135399673736,1
3465.0,5.092929292929293,0.5125541125541125,0.509090909090909,1
2531.0,5.146582378506519,0.5333860134334255,0.5373370209403397,1
3192.0,5.390977443609023,0.5263157894736842,0.5112781954887218,1
3102.0,4.76241134751773,0.5519019987105094,0.5502901353965184,1
4072.0,4.836935166994106,0.4931237721021611,0.449901768172888,1
2899.0,4.763711624698172,0.47430148327009314,0.5422559503276992,1
2388.0,4.791038525963149,0.5020938023450586,0.5787269681742043,1
2528.0,5.1198575949367084,0.45688291139240506,0.598496835443038,1
3302.0,4.638400969109631,0.4294367050272562,0.47122955784373105,1
2421.0,4.961999173895085,0.486575795125981,0.4944237918215613,1
3411.0,5.016710642040457,0.5074758135444152,0.5177367340955732,1
2354.0,4.8113848768054375,0.4995751911639762,0.5573491928632116,1
3630.0,4.7104683195592285,0.5060606060606061,0.4977961432506887,1
5944.0,5.029441453566622,0.4952893674293405,0.44515477792732167,1
2451.0,4.659730722154222,0.5010199918400653,0.532843737250102,1
2624.0,4.910823170731708,0.5152439024390244,0.520579268292683,1
6042.0,5.340615690168819,0.5642171466401854,0.4602780536246276,1
2101.0,4.841504045692528,0.4645406949071871,0.5592574964302713,1
2120.0,5.446698113207547,0.5103773584905661,0.5740566037735849,1
2090.0,4.794736842105263,0.4722488038277512,0.5665071770334928,1
6187.0,5.017294326814288,0.480685307903669,0.44286406982382415,1
6559.0,4.572190882756518,0.47034608934288763,0.4380240890379631,1
2183.0,4.6619331195602385,0.4709115895556574,0.5529088410444343,1
2685.0,5.230540037243948,0.5478584729981378,0.5743016759776536,1
5394.0,5.139970337411939,0.4881349647756767,0.47552836484983313,1
3178.0,5.011327879169289,0.47168030207677786,0.4653870358716174,1
1949.0,4.52796305797845,0.45561826577732173,0.5525910723447922,1
5560.0,5.026258992805755,0.5323741007194245,0.4893884892086331,1
4310.0,4.74245939675174,0.471461716937355,0.4092807424593968,1
2543.0,4.682265041289815,0.38301219032638617,0.3661030279197798,1
8667.0,5.133264105226722,0.5212876427829699,0.34117918541594555,1
2386.0,4.881810561609388,0.490360435875943,0.5762782900251467,1
5461.0,5.076908991027285,0.46365134590734297,0.48690715986083133,1
2177.0,4.636655948553055,0.4180064308681672,0.3954983922829582,1
3453.0,5.240949898638865,0.49898638864755285,0.47176368375325806,1
4884.0,4.745700245700245,0.5042997542997543,0.5182227682227682,1
2624.0,4.894435975609756,0.526295731707317,0.5190548780487805,1
3765.0,5.112881806108898,0.4592297476759628,0.5123505976095617,1
5820.0,4.958419243986254,0.4733676975945017,0.4558419243986254,1
4437.0,5.079332882578319,0.5569078205995042,0.4530087897227857,1
2090.0,4.75311004784689,0.4483253588516746,0.43923444976076553,1
8839.0,5.077044914583098,0.47754270845118224,0.4372666591243353,1
3025.0,5.014876033057852,0.41851239669421486,0.4786776859504132,1
7787.0,5.015795556697059,0.4656478746628997,0.42596635418004364,1
2072.0,5.263513513513513,0.5579150579150579,0.5347490347490348,1
4650.0,4.841720430107527,0.47978494623655915,0.4995698924731183,1
2602.0,4.518447348193697,0.5476556495003844,0.5238278247501922,1
4535.0,5.063947078280044,0.4681367144432194,0.4736493936052922,1
2272.0,4.585387323943662,0.44938380281690143,0.49295774647887325,1
1766.0,4.5968289920724805,0.46772366930917325,0.5039637599093998,1
2193.0,4.969904240766074,0.5084359325125399,0.5686274509803921,1
9586.0,5.206029626538703,0.5417275192989777,0.40079282286668055,1
2292.0,4.782286212914485,0.5130890052356021,0.4860383944153578,1
2935.0,4.859284497444634,0.4879045996592845,0.43066439522998295,1
4619.0,5.052825286858627,0.5208919679584325,0.4275817276466768,1
5611.0,5.018535020495455,0.4950989128497594,0.40830511495277133,1
4642.0,5.05579491598449,0.49138302455838,0.5200344679017664,1
2028.0,4.8890532544378695,0.46449704142011833,0.5586785009861933,1
2302.0,4.487402258905299,0.41876629018245004,0.46090356211989575,1
3148.0,4.951715374841169,0.48030495552731894,0.5381194409148666,1
2112.0,4.845170454545454,0.4393939393939394,0.45359848484848486,1
5105.0,4.990401567091087,0.47463271302644466,0.4828599412340842,1
2527.0,4.880886426592798,0.5263157894736842,0.5409576573011476,1
2301.0,4.767926988265971,0.5480225988700564,0.5849630595393307,1
2188.0,5.127970749542961,0.47623400365630714,0.5013711151736746,1
7292.0,4.729840921557872,0.5279758639605047,0.4304717498628634,1
2666.0,5.35933983495874,0.4924981245311328,0.5356339084771192,1
2465.0,5.082758620689655,0.450709939148073,0.5651115618661258,1
10382.0,5.060296667308804,0.49961471778077443,0.4114814101329224,1
2544.0,4.735849056603773,0.43238993710691825,0.41037735849056606,1
1899.0,4.394944707740916,0.4528699315429173,0.4191679831490258,1
2158.0,4.640407784986098,0.4986098239110287,0.603336422613531,1
4926.0,4.2791311408851,0.49675192854242795,0.464880227365002,1
6246.0,5.01184758245277,0.4319564521293628,0.3940121677873839,1
4809.0,4.895612393428987,0.5398211686421294,0.5098773133707631,1
13889.0,4.715890272877817,0.508171934624523,0.35790913672690616,1
2048.0,4.94921875,0.47607421875,0.4482421875,1
2234.0,4.7748433303491495,0.5049239033124441,0.5707251566696508,1
7987.0,5.147364467259297,0.5888318517591086,0.4948040565919619,1
2408.0,4.894933554817276,0.5008305647840532,0.4867109634551495,1
2287.0,5.4232619151727155,0.5413205072146917,0.5601224311324879,1
4411.0,4.611652686465654,0.5434141917932441,0.394241668555883,1
3512.0,4.944191343963554,0.45301822323462415,0.48177676537585423,1
4076.0,5.025760549558391,0.5046614327772326,0.5061334641805691,1
6054.0,4.899240171787248,0.4603567888999009,0.34225305583085563,1
7042.0,4.927151377449588,0.46421471172962225,0.3230616302186879,1
3014.0,4.9455872594558725,0.4834107498341075,0.4940278699402787,1
5355.0,4.782633053221288,0.43678804855275444,0.33800186741363214,1
3018.0,4.68986083499006,0.47912524850894633,0.5248508946322068,1
7788.0,4.602850539291217,0.4743194658448896,0.357216230097586,1
7094.0,4.7843247815054974,0.5415844375528616,0.4493938539610939,1
5916.0,4.841108857336038,0.4596010818120352,0.47903989181879647,1
2948.0,4.831750339213026,0.5030529172320217,0.4972862957937585,1
2796.0,4.8873390557939915,0.5007153075822603,0.5400572246065808,1
2387.0,4.825722664432342,0.5643066610808546,0.559698366149979,1
10007.0,4.809733186769262,0.5244328969721195,0.4274008194264015,1
3644.0,4.95225027442371,0.48902305159165754,0.5359495060373216,1
3856.0,5.242738589211618,0.5850622406639004,0.4315352697095436,1
2027.0,4.75826344351258,0.4602861371484953,0.5426739023186976,1
2488.0,4.812299035369775,0.5176848874598071,0.5209003215434084,1
6888.0,4.950929152148665,0.5756387921022067,0.30168408826945414,1
2248.0,5.032028469750889,0.5137900355871886,0.5796263345195729,1
2526.0,4.706650831353919,0.5083135391923991,0.46239113222486145,1
9383.0,5.056698284130875,0.45720984759671746,0.3936907172546094,1
5942.0,5.1144395826321105,0.4643217771794009,0.4089532144059239,1
2264.0,4.725265017667844,0.5375441696113075,0.5821554770318021,1
10601.0,4.98424676917272,0.5279690595226866,0.48212432789359494,1
3528.0,4.726757369614512,0.5062358276643991,0.5320294784580499,1
2088.0,5.198275862068965,0.5186781609195402,0.5828544061302682,1
2015.0,4.542431761786601,0.458560794044665,0.5558312655086849,1
3937.0,4.923545847091694,0.4881889763779528,0.5102870205740412,1
2722.0,4.800881704628949,0.48457016899338723,0.5378398236590742,1
2633.0,4.870869730345613,0.4739840486137486,0.45727307254082794,1
9556.0,4.672875680200921,0.49466303892842195,0.38509836751778986,1
9498.0,5.05864392503685,0.4917877447883765,0.4029269319856812,1
3732.0,4.833869239013934,0.4587352625937835,0.3628081457663451,1
3084.0,4.815175097276264,0.5269130998702983,0.5489623865110247,1
4400.0,4.842727272727273,0.4484090909090909,0.44477272727272726,1
5631.0,5.364944059669686,0.4791333688510034,0.43029657254484105,1
1601.0,4.783885071830106,0.5171767645221736,0.5790131168019987,1
2649.0,4.620234050585126,0.4360135900339751,0.5183087957719894,1
2231.0,4.8749439713133125,0.46302106678619454,0.4311967727476468,1
2271.0,4.999559665345663,0.5024218405988551,0.5645090268604139,1
5534.0,4.95030719190459,0.48608601373328514,0.47235272858691724,1
3842.0,4.979958355023426,0.4502863092139511,0.5169182717334722,1
2756.0,5.044267053701016,0.46589259796806964,0.4843976777939042,1
2513.0,4.514524472741743,0.49383207321925987,0.48706725029844805,1
5372.0,4.913812360387193,0.5515636634400596,0.409717051377513,1
8924.0,5.003922008068131,0.5013446884805021,0.45215150156880324,1
6329.0,4.968715436877864,0.49423289619213145,0.4616843103175857,1
2090.0,4.813875598086124,0.48708133971291867,0.5669856459330144,1
3299.0,5.33676871779327,0.5004546832373447,0.5613822370415278,1
6808.0,4.6521739130434785,0.4195064629847238,0.37059341950646296,1
4248.0,4.6403013182674195,0.4133709981167608,0.3547551789077213,1
2857.0,4.92089604480224,0.5232761638081904,0.5446272313615681,1
5959.0,4.790904514180232,0.4255747608659171,0.34116462493707,1
3415.0,4.98389458272328,0.4978038067349927,0.4954612005856515,1
6994.0,5.24392336288247,0.46096654275092935,0.3776093794681155,1
2456.0,4.753257328990228,0.5142508143322475,0.46701954397394135,1
15514.0,4.838210648446564,0.48143612221219545,0.3646383911305917,1
2904.0,4.65668044077135,0.484504132231405,0.4758953168044077,1
3473.0,4.744313273826663,0.4483155773106824,0.3751799596890297,1
2143.0,5.160055996266916,0.5370975268315445,0.5618292113859076,1
7476.0,4.634697699304441,0.4685660781166399,0.46348314606741575,1
2062.0,4.914161008729389,0.5373423860329777,0.6028128031037827,1
3309.0,4.320640676941674,0.433665760048353,0.46600181323662737,1
2299.0,5.184428012179208,0.47368421052631576,0.5293605915615485,1
2667.0,4.98350206224222,0.4859392575928009,0.4469441319835021,1
6463.0,4.881633916138016,0.49682809840631287,0.4406622311619991,1
10195.0,4.773124080431584,0.5343795978420794,0.3838155958803335,1
2783.0,5.0050305425799495,0.4642472152353575,0.5109593963348904,1
2214.0,5.374887082204156,0.47560975609756095,0.5781391147244805,1
3043.0,5.1781137035819915,0.47584620440354913,0.43739730529083143,1
4166.0,5.3132501200192035,0.485357657225156,0.44623139702352377,1
2428.0,4.3467874794069195,0.5588962108731467,0.492998352553542,1
6952.0,5.15952243958573,0.5565304948216341,0.4907940161104718,1
3788.0,4.824181626187962,0.5374868004223865,0.5728616684266103,1
4922.0,4.833807395367737,0.4731816334823243,0.36651767574156846,1
2348.0,5.441226575809199,0.5596252129471891,0.5366269165247018,1
3802.0,5.0131509731720145,0.48842714360862705,0.4610731194108364,1
1965.0,4.853435114503816,0.4854961832061069,0.5491094147582697,1
2410.0,4.700414937759336,0.4095435684647303,0.46390041493775935,1
2985.0,4.801675041876047,0.4884422110552764,0.5072026800670016,1
7299.0,5.201397451705713,0.5196602274284149,0.4641731744074531,1
3653.0,4.801806734191076,0.48672324117163973,0.45387352860662467,1
12016.0,4.3310585885486015,0.5002496671105193,0.4168608521970706,1
2199.0,5.005911778080946,0.5516143701682583,0.5475216007276035,1
16969.0,4.738228534386233,0.45400436089339385,0.24786375154693854,1
1984.0,4.974798387096774,0.5,0.5277217741935484,1
6678.0,4.981731057202755,0.5070380353399221,0.4555256064690027,1
2226.0,5.090296495956873,0.48517520215633425,0.5601976639712489,1
2095.0,5.031503579952267,0.4797136038186158,0.5002386634844869,1
3130.0,4.9185303514377,0.4779552715654952,0.5134185303514377,1
8500.0,4.679176470588235,0.5071764705882353,0.4872941176470588,1
2253.0,4.706613404349756,0.4771415889924545,0.4917887261429206,1
2264.0,4.885600706713781,0.49425795053003535,0.5362190812720848,1
5743.0,4.892913111614139,0.44750130593766324,0.46578443322305413,1
9173.0,5.084705112831135,0.5234928594789054,0.440204949307751,1
2209.0,5.254413761883205,0.5454956994114984,0.39565414214576733,1
2893.0,5.122364327687522,0.47839612858624264,0.48565502938126515,1
2069.0,4.907684871918802,0.5210246495891735,0.5906234896085065,1
2990.0,5.27123745819398,0.46387959866220735,0.4916387959866221,1
6871.0,5.215689128220055,0.4859554649978169,0.43035948188036677,1
7832.0,4.881128702757916,0.4279877425944842,0.4318181818181818,1
2006.0,4.89481555333998,0.503988035892323,0.555333998005982,1
5460.0,5.363736263736263,0.4838827838827839,0.39487179487179486,1
5191.0,4.642072818339433,0.4844923906761703,0.41860913118859566,1
2046.0,4.627077223851417,0.4398826979472141,0.4706744868035191,1
4719.0,5.159355795719432,0.4818817546090273,0.49565585929222294,1
5853.0,4.438065949085939,0.4618144541260892,0.41072954040662907,1
2895.0,5.0176165803108805,0.47772020725388603,0.5063903281519861,1
3694.0,5.058743909041689,0.513264753654575,0.4840281537628587,1
3086.0,5.135774465327285,0.5742060920285159,0.4782890473104342,1
2011.0,4.684733963202387,0.5032322227747389,0.5698657384385878,1
2710.0,5.297047970479705,0.5922509225092251,0.5140221402214022,1
2670.0,4.715355805243446,0.5247191011235955,0.48801498127340825,1
2054.0,5.010710808179162,0.5038948393378773,0.5272638753651412,1
6529.0,4.796752948384133,0.5134017460560576,0.4928779292387808,1
2370.0,4.958227848101266,0.45611814345991564,0.519409282700422,1
2796.0,5.024678111587983,0.49821173104434907,0.4617310443490701,1
2185.0,4.997711670480549,0.4425629290617849,0.531350114416476,1
2570.0,4.944357976653697,0.4642023346303502,0.49494163424124515,1
2513.0,4.871070433744529,0.5057699960206924,0.4572224432948667,1
2257.0,4.881701373504653,0.5015507310589278,0.5387682764731945,1
3313.0,4.716269242378509,0.5179595532749773,0.4560821008149713,1
4017.0,5.02588996763754,0.49937764500871296,0.4550659696290764,1
11606.0,5.031104601068413,0.46527658107875236,0.3861795622953645,1
2892.0,4.2621023513139695,0.44398340248962653,0.47614107883817425,1
5074.0,4.690579424517146,0.4022467481277099,0.48955459203783996,1
1988.0,4.903420523138833,0.5030181086519114,0.5648893360160966,1
2264.0,5.165636042402827,0.4991166077738516,0.5220848056537103,1
3133.0,4.925949569103096,0.5023938716884775,0.4835620810724545,1
6766.0,4.957138634348212,0.5725687259828555,0.47561336092225837,1
2688.0,5.139508928571429,0.49888392857142855,0.5435267857142857,1
4625.0,5.031567567567568,0.5167567567567568,0.5037837837837837,1
5694.0,4.7534246575342465,0.4453811029153495,0.47119775201966985,1
3221.0,4.833902514746973,0.4594846321018317,0.500465693883887,1
3568.0,4.899663677130045,0.5100896860986547,0.4725336322869955,1
3484.0,4.507462686567164,0.5005740528128588,0.49167623421354767,1
1977.0,5.08295397066262,0.5842185128983308,0.5477996965098634,1
10569.0,4.899328224051471,0.47166240893178163,0.36304286119784274,1
8210.0,5.094640682095006,0.4483556638246041,0.4612667478684531,1
2348.0,4.669505962521295,0.43909710391822826,0.5264054514480409,1
2601.0,4.708573625528643,0.5209534794309881,0.5520953479430988,1
2163.0,5.0,0.5201109570041609,0.5432269995376792,1
2228.0,5.0350089766606825,0.45960502692998206,0.5017953321364452,1
2739.0,4.8207374954362905,0.47572106608251186,0.5352318364366557,1
2298.0,5.1536118363794605,0.4621409921671018,0.5335073977371627,1
1993.0,5.222779729051681,0.5715002508780732,0.618665328650276,1
6220.0,5.120900321543409,0.48971061093247586,0.4517684887459807,1
2287.0,4.855706165282029,0.5041539134236992,0.5308264101442939,1
1719.0,5.2635253054101225,0.506108202443281,0.5049447353112274,1
3704.0,4.931695464362851,0.5307775377969762,0.49379049676025916,1
3942.0,4.922628107559614,0.4550989345509893,0.44419076610857433,1
3124.0,4.808578745198464,0.4942381562099872,0.4823943661971831,1
5579.0,4.568739917547948,0.48521240365656926,0.4649578777558702,1
1902.0,4.864879074658255,0.5047318611987381,0.34174553101997895,1
2191.0,4.959835691465084,0.47740757644910997,0.5467822911912369,1
4438.0,4.690851735015773,0.487607030193781,0.4632717440288418,1
5668.0,5.016231474947071,0.5137614678899083,0.45853916725476357,1
2003.0,5.0084872690963556,0.44133799301048426,0.5057413879181228,1
8707.0,5.018146319053635,0.5768921557367636,0.5292293556908235,1
4299.0,4.744591765526867,0.5180274482437777,0.48592695975808325,1
4640.0,5.380387931034483,0.5118534482758621,0.42887931034482757,1
8752.0,4.759940585009141,0.5337065813528337,0.447554844606947,1
5355.0,4.883286647992531,0.4534080298786181,0.4233426704014939,1
1649.0,5.6385688295936935,0.5172832019405701,0.47786537295330506,1
3079.0,4.777849951282884,0.49788892497564147,0.5443325755115297,1
2139.0,4.8218793828892,0.39691444600280507,0.49322113136979895,1
7640.0,4.770942408376963,0.47408376963350785,0.36832460732984296,1
2021.0,4.665017318159327,0.4839188520534389,0.5051954477981198,1
2105.0,5.078384798099762,0.47078384798099765,0.6280285035629454,1
13502.0,4.7361872315212565,0.5609539327507036,0.4800770256258332,1
6049.0,4.720614977682262,0.4741279550338899,0.41263018680773683,1
8998.0,4.884641031340298,0.5051122471660369,0.40375639030895755,1
2892.0,4.934993084370678,0.48616874135546334,0.5204011065006916,1
2070.0,4.831884057971014,0.4777777777777778,0.5468599033816425,1
1954.0,4.812691914022518,0.5061412487205732,0.5603889457523029,1
6428.0,4.694306160547605,0.5443372744243933,0.43014934660858745,1
3435.0,5.065793304221252,0.46142649199417757,0.5321688500727803,1
3210.0,5.117133956386293,0.4996884735202492,0.5152647975077882,1
2639.0,4.668056081849185,0.504357711254263,0.6002273588480485,1
10115.0,4.540879881364311,0.4962926347009392,0.33682649530400394,1
3823.0,4.596651844101491,0.4614177347632749,0.32592205074548786,1
8870.0,4.949379932356257,0.48680947012401354,0.4615558060879369,1
3048.0,4.842847769028872,0.4314304461942257,0.5065616797900262,1
8360.0,5.115071770334929,0.5136363636363637,0.25921052631578945,1
1516.0,4.922163588390501,0.5738786279683378,0.6616094986807388,1
6370.0,5.087912087912088,0.48367346938775513,0.432967032967033,1
2514.0,4.722752585521082,0.522673031026253,0.5171042163882259,1
2348.0,4.984667802385008,0.5434412265758092,0.5719761499148212,1
4011.0,4.982049364248317,0.5031164298180005,0.45774121166791326,1
2895.0,4.631778929188256,0.510880829015544,0.5530224525043178,1
3778.0,4.64134462678666,0.5095288512440445,0.5526733721545791,1
6331.0,4.939661980729743,0.4609066498183541,0.46343389669878376,1
3640.0,4.776373626373626,0.542032967032967,0.45384615384615384,1
4516.0,4.972099202834367,0.47475642161204606,0.4738706820194863,1
2257.0,4.7080194949047405,0.5330084182543199,0.5702259636685866,1
3602.0,4.936146585230428,0.46668517490283173,0.49111604664075514,1
2759.0,4.8666183399782525,0.4882203696991664,0.4820587169264226,1
2632.0,4.99468085106383,0.5452127659574468,0.5695288753799392,1
5096.0,5.082613814756672,0.5188383045525903,0.43975667189952905,1
4682.0,5.1926527125160185,0.5610850064075181,0.4470311832550192,1
4300.0,4.786744186046511,0.5411627906976744,0.5088372093023256,1
2471.0,4.775394577094294,0.5641440712262242,0.5366248482395791,1
4284.0,4.506302521008403,0.48786181139122314,0.42063492063492064,1
2599.0,5.025779145825317,0.5078876490958061,0.5140438630242401,1
2173.0,5.001380579843534,0.5131155085135757,0.5347445927289461,1
6179.0,4.781841721961483,0.5287263311215407,0.4249878621136106,1
3270.0,4.952905198776758,0.4944954128440367,0.5418960244648318,1
2696.0,5.4955489614243325,0.4944362017804154,0.543026706231454,1
7632.0,5.180686582809225,0.5107442348008385,0.430293501048218,1
5055.0,4.652621167161226,0.47695351137487635,0.4933728981206726,1
5279.0,5.204394771737071,0.5658268611479447,0.43587800719833303,1
1950.0,4.827692307692308,0.5015384615384615,0.522051282051282,1
3634.0,4.734452394056136,0.5129334067143644,0.5242157402311503,1
4824.0,4.660033167495854,0.42703150912106136,0.22491708126036483,1
2133.0,4.628223159868729,0.42569151429910923,0.356305672761369,1
2177.0,4.694533762057878,0.4818557648139642,0.5842903077629765,1
2049.0,5.251830161054173,0.48365056124938993,0.55734504636408,1
3128.0,4.9725063938618925,0.5182225063938619,0.4811381074168798,1
9275.0,5.006900269541779,0.5817789757412399,0.39568733153638813,1
3480.0,5.352873563218391,0.5204022988505748,0.48017241379310344,1
2712.0,4.816002949852507,0.4778761061946903,0.5671091445427728,1
3643.0,5.234696678561625,0.5300576447982432,0.5097447158934943,1
8320.0,4.9951923076923075,0.4110576923076923,0.40408653846153847,1
2152.0,5.172397769516729,0.4893122676579926,0.5051115241635687,1
9888.0,5.205097087378641,0.47390776699029125,0.3934061488673139,1
2704.0,4.814349112426036,0.4951923076923077,0.4900147928994083,1
2497.0,5.159391269523428,0.513416099319183,0.45855026031237484,1
2107.0,5.31703844328429,0.5439012814428097,0.5092548647365923,1
2093.0,4.792642140468227,0.4290492116579073,0.39417104634495936,1
10029.0,5.010669059726792,0.48888224149965104,0.4344401236414398,1
2711.0,4.717447436370343,0.49575802286978976,0.5020287716709702,1
2335.0,4.91220556745182,0.4865096359743041,0.42569593147751605,1
5792.0,4.8187154696132595,0.4673687845303867,0.45062154696132595,1
4427.0,5.367065733002033,0.524734583239214,0.45064377682403434,1
2079.0,4.822991822991823,0.4199134199134199,0.4843674843674844,1
3348.0,4.801672640382318,0.48148148148148145,0.47909199522102747,1
2911.0,5.042597045688766,0.5383029886636894,0.4854002061147372,1
8996.0,4.9758781680747,0.5053357047576701,0.3722765673632726,1
3060.0,5.180718954248366,0.4669934640522876,0.3464052287581699,1
3887.0,4.440957036274762,0.5500385901723694,0.39233341908927194,1
2122.0,4.9033930254476905,0.5179076343072573,0.5956644674835061,1
5198.0,5.3562908811081185,0.45517506733358987,0.444978838014621,1
2152.0,5.359665427509293,0.41960966542750927,0.4358736059479554,1
5795.0,4.93097497842968,0.40517687661777396,0.2603968938740293,1
2066.0,5.191190706679574,0.4506292352371733,0.43223620522749273,1
5292.0,4.953325774754346,0.43291761148904007,0.2643613000755858,1
4409.0,5.031980040825584,0.44772057155817646,0.2583352234066682,1
1942.0,5.09577754891864,0.5262615859938208,0.431513903192585,1
2869.0,5.254444057162774,0.49912861624259325,0.3123039386545835,1
6071.0,4.623126338329764,0.5005765112831494,0.39943996046779773,1
13935.0,5.024040186580552,0.47319698600645854,0.33548618586293505,1
11098.0,5.0821769688232115,0.5895656875112633,0.3358262750045053,1
2205.0,4.791383219954649,0.4530612244897959,0.4888888888888889,1
3712.0,4.972252155172414,0.5218211206896551,0.4660560344827586,1
3307.0,4.941638947686725,0.5071061384941035,0.4426973087390384,1
2284.0,5.100700525394045,0.4807355516637478,0.47154115586690015,1
2783.0,5.207330219187926,0.4786201940352138,0.4890406036651096,1
3582.0,5.118090452261306,0.5094919039642658,0.4154103852596315,1
7696.0,5.213357588357589,0.4818087318087318,0.4002079002079002,1
2177.0,4.464859898943501,0.43270555810748734,0.45567294441892514,1
15141.0,4.611122118750413,0.49230566012812893,0.32910639984149,1
5807.0,4.837437575340107,0.5433097985190287,0.44222490098157397,1
2567.0,4.646279703934554,0.5858979353330737,0.4966887417218543,1
6832.0,4.7043325526932085,0.468384074941452,0.4449648711943794,1
5455.0,4.717506874427131,0.523923006416132,0.4764436296975252,1
9601.0,4.998541818560566,0.49276117071138426,0.38162691386313924,1
4850.0,5.381649484536083,0.5276288659793814,0.4979381443298969,1
2578.0,4.702870442203259,0.4352211016291699,0.49418153607447635,1
1899.0,5.010005265929436,0.5350184307530279,0.5460768825697736,1
2022.0,4.888724035608309,0.46538081107814044,0.5544015825914935,1
7380.0,4.773577235772358,0.4772357723577236,0.4781842818428184,1
2854.0,4.709180098107919,0.49474421864050455,0.44954449894884374,1
3709.0,5.123753033162577,0.5300620113238069,0.5322189269344837,1
2020.0,5.205445544554456,0.5168316831683168,0.553960396039604,1
8436.0,5.021218587008061,0.5096017069701281,0.3843053579895685,1
2382.0,5.031905961376994,0.46011754827875734,0.5537363560033586,1
2175.0,4.983908045977011,0.48,0.46022988505747126,1
3034.0,4.924851680949242,0.4772577455504285,0.484838497033619,1
7211.0,5.142282623769241,0.478990431285536,0.4301761198169463,1
3486.0,5.062535857716581,0.5269650028686174,0.4764773379231211,1
3087.0,4.8607061872368,0.4956268221574344,0.503725299643667,1
7819.0,4.824913671825041,0.5021102442767618,0.42192096175981586,1
5451.0,5.168042560997982,0.5676022748119611,0.5010089891762979,1
2234.0,4.673679498657117,0.4919427036705461,0.5519247985675918,1
2167.0,4.964467005076142,0.5514536225196124,0.5509921550530688,1
4397.0,4.70047759836252,0.4773709347282238,0.4573572890607232,1
4502.0,5.325188804975566,0.501776988005331,0.46601510439804533,1
10560.0,4.688825757575757,0.4817234848484849,0.3506628787878788,1
2553.0,5.045045045045045,0.47865256560908737,0.42773207990599293,1
3308.0,4.679262394195889,0.49244256348246673,0.4108222490931076,1
2350.0,4.970212765957447,0.5442553191489362,0.4902127659574468,1
4036.0,5.014866204162537,0.47745292368681863,0.4606045589692765,1
1949.0,4.873781426372498,0.4633145202668035,0.5120574653668548,1
2546.0,4.900235663786331,0.43715632364493323,0.530636292223095,1
2147.0,4.91523055426176,0.5058220773171868,0.5784816022356777,1
8058.0,5.027550260610574,0.4827500620501365,0.45147679324894513,1
5310.0,5.03578154425612,0.5088512241054614,0.40998116760828623,1
2240.0,5.380357142857143,0.503125,0.5151785714285714,1
2180.0,4.4036697247706424,0.48761467889908255,0.5422018348623853,1
3079.0,4.413445924001299,0.49626502111075027,0.5297174407275089,1
2038.0,5.060843964671246,0.49509322865554467,0.5088321884200196,1
4531.0,5.188920768042375,0.5422644007945266,0.42220260428161555,1
7418.0,4.633459153410623,0.42073335130763007,0.413858182798598,1
4228.0,4.961920529801325,0.5281456953642384,0.4746925260170293,1
5436.0,4.7148638704930095,0.485467255334805,0.47387785136129507,1
7071.0,4.72959977372366,0.5135058690425682,0.48734266723235753,1
2771.0,5.056658246120534,0.4857452183327319,0.5651389390111873,1
3416.0,5.029274004683841,0.564695550351288,0.3855386416861827,1
3057.0,4.773307163886163,0.5328753680078508,0.5040889761203795,1
2248.0,4.925711743772242,0.5169039145907474,0.572508896797153,1
2729.0,5.04727006229388,0.47233418834738,0.48772444118724806,1
1900.0,4.654210526315789,0.46473684210526317,0.533157894736842,1
3198.0,4.324265165728581,0.6316447779862414,0.5128205128205128,1
3293.0,4.886425751594291,0.5496507743698755,0.5393258426966292,1
2865.0,4.768237347294939,0.47469458987783597,0.5291448516579407,1
4886.0,4.811297584936553,0.5038886614817847,0.5040933278755628,1
3374.0,4.943390634262004,0.5222288085358625,0.5311203319502075,1
13789.0,5.395895278845456,0.49974617448690983,0.36550873884980783,1
3546.0,4.694303440496334,0.5008460236886633,0.5592216582064298,1
4573.0,5.093374152635032,0.4762737808878198,0.5294117647058824,1
1964.0,4.788696537678208,0.4531568228105906,0.5366598778004074,1
2419.0,5.129805704836709,0.5328648201736255,0.5167424555601489,1
2121.0,4.905704856199906,0.49174917491749176,0.5535124941065536,1
2240.0,5.310267857142857,0.546875,0.496875,1
2728.0,5.136363636363637,0.5197947214076246,0.5153958944281525,1
4387.0,5.043081832687486,0.5286072486893093,0.4852974697971279,1
4061.0,4.696380201920709,0.4875646392514159,0.4439793154395469,1
4717.0,5.003179987280051,0.47742209031163874,0.5041339834640661,1
2758.0,5.050398839738941,0.5232052211747643,0.5355329949238579,1
2093.0,4.972288580984233,0.5480172001911132,0.5852842809364549,1
7289.0,5.095897928385238,0.5421868569076691,0.46453560159143914,1
3802.0,4.79458179905313,0.5494476591267754,0.5176223040504997,1
2395.0,5.081419624217119,0.5123173277661796,0.41878914405010437,1
3038.0,4.979591836734694,0.46050032916392364,0.4186965108624095,1
2648.0,4.876510574018127,0.466012084592145,0.527190332326284,1
3551.0,4.660095747676711,0.4398760912419037,0.3590537876654464,1
3280.0,4.782926829268293,0.47317073170731705,0.48841463414634145,1
4302.0,4.9614132961413295,0.5674105067410506,0.4221292422129242,1
6511.0,4.973122408232222,0.4721240976808478,0.3971740132084165,1
5350.0,5.013644859813084,0.542429906542056,0.5136448598130842,1
3511.0,4.651381372828254,0.459698091711763,0.3745371688977499,1
6096.0,4.903051181102362,0.5022965879265092,0.39944225721784776,1
1978.0,5.017694641051567,0.480788675429727,0.5050556117290192,1
5470.0,5.316087751371115,0.5376599634369287,0.4327239488117002,1
2154.0,5.2432683379758585,0.5389972144846796,0.5338904363974002,1
5548.0,4.962148521989906,0.4987382840663302,0.4068132660418169,1
2470.0,5.1206477732793525,0.49919028340080973,0.5578947368421052,1
4241.0,4.767036076397076,0.5107286017448714,0.5182739919830228,1
2098.0,4.6668255481410865,0.4852240228789323,0.5290753098188751,1
2060.0,5.3218446601941745,0.5893203883495146,0.653883495145631,1
5034.0,4.7624155740961465,0.5194676201827573,0.4690107270560191,1
4171.0,4.973387676816111,0.4337089426995924,0.40877487413090385,1
2073.0,5.062228654124457,0.4886637723106609,0.5552339604438012,1
1940.0,5.120103092783505,0.5170103092783506,0.5974226804123711,1
2176.0,4.7614889705882355,0.4632352941176471,0.5606617647058824,1
2509.0,4.707453168593065,0.47469111199681147,0.43722598644878435,1
1851.0,4.943273905996758,0.4538087520259319,0.4937871420853593,1
2480.0,4.797580645161291,0.5129032258064516,0.5975806451612903,1
13640.0,4.505131964809384,0.5219941348973607,0.3374633431085044,1
3309.0,5.056814747657903,0.5436687821093986,0.5457842248413418,1
2688.0,4.933779761904762,0.4791666666666667,0.5238095238095238,1
9646.0,4.804685880157578,0.4705577441426498,0.4705577441426498,1
9211.0,4.8879600477689715,0.531646943871458,0.4015850613397025,1
3560.0,4.8393258426966295,0.47359550561797753,0.5752808988764045,1
26788.0,5.424406450649545,0.5866059429595342,0.3734507988651635,1
2177.0,4.831419384474047,0.42168121267799724,0.463481855764814,1
2249.0,5.076033792796799,0.45664739884393063,0.5477990217874611,1
2441.0,4.729209340434248,0.48340843916427695,0.5542810323637853,1
2360.0,4.6194915254237285,0.45720338983050846,0.5258474576271186,1
3031.0,4.5463543385021445,0.47344110854503463,0.5037941273507094,1
2127.0,4.756464503996239,0.5086976962858486,0.5223319228960978,1
7762.0,4.85944344241175,0.5006441638752899,0.40543674310744654,1
4467.0,4.962390866353258,0.47100962614730246,0.49026192075218267,1
5023.0,5.05853075851085,0.5206052160063707,0.4123034043400358,1
2042.0,4.791380999020568,0.5024485798237023,0.5788442703232125,1
2672.0,4.942365269461078,0.5183383233532934,0.5160928143712575,1
4049.0,4.700666831316374,0.48036552235119784,0.5067918004445542,1
5230.0,5.01453154875717,0.5166347992351816,0.3799235181644359,1
1752.0,4.571917808219178,0.5810502283105022,0.3144977168949772,1
2907.0,4.7478500171998625,0.5101479188166494,0.500515995872033,1
3032.0,4.773087071240106,0.48383905013192613,0.5224274406332454,1
3979.0,5.268157828600151,0.47298316159839154,0.4757476752953003,1
8637.0,5.3170082204469145,0.6387634595345606,0.43151557253676043,1
2395.0,4.946137787056368,0.4839248434237996,0.5553235908141962,1
2181.0,5.180651077487391,0.6134800550206327,0.6052269601100413,1
2674.0,4.593492894540015,0.4012715033657442,0.38668661181750186,1
5460.0,4.597619047619047,0.5170329670329671,0.5029304029304029,1
2119.0,4.641812175554507,0.44596507786691836,0.4535158093440302,1
4998.0,4.685674269707883,0.5114045618247299,0.4511804721888755,1
3034.0,5.02636783124588,0.5665787738958471,0.478246539222149,1
5040.0,4.776388888888889,0.5746031746031746,0.4234126984126984,1
2260.0,4.977876106194691,0.5004424778761062,0.6070796460176991,1
4983.0,5.089102950030102,0.49367850692354004,0.39273530002006823,1
5599.0,5.044115020539382,0.47437042328987317,0.4590105375959993,1
3686.0,4.622083559413999,0.537438958220293,0.5170916983179599,1
2284.0,5.11646234676007,0.49430823117338,0.5556042031523643,1
2601.0,4.61361014994233,0.43790849673202614,0.526720492118416,1
14031.0,4.821751835222009,0.49305110113320505,0.2172332691896515,1
2737.0,5.052246985750822,0.48483741322616003,0.4143222506393862,1
2799.0,4.917113254733834,0.4783851375491247,0.3858520900321543,1
2538.0,5.0338849487785655,0.512608353033885,0.5843183609141056,1
2113.0,4.787505915759583,0.4789398958826313,0.49029815428300993,1
4614.0,5.11876896402254,0.5138708279150411,0.5182054616384916,1
11757.0,5.071701964786936,0.5224972356893766,0.3850472059198775,1
6561.0,5.2120103642737385,0.5381801554641061,0.45557079713458315,1
2151.0,4.92143189214319,0.5708972570897257,0.598791259879126,1
2207.0,4.8704123244222925,0.4490258269143634,0.5613955595831446,1
2169.0,5.207929921622868,0.5071461502996772,0.5085292761641309,1
11117.0,5.064136007915804,0.48835117387784477,0.4071242241611946,1
3478.0,4.606095457159287,0.49482461184588844,0.5207015526164462,1
3234.0,4.845083487940631,0.47866419294990725,0.49103277674706247,1
2188.0,4.735831809872029,0.4606946983546618,0.4328153564899452,1
4338.0,5.109497464269248,0.5322729368372522,0.48732134624250806,1
5954.0,5.00167954316426,0.4838763856231105,0.3982196842458851,1
3498.0,5.015723270440252,0.42252715837621496,0.45683247570040025,1
2351.0,5.13526159081242,0.5669927690344534,0.6903445342407486,1
2649.0,5.134012835032087,0.5239713099282748,0.4869762174405436,1
6218.0,4.83338694113863,0.47507237053715023,0.446767449340624,1
3982.0,4.898794575590156,0.5775991963837268,0.5791059768960322,1
2183.0,4.790655061841503,0.4754924415941365,0.45304626660558867,1
1994.0,5.088264794383149,0.4749247743229689,0.5346038114343029,1
2610.0,5.571264367816092,0.5379310344827586,0.5789272030651341,1
7223.0,4.937975910286585,0.4835940744842863,0.46891873182887994,1
2135.0,4.97096018735363,0.551288056206089,0.511943793911007,1
2352.0,4.998724489795919,0.5276360544217688,0.5331632653061225,1
2262.0,4.804597701149425,0.48320070733863835,0.583554376657825,1
3567.0,4.664143537987104,0.4558452481076535,0.44098682366134007,1
2287.0,4.948841276781811,0.5356362046348929,0.5181460428508964,1
2424.0,4.964108910891089,0.4814356435643564,0.5499174917491749,1
2310.0,4.925108225108225,0.43073593073593075,0.5047619047619047,1
11477.0,4.656530452208766,0.50440010455694,0.331532630478348,1
3008.0,5.1549202127659575,0.510970744680851,0.5694813829787234,1
2009.0,5.328521652563464,0.44947735191637633,0.5092085614733698,1
2138.0,5.059401309635173,0.5729653882132835,0.5790458372310571,1
4374.0,5.133058984910837,0.4732510288065844,0.4567901234567901,1
6264.0,4.234355044699872,0.48898467432950193,0.3366858237547893,1
4876.0,5.180475799835931,0.5529122231337161,0.4415504511894996,1
2353.0,5.292392690182745,0.4538886527836804,0.5138121546961326,1
2416.0,4.849337748344371,0.5235927152317881,0.5277317880794702,1
6276.0,4.999521988527724,0.5035054174633524,0.3301465901848311,1
5327.0,4.899568237281772,0.4360803454101746,0.35892622489205933,1
5050.0,5.268316831683168,0.6372277227722772,0.5542574257425743,1
3397.0,4.932587577274066,0.4068295554901384,0.43361789814542245,1
2862.0,4.714884696016772,0.4776380153738644,0.5073375262054507,1
2755.0,5.198911070780399,0.5422867513611616,0.5691470054446461,1
2134.0,4.971883786316776,0.5660731021555764,0.5548266166822868,1
2311.0,4.88576373864128,0.5049762007788836,0.579402855906534,1
2004.0,4.756487025948104,0.49600798403193613,0.5124750499001997,1
5144.0,4.963258164852255,0.5118584758942457,0.4393468118195957,1
2292.0,4.9917102966841185,0.4912739965095986,0.5296684118673648,1
2333.0,5.441063009001286,0.4980711530218603,0.5452207458208316,1
2957.0,5.192086574230639,0.5390598579641529,0.47548190733851875,1
2453.0,4.797798613942112,0.4802282918874847,0.5637994292702813,1
2731.0,5.040644452581472,0.5119004027828634,0.4844379348224094,1
4033.0,5.065212000991817,0.45301264567319616,0.47458467641953883,1
5052.0,4.911124307205068,0.4932699920823436,0.546714172604909,1
7612.0,5.096295323173936,0.509721492380452,0.4594062007356805,1
3808.0,4.34952731092437,0.4724264705882353,0.32064075630252103,1
2028.0,5.0014792899408285,0.522189349112426,0.5305719921104537,1
3279.0,4.696248856358646,0.45440683135102167,0.4028667276608722,1
2054.0,4.621226874391431,0.48588120740019475,0.562317429406037,1
3133.0,5.331631024577082,0.5384615384615384,0.5055857006064475,1
5286.0,5.064699205448354,0.5300794551645857,0.46727203934922434,1
5872.0,4.463726158038147,0.47445504087193463,0.45061307901907355,1
2504.0,5.208466453674121,0.5187699680511182,0.5726837060702875,1
2832.0,4.941031073446328,0.4516242937853107,0.5155367231638418,1
3378.0,4.516873889875666,0.4256956779159266,0.470396684428656,1
2468.0,4.682739059967585,0.5235008103727715,0.5299837925445705,1
1691.0,4.641040804257836,0.5381431105854524,0.6487285629804849,1
2193.0,4.61468308253534,0.4724122207022344,0.5471956224350205,1
2698.0,4.614158636026686,0.41994069681245366,0.4621942179392142,1
10196.0,4.8094350725774815,0.4676343664182032,0.334542958022754,1
7314.0,5.597347552638775,0.6186765108012031,0.4604867377631939,1
2203.0,4.924648206990468,0.596005447117567,0.5174761688606446,1
3036.0,5.115283267457181,0.4990118577075099,0.5401844532279315,1
4439.0,4.719306150033791,0.49177742734850194,0.45663437711196214,1
2909.0,5.242007562736336,0.4915778618081815,0.4905465795806119,1
3304.0,4.277845036319612,0.4948547215496368,0.4851694915254237,1
3863.0,4.675640693761325,0.4809733367848822,0.43204763137457936,1
2962.0,4.443281566509116,0.46522619851451724,0.48784604996623904,1
2086.0,4.846116970278044,0.5508149568552253,0.5637583892617449,1
2712.0,5.498525073746313,0.6183628318584071,0.43805309734513276,1
5225.0,4.3741626794258375,0.5238277511961722,0.5056459330143541,1
5950.0,5.103361344537815,0.47714285714285715,0.45596638655462185,1
3867.0,3.760796483061805,0.3628135505559866,0.30178432893716056,1
3161.0,4.977538753559,0.524201202151218,0.5036380892122746,1
3487.0,5.033839977057642,0.45483223401204476,0.4992830513335245,1
2421.0,4.792234613795952,0.47170590665014456,0.41718298223874434,1
2438.0,4.631665299425759,0.4749794913863823,0.47949138638228056,1
7827.0,4.720454835824709,0.5257442187300371,0.48588220263191517,1
5470.0,4.922486288848264,0.5202925045703839,0.40420475319926874,1
2017.0,4.645017352503719,0.47942488844819037,0.518096182449182,1
3422.0,4.892752776154296,0.5073056691992986,0.5368205727644653,1
2098.0,5.1997140133460436,0.5133460438512869,0.4609151572926597,1
2062.0,5.075654704170708,0.47914645974781767,0.5286129970902037,1
2095.0,5.343675417661098,0.5198090692124105,0.5637231503579953,1
2968.0,4.971698113207547,0.5798517520215634,0.49225067385444743,1
4547.0,4.8324169782274025,0.4785572905212228,0.4970310094567847,1
2366.0,5.054945054945055,0.5025359256128487,0.4716821639898563,1
11802.0,4.996102355532961,0.4902558888324013,0.4100152516522623,1
4896.0,4.460171568627451,0.5046977124183006,0.4777369281045752,1
2297.0,4.578145407052677,0.5037004788855028,0.501523726599913,1
2740.0,4.844890510948905,0.5175182481751824,0.5697080291970803,1
3598.0,4.726792662590328,0.6370205669816564,0.38048916064480265,1
5300.0,5.111698113207547,0.5532075471698114,0.429811320754717,1
2160.0,4.741203703703704,0.5546296296296296,0.5115740740740741,1
3446.0,5.0345327916424845,0.4852002321532211,0.4970980847359257,1
2844.0,4.883966244725738,0.5147679324894515,0.5249648382559775,1
3193.0,4.594425305355465,0.48167867209520826,0.508612590040714,1
2167.0,4.870327641901246,0.5403784033225658,0.5620673742501153,1
2560.0,4.977734375,0.46796875,0.5046875,1
3290.0,4.800607902735562,0.48206686930091186,0.35319148936170214,1
3943.0,4.948009130103982,0.5297996449404007,0.43063657113872683,1
13199.0,5.073035836048185,0.5926206530797787,0.44041215243579057,1
2675.0,4.705794392523364,0.4295327102803738,0.4934579439252336,1
9285.0,4.831879375336564,0.532364028002154,0.41981690899299945,1
4806.0,4.5576362879733665,0.4823137744486059,0.4434040782355389,1
2483.0,5.163914619412002,0.5936367297623842,0.48530004027386225,1
3102.0,5.012250161186332,0.4497098646034816,0.4355254674403611,1
2468.0,4.707050243111832,0.47974068071312803,0.5008103727714749,1
2331.0,5.430716430716431,0.589017589017589,0.5238095238095238,1
2229.0,4.9771197846567965,0.47644683714670255,0.5383580080753702,1
2063.0,4.572952011633544,0.44255937954435287,0.40232670867668446,1
4104.0,4.427631578947368,0.4649122807017544,0.425682261208577,1
2155.0,5.094663573085847,0.47424593967517403,0.5870069605568445,1
5273.0,4.958467665465579,0.47809596055376447,0.5019912763132941,1
2005.0,5.166084788029925,0.49226932668329176,0.5566084788029925,1
2117.0,4.917808219178082,0.536136041568257,0.5800661313179027,1
7354.0,5.097225999456079,0.5085667663856405,0.46002175686701113,1
2160.0,4.718981481481482,0.48518518518518516,0.5277777777777778,1
3857.0,4.2862328234379055,0.46435053150116673,0.41457091003370494,1
2694.0,4.522271714922049,0.4866369710467706,0.4424647364513734,1
4996.0,4.795436349079264,0.4733787029623699,0.35488390712570056,1
2014.0,4.843594836146972,0.4617676266137041,0.5521350546176763,1
3753.0,5.123900879296563,0.4569677591260325,0.47322142286171065,1
7424.0,4.991918103448276,0.4509698275862069,0.3642241379310345,1
6608.0,4.794491525423729,0.4141949152542373,0.38967917675544794,1
2556.0,4.96283255086072,0.5023474178403756,0.5672926447574335,1
1930.0,4.993264248704663,0.5191709844559586,0.43626943005181346,1
4330.0,5.312471131639723,0.538337182448037,0.5309468822170901,1
2971.0,5.126893301918546,0.5129585997980478,0.5408953214405924,1
3355.0,4.81639344262295,0.496274217585693,0.4977645305514158,1
2536.0,4.610804416403785,0.5236593059936908,0.5386435331230284,1
3550.0,5.106478873239436,0.49859154929577465,0.5461971830985916,1
9101.0,5.346665201626195,0.601362487638721,0.4842325019228656,1
2197.0,5.197997269003186,0.48520710059171596,0.5644060081929905,1
3459.0,5.13009540329575,0.4535993061578491,0.3813240821046545,1
2442.0,4.977067977067977,0.49385749385749383,0.4914004914004914,1
2479.0,5.159338442920532,0.46308995562726907,0.4977813634530052,1
4264.0,4.74484052532833,0.5086772983114447,0.5459662288930581,1
2113.0,5.082820634169427,0.4917179365830573,0.5702792238523426,1
6723.0,5.1020377807526405,0.4976944816302246,0.4451881600475978,1
7251.0,4.7571369466280515,0.45593711212246585,0.37318990484071163,1
5486.0,5.190484870579657,0.48213634706525704,0.44002916514764856,1
2768.0,5.166184971098266,0.5823699421965318,0.46640173410404623,1
3736.0,4.765792291220556,0.4855460385438972,0.37312633832976444,1
7662.0,5.088749673714434,0.4608457321848081,0.3564343513442965,1
5053.0,4.916881060755987,0.46546605976647537,0.47456956263605776,1
11515.0,4.252019105514546,0.49014329135909684,0.33200173686495876,1
3302.0,5.029678982434888,0.4742580254391278,0.45790430042398544,1
2370.0,4.956118143459916,0.4729957805907173,0.49240506329113926,1
3463.0,4.785734911926076,0.44614496101645973,0.4166907305804216,1
5492.0,4.927895120174799,0.5194828841951931,0.41642388929351787,1
3985.0,5.021580928481807,0.5214554579673777,0.4233375156838143,1
7215.0,5.067914067914068,0.5898821898821899,0.3887733887733888,1
2319.0,4.258300991806813,0.5476498490728763,0.4169900819318672,1
2850.0,4.893684210526316,0.4592982456140351,0.5189473684210526,1
1996.0,4.608216432865731,0.4789579158316633,0.5561122244488977,1
3747.0,4.753936482519348,0.5198825727248465,0.47531358420069386,1
3101.0,4.8487584650112865,0.4585617542728152,0.5008061915511125,1
2553.0,4.828045436741089,0.45045045045045046,0.5283979631805719,1
2123.0,4.794630240226095,0.5252001884126236,0.5416862929816297,1
2049.0,6.266959492435334,0.6612981942410933,0.6847242557345047,1
4349.0,5.214302138422626,0.5564497585651874,0.43711197976546334,1
2433.0,5.0805589806822855,0.48212083847102344,0.5034936292642828,1
4709.0,4.972818008069654,0.4591208324485029,0.4901252919940539,1
5240.0,5.183969465648855,0.5045801526717557,0.41927480916030535,1
3562.0,4.797304884896126,0.4730488489612577,0.4635036496350365,1
2268.0,4.252645502645502,0.48500881834215165,0.4964726631393298,1
5905.0,4.544115156646909,0.4758679085520745,0.4592718035563082,1
2880.0,4.898263888888889,0.5232638888888889,0.4934027777777778,1
4127.0,4.5454325175672405,0.5262902834989096,0.46934819481463536,1
2606.0,4.950115118956255,0.5199539524174981,0.603607060629317,1
2539.0,5.066561638440331,0.449389523434423,0.4808979913351713,1
1992.0,4.894578313253012,0.48694779116465864,0.5662650602409639,1
3376.0,5.018957345971564,0.44016587677725116,0.5290284360189573,1
2935.0,4.9240204429301535,0.4981260647359455,0.5250425894378195,1
2410.0,4.965560165975104,0.5406639004149377,0.5796680497925312,1
3965.0,4.99344262295082,0.49281210592686003,0.4940731399747793,1
3111.0,4.962070073931212,0.4959819993571199,0.5785920925747348,1
2361.0,4.784413384159254,0.45870393900889456,0.4836933502753071,1
3205.0,4.721372854914197,0.4926677067082683,0.565990639625585,1
2067.0,4.671020803096275,0.48427672955974843,0.5911949685534591,1
1984.0,4.803427419354839,0.484375,0.4778225806451613,1
4689.0,4.599061633610578,0.4636383024098955,0.3177649818724675,1
2774.0,5.296683489545782,0.5428983417447729,0.4967555875991348,1
2293.0,4.406890536415177,0.4810292193632795,0.5124291321412996,1
2643.0,5.141884222474461,0.4566780174044646,0.5081346954218691,1
2358.0,5.270992366412214,0.5742154368108566,0.5653095843935538,1
2653.0,5.004146249528835,0.4903882397286091,0.498303807010931,1
1965.0,5.144020356234097,0.5150127226463105,0.656997455470738,1
2226.0,5.002246181491465,0.4946091644204852,0.5309973045822103,1
2624.0,5.085365853658536,0.5011432926829268,0.4950457317073171,1
2468.0,5.278363047001621,0.5259319286871961,0.529578606158833,1
7643.0,4.948842077718173,0.5029438702080335,0.41946879497579487,1
7033.0,5.671121854116309,0.5946253376937296,0.43722451301009524,1
2763.0,5.095548317046688,0.4958378574013753,0.5294969236337315,1
7265.0,4.811286992429456,0.4940123881624226,0.4494150034411562,1
13259.0,4.630439701334942,0.5102948940342409,0.33185006410739876,1
4159.0,4.916085597499399,0.5217600384707862,0.5268093291656648,1
4701.0,5.0510529674537334,0.47053818336524145,0.4616039140608381,1
6054.0,5.091344565576478,0.4958704988437397,0.40386521308225964,1
2131.0,4.927264195213515,0.5072735804786486,0.31252932895354296,1
1803.0,4.671658347199113,0.4647809206877426,0.45867997781475317,1
2145.0,4.732867132867133,0.4750582750582751,0.6097902097902098,1
2455.0,4.79837067209776,0.5551934826883911,0.5177189409368635,1
2518.0,4.865766481334393,0.4642573471008737,0.5746624305003971,1
3376.0,4.764514218009479,0.4771919431279621,0.4783767772511848,1
8761.0,5.018376897614427,0.46547197808469354,0.39641593425408056,1
9535.0,5.121971683272156,0.4821185107498689,0.4384897745149449,1
5948.0,4.952252858103564,0.5363147276395427,0.46267652992602554,1
5304.0,4.930241327300151,0.4807692307692308,0.5077300150829562,1
5064.0,4.953791469194313,0.4524091627172196,0.4316745655608215,1
2575.0,4.538252427184466,0.4970873786407767,0.5114563106796116,1
4419.0,4.98959040506902,0.4491966508259787,0.4546277438334465,1
9552.0,4.6708542713567835,0.45770519262981574,0.41488693467336685,1
3208.0,5.077618453865337,0.5826059850374065,0.5654613466334164,1
2806.0,5.474697077690663,0.6218816821097648,0.5117605131860299,1
2002.0,4.91058941058941,0.5454545454545454,0.524975024975025,1
2052.0,4.753411306042885,0.5126705653021443,0.6003898635477583,1
4367.0,4.877032287611633,0.48179528280283945,0.4101213647813144,1
3626.0,4.933535576392719,0.5322669608383894,0.5022062879205736,1
4712.0,4.176994906621392,0.5186757215619694,0.3987691001697793,1
16509.0,4.570476709673511,0.523956629717124,0.35065721727542554,1
6934.0,5.244591866166715,0.540957600230747,0.4929333717911739,1
2559.0,4.666666666666667,0.5091832747166862,0.5642829230168034,1
2347.0,5.221985513421389,0.4968044311887516,0.49382190029825307,1
2586.0,5.507347254447023,0.46635730858468677,0.47138437741686,1
10472.0,4.8603896103896105,0.5111726508785333,0.4065126050420168,1
2571.0,4.593154414624659,0.4745235316997277,0.4387397899649942,1
2057.0,5.110354885755955,0.5177442877977637,0.5804569761789014,1
2560.0,4.717578125,0.4734375,0.558203125,1
4558.0,4.92211496270294,0.47959631417288284,0.46226415094339623,1
4416.0,4.9051177536231885,0.4458786231884058,0.5092844202898551,1
2369.0,4.234698184888138,0.45673279864921906,0.44406922752216127,1
1945.0,4.825192802056555,0.5233933161953728,0.43444730077120824,1
2077.0,5.088107847857486,0.4997592681752528,0.5185363505055368,1
4355.0,5.01239954075775,0.5634902411021814,0.4654420206659013,1
3593.0,4.499025883662678,0.46228778179794044,0.4556081269134428,1
3143.0,4.834871142220808,0.4925230671333121,0.5202036271078587,1
2235.0,5.234004474272931,0.5413870246085011,0.5597315436241611,1
2354.0,5.045454545454546,0.6096006796941377,0.5815632965165676,1
3073.0,4.893263911487146,0.49658314350797267,0.4506996420436056,1
9840.0,5.271138211382114,0.4976626016260163,0.44715447154471544,1
1957.0,4.711292795094533,0.5074092999489014,0.5268267756770567,1
2096.0,4.708969465648855,0.4737595419847328,0.5610687022900763,1
4386.0,4.857729138166895,0.512311901504788,0.44596443228454175,1
3788.0,5.039598732840549,0.47940865892291445,0.47333685322069696,1
12926.0,5.385269998452731,0.5099025220485842,0.37018412501934084,1
7636.0,5.383446830801467,0.4977737035096909,0.4398899947616553,1
2508.0,5.357655502392345,0.49282296650717705,0.44537480063795853,1
2331.0,4.747747747747748,0.4555984555984556,0.5461175461175461,1
1971.0,5.210045662100456,0.54337899543379,0.5991882293252156,1
2998.0,5.117745163442295,0.4829886591060707,0.5266844563042028,1
10429.0,4.906223031930194,0.5075270879278934,0.31853485473199733,1
2364.0,4.946277495769881,0.48096446700507617,0.44754653130287647,1
2471.0,4.057871307163092,0.4726831242411979,0.4289761230271145,1
1909.0,5.0,0.49135673127291773,0.464117338920901,1
1942.0,4.7497425334706485,0.4824922760041195,0.5478887744593203,1
2833.0,5.256618425697141,0.5640663607483233,0.5915990116484292,1
2055.0,4.858394160583941,0.5192214111922141,0.4953771289537713,1
3029.0,5.147903598547376,0.4380983823043909,0.48695939253879167,1
4647.0,4.624488917581235,0.46201850656337423,0.40692920163546376,1
2745.0,5.066302367941712,0.48233151183970857,0.41420765027322404,1
6372.0,4.659604519774011,0.520872567482737,0.4397363465160075,1
2397.0,4.662077596996245,0.4780976220275344,0.5344180225281602,1
2656.0,5.237575301204819,0.5011295180722891,0.4932228915662651,1
3146.0,4.7027972027972025,0.47520661157024796,0.47870311506675145,1
2460.0,4.866260162601626,0.4861788617886179,0.4768292682926829,1
2703.0,5.541990381058084,0.5752867184609693,0.532741398446171,1
2550.0,5.062352941176471,0.4603921568627451,0.483921568627451,1
2015.0,4.754342431761787,0.5086848635235732,0.5424317617866005,1
5815.0,4.494239036973345,0.49750644883920897,0.3939810834049871,1
3665.0,4.821009549795361,0.5156889495225102,0.5036834924965894,1
2377.0,5.153975599495162,0.44509886411442995,0.4955826672275978,1
4452.0,5.041105121293801,0.4647349505840072,0.4925876010781671,1
2136.0,5.091292134831461,0.49765917602996257,0.5440074906367042,1
2107.0,4.514475557664927,0.4902705268153773,0.4779307071665876,1
6750.0,5.369481481481482,0.5214814814814814,0.3894814814814815,1
2726.0,4.794203961848863,0.48532648569332354,0.5113719735876743,1
2137.0,4.3921385119326155,0.44969583528310714,0.5007019185774451,1
2411.0,4.88842803815844,0.5143094151804231,0.5711323102447118,1
4031.0,4.596874224758125,0.5465145125279087,0.4889605556933763,1
2120.0,5.037264150943396,0.5033018867924528,0.5952830188679246,1
6159.0,5.093359311576554,0.48514369215781783,0.4482870595875954,1
12229.0,4.759342546406084,0.512797448687546,0.344263635620247,1
3235.0,4.984234930448222,0.4574961360123648,0.4970633693972179,1
6393.0,4.925387142186767,0.48521820741435945,0.4248396683872986,1
2342.0,4.92399658411614,0.5328778821520068,0.5290350128095644,1
3885.0,5.204118404118404,0.4980694980694981,0.44504504504504505,1
2038.0,4.3292443572129535,0.4445534838076546,0.5058881256133464,1
2427.0,4.623815409971158,0.42686444169756904,0.38112896580140093,1
2208.0,5.098731884057971,0.485054347826087,0.4207427536231884,1
2228.0,5.238779174147218,0.5044883303411131,0.47172351885098746,1
4628.0,4.983362143474503,0.5023768366464996,0.4520311149524633,1
4803.0,4.716843639392047,0.5275869248386426,0.5346658338538414,1
2191.0,4.77590141487905,0.5303514376996805,0.61296211775445,1
2307.0,4.976159514521023,0.4490680537494582,0.4798439531859558,1
2799.0,4.859592711682744,0.5512683101107538,0.46730975348338694,1
3138.0,5.567558954748248,0.6246016571064372,0.4929891650732951,1
2294.0,4.9969485614646905,0.5701830863121186,0.4149956408020924,1
5802.0,4.981902792140641,0.48965873836608065,0.4667356084108928,1
2878.0,5.53544127866574,0.527449617790132,0.4961779013203614,1
2991.0,4.7616181878970245,0.4747576061517887,0.458040789033768,1
2982.0,5.504359490274983,0.5536552649228705,0.45439302481556004,1
3170.0,4.870662460567823,0.4668769716088328,0.5410094637223974,1
2534.0,4.698500394632991,0.4325177584846093,0.494869771112865,1
3905.0,4.773623559539052,0.5882202304737516,0.4537772087067862,1
2212.0,4.912748643761302,0.4945750452079566,0.5587703435804702,1
8199.0,4.850225637272838,0.5520185388462008,0.4926210513477253,1
2340.0,5.279487179487179,0.5123931623931623,0.5465811965811965,1
2932.0,5.395975443383356,0.515006821282401,0.3553888130968622,1
2929.0,4.97746671218846,0.5418231478320246,0.5875725503584841,1
5085.0,4.934906588003933,0.4711897738446411,0.4772861356932153,1
2006.0,4.799102691924228,0.5,0.5304087736789631,1
2458.0,4.858014646053702,0.5008136696501221,0.5471928397070789,1
1981.0,5.2847046945986875,0.4846037354871277,0.5396264512872286,1
2057.0,5.206125425376762,0.5206611570247934,0.5357316480311133,1
2402.0,5.301415487094088,0.4987510407993339,0.5208159866777685,1
2893.0,4.686138956100933,0.47597649498790184,0.46837193225025925,1
2096.0,4.6708015267175576,0.4770992366412214,0.5815839694656488,1
3167.0,5.406694032207136,0.4805809914745816,0.480265235238396,1
7063.0,4.998017839444995,0.5037519467648308,0.48520458728585586,1
2029.0,4.85066535239034,0.5022178413011336,0.5608674223755544,1
2398.0,4.617180984153461,0.5258548790658882,0.5354462051709759,1
3500.0,4.2942857142857145,0.47885714285714287,0.452,1
4483.0,4.989962078964979,0.517064465759536,0.4256078518848985,1
8470.0,5.041440377804014,0.5381345926800473,0.39563164108618654,1
3337.0,4.854360203775847,0.4554989511537309,0.4507042253521127,1
2611.0,4.755649176560705,0.49176560704710837,0.48410570662581387,1
3405.0,5.368869309838473,0.5139500734214391,0.5089574155653451,1
2037.0,5.105056455571919,0.5139911634756995,0.5154639175257731,1
4884.0,4.708640458640459,0.5651105651105651,0.36732186732186733,1
7722.0,5.127687127687127,0.5113960113960114,0.3895363895363895,1
4414.0,4.721567739012234,0.4845944721341187,0.4703217036701405,1
5109.0,4.827559209238599,0.44783715012722647,0.5134077118809943,1
1981.0,4.67188288743059,0.48864209994952046,0.4618879353861686,1
1887.0,4.534181240063593,0.4451510333863275,0.40275569687334395,1
3372.0,5.069988137603796,0.48665480427046265,0.5222419928825622,1
4149.0,4.971077368040492,0.43383947939262474,0.48059773439382986,1
4535.0,4.7453142227122385,0.47563395810363834,0.3631753031973539,1
6661.0,4.901816544062453,0.4523344843116649,0.4005404593904819,1
1951.0,4.818042029728344,0.46694003075345974,0.5181957970271656,1
3951.0,5.109845608706657,0.4879777271576816,0.4697544925335358,1
4408.0,4.791288566243194,0.4798094373865699,0.35163339382940106,1
2022.0,4.868941641938674,0.5296735905044511,0.5845697329376854,1
2020.0,4.903465346534653,0.47178217821782176,0.5658415841584158,1
2187.0,4.788751714677641,0.48788294467306814,0.5020576131687243,1
3806.0,4.854440357330531,0.4464004203888597,0.4611140304781923,1
2970.0,4.586868686868687,0.5195286195286195,0.5141414141414141,1
3074.0,4.936890045543266,0.511060507482108,0.4983734547820429,1
1885.0,4.7151193633952255,0.5114058355437666,0.6079575596816976,1
2093.0,4.968944099378882,0.47013855709507885,0.5064500716674629,1
5237.0,5.218636624021387,0.5008592705747565,0.4527401183883903,1
2363.0,4.552687261955142,0.45704612780363946,0.5217943292424884,1
9271.0,4.926329414302664,0.5298241829360371,0.4542120591090497,1
6880.0,4.9876453488372094,0.4803779069767442,0.2876453488372093,1
2428.0,5.201812191103789,0.5333607907742999,0.5543657331136738,1
2419.0,4.8127325341050025,0.4774700289375775,0.559322033898305,1
14257.0,5.260363330293891,0.4858665918496177,0.3700638282948727,1
2228.0,4.921454219030521,0.5215439856373429,0.5282764811490126,1
3607.0,5.110895481009149,0.45411699473246464,0.4779595231494317,1
2019.0,5.956909361069837,0.5492818226844973,0.3774145616641902,1
5590.0,5.105008944543829,0.4364937388193202,0.38676207513416816,1
3008.0,4.747340425531915,0.5638297872340425,0.5059840425531915,1
2370.0,4.632489451476793,0.5434599156118144,0.5738396624472574,1
2522.0,4.55035685963521,0.6609833465503568,0.5598731165741475,1
3465.0,4.455988455988456,0.6634920634920635,0.49177489177489175,1
2010.0,4.972636815920398,0.4601990049751244,0.5427860696517413,1
15395.0,4.912114322832088,0.4717115946735953,0.34316336472880804,1
3484.0,4.872273249138921,0.49512055109070036,0.46153846153846156,1
4051.0,4.903727474697606,0.48704023697852383,0.449518637373488,1
6173.0,4.8111129110643125,0.4796695285922566,0.46444192450996274,1
4240.0,4.811320754716981,0.4818396226415094,0.5233490566037736,1
4517.0,4.9840602169581585,0.5016603940668586,0.47487270312154084,1
5262.0,5.685100722158875,0.636259977194983,0.5057012542759407,1
5369.0,4.791022536785249,0.43378655243062025,0.3661761966846713,1
2954.0,4.877792823290454,0.5023696682464455,0.5734597156398105,1
4381.0,5.109335768089477,0.5101574982880621,0.4715818306322757,1
2212.0,5.488245931283906,0.49683544303797467,0.5501808318264014,1
5961.0,4.993625230665995,0.5400100654252642,0.3980875691997987,1
2496.0,4.714743589743589,0.47275641025641024,0.4987980769230769,1
5151.0,4.6101727819840805,0.46088138225587266,0.39254513686662784,1
2947.0,4.754665761791652,0.4356973193077706,0.34645402103834405,1
2951.0,5.114876313114198,0.49847509318874955,0.5611657065401559,1
2322.0,4.90826873385013,0.5258397932816538,0.5116279069767442,1
2254.0,5.188997338065661,0.5190771960958296,0.5825199645075422,1
4875.0,5.254153846153846,0.49353846153846154,0.41702564102564105,1
5313.0,4.841897233201581,0.44908714473931866,0.3628834933182759,1
2010.0,4.834825870646767,0.5014925373134328,0.5825870646766169,1
4122.0,4.8529839883551675,0.46166909267345946,0.38330907326540514,1
5633.0,4.932895437599858,0.49369785194390203,0.4739925439375111,1
2899.0,5.061745429458434,0.4860296654018627,0.5205243187305968,1
5164.0,4.7771107668474055,0.4932223082881487,0.4763749031758327,1
3653.0,5.131946345469477,0.48617574596222285,0.4757733369833014,1
2257.0,5.249889233495791,0.46123172352680547,0.4315463003987594,1
4481.0,4.6154876143717924,0.43918768132113367,0.3793796027672395,1
1860.0,4.559677419354839,0.48978494623655916,0.39408602150537636,1
4811.0,4.948867179380586,0.5131989191436291,0.4932446476823945,1
3125.0,4.72544,0.45632,0.43392,1
1997.0,4.724586880320481,0.4501752628943415,0.513770655983976,1
6086.0,5.150837988826815,0.521031876437726,0.4572790009858692,1
4511.0,5.0367989359343825,0.5661715805808025,0.555309244070051,1
4940.0,4.913360323886639,0.4854251012145749,0.5184210526315789,1
2310.0,4.541991341991342,0.4116883116883117,0.4510822510822511,1
3462.0,5.278740612362796,0.5040439052570769,0.4696707105719237,1
2127.0,5.054536906440997,0.49694405265632347,0.5745181006111895,1
3931.0,4.894683286695497,0.5181887560417197,0.5660137369626049,1
2378.0,4.989066442388562,0.46509671993271656,0.5189234650967199,1
2530.0,4.759683794466403,0.44110671936758894,0.5715415019762846,1
13487.0,4.925706235634315,0.4809075405946467,0.36642692963594575,1
2217.0,4.845737483085251,0.514659449706811,0.6039693279206134,1
5786.0,4.8446249567922575,0.45419979260283444,0.4408918078119599,1
6390.0,4.937089201877934,0.49076682316118936,0.35852895148669794,1
3390.0,4.734513274336283,0.46578171091445425,0.5002949852507375,1
2403.0,5.403245942571785,0.5264253017062006,0.5110278818143986,1
4452.0,4.607816711590297,0.435759209344115,0.3991464510332435,1
2064.0,4.93265503875969,0.5111434108527132,0.5750968992248062,1
2472.0,4.634708737864078,0.49797734627831713,0.5194174757281553,1
2088.0,4.900383141762452,0.5033524904214559,0.3922413793103448,1
2117.0,4.9168634860651865,0.504959848842702,0.49220595181861126,1
3557.0,4.888389091931403,0.46387405116671354,0.28197919595164467,1
4542.0,5.080801409070894,0.4863496257155438,0.39784236019374725,1
3158.0,4.892970234325523,0.5411652944901837,0.26979100696643443,1
2740.0,5.0175182481751825,0.48905109489051096,0.5200729927007299,1
2131.0,4.725950258094791,0.5279211637728766,0.45800093852651336,1
2278.0,4.597453906935908,0.5755048287971906,0.5417032484635645,1
2130.0,4.76150234741784,0.4507042253521127,0.39530516431924884,1
3438.0,5.072134962187318,0.5863874345549738,0.5020360674810936,1
5231.0,5.10628942840757,0.4901548461097305,0.4672146817052189,1
2360.0,4.93135593220339,0.4728813559322034,0.5639830508474576,1
2744.0,4.857142857142857,0.5364431486880467,0.6089650145772595,1
1990.0,4.533668341708543,0.49246231155778897,0.47688442211055276,1
2193.0,4.982216142270862,0.488828089375285,0.5576835385316917,1
4832.0,4.9677152317880795,0.48882450331125826,0.38120860927152317,1
7263.0,5.004543577034283,0.5194823075863968,0.4542200192757814,1
2625.0,5.2026666666666666,0.6354285714285715,0.5051428571428571,1
2449.0,4.906900775826868,0.5189873417721519,0.57411188240098,1
2165.0,4.9136258660508085,0.5219399538106235,0.6138568129330254,1
2758.0,4.878535170413343,0.5264684554024656,0.5522117476432197,1
2738.0,4.514974433893353,0.4590942293644996,0.5412710007304602,1
4604.0,4.836880973066898,0.5060816681146829,0.4237619461337967,1
3510.0,4.450427350427351,0.49772079772079775,0.5142450142450142,1
2078.0,4.652550529355149,0.480269489894129,0.5524542829643888,1
2852.0,5.24929873772791,0.6462131837307152,0.4730014025245442,1
2686.0,5.125465376023827,0.5122859270290394,0.5364854802680565,1
2430.0,4.680658436213991,0.4547325102880658,0.5152263374485597,1
1974.0,5.375379939209727,0.5278622087132725,0.522289766970618,1
5059.0,5.082229689661989,0.5014825064241945,0.44237991697964024,1
3997.0,5.089316987740806,0.4846134600950713,0.4355766825118839,1
3585.0,5.01255230125523,0.5615062761506276,0.4755927475592748,1
2666.0,4.765941485371343,0.5093773443360841,0.48349587396849214,1
4221.0,4.872778962331201,0.44207533759772566,0.4382847666429756,1
12255.0,4.870746634026927,0.5734802121583027,0.4609547123623011,1
2293.0,4.327954644570432,0.4334932402965547,0.5124291321412996,1
2613.0,4.9571373899732105,0.4531190202831994,0.48258706467661694,1
2530.0,4.612648221343873,0.48853754940711464,0.5260869565217391,1
7612.0,4.839858118759853,0.541907514450867,0.44232790331056226,1
1835.0,4.633242506811989,0.4594005449591281,0.5024523160762943,1
2607.0,4.971614883007288,0.4706559263521289,0.5155350978135789,1
3838.0,4.9546638874413755,0.4405940594059406,0.4611776967170401,1
3186.0,5.0251098556183305,0.48932831136220967,0.5015693659761457,1
2502.0,5.5799360511590725,0.542765787370104,0.5071942446043165,1
3790.0,5.333245382585752,0.52532981530343,0.46068601583113455,1
2571.0,5.060676779463244,0.4978607545702061,0.5993776740567872,1
3755.0,4.695339547270306,0.537150466045273,0.5195739014647137,1
3798.0,4.79884149552396,0.49710373880989994,0.4955239599789363,1
2032.0,5.329232283464567,0.453248031496063,0.5590551181102362,1
2439.0,4.65559655596556,0.4776547765477655,0.46904469044690444,1
2978.0,4.750503693754197,0.5423102753525856,0.522834116856951,1
1985.0,5.252392947103274,0.490176322418136,0.6287153652392947,1
1760.0,4.845454545454546,0.5,0.5392045454545454,1
2735.0,4.847166361974406,0.5009140767824497,0.5188299817184644,1
7511.0,4.896152309945413,0.46571694847556916,0.4219145253628012,1
3213.0,4.9567382508558975,0.5468409586056645,0.48241518829754126,1
3644.0,5.197036223929747,0.5535126234906695,0.4796926454445664,1
2875.0,5.144,0.4796521739130435,0.4295652173913043,1
9246.0,5.292558944408393,0.48972528661042614,0.4062297209604153,1
2063.0,5.0063015026660205,0.5356277266117305,0.6044595249636452,1
3000.0,4.981333333333334,0.5006666666666667,0.45466666666666666,1
3361.0,5.024397500743826,0.479024099970247,0.5111573936328474,1
4715.0,4.542523860021209,0.47741251325556733,0.2943796394485684,1
3403.0,4.90772847487511,0.520129297678519,0.46547164266823393,1
5909.0,4.963276358097817,0.4567608732442038,0.4454222372651887,1
4472.0,4.415250447227192,0.39132379248658317,0.32602862254025045,1
3609.0,4.454696591853699,0.4170130229980604,0.33388750346356333,1
2755.0,5.0395644283121594,0.4911070780399274,0.46860254083484576,1
5163.0,5.10536509781135,0.5440635289560333,0.4640712763896959,1
21674.0,4.250530589646581,0.5169327304604595,0.25929685337270464,1
4470.0,5.164653243847875,0.516331096196868,0.49328859060402686,1
2147.0,4.554261760596181,0.5253842571029343,0.5691662785281788,1
3169.0,4.946670874092773,0.5326601451562007,0.55632691700852,1
2058.0,4.892128279883382,0.4616132167152575,0.5461613216715258,1
2561.0,4.638422491214369,0.43615775087856307,0.43693869582194456,1
2092.0,4.7203632887189295,0.530114722753346,0.45267686424474185,1
7561.0,4.685623594762598,0.4713662213992858,0.39902129347969845,1
2079.0,4.974987974987975,0.40885040885040885,0.5141895141895142,1
2384.0,4.887164429530201,0.4966442953020134,0.36283557046979864,1
3063.0,4.4714332353901405,0.4018935683969964,0.3754489063010121,1
1893.0,5.082937136819862,0.4791336502905441,0.5657686212361331,1
2032.0,4.947834645669292,0.4940944881889764,0.5344488188976378,1
3595.0,4.971070931849791,0.47399165507649516,0.48066759388038943,1
2404.0,4.928452579034942,0.48544093178036607,0.5952579034941764,1
2434.0,4.7436318816762535,0.5069843878389483,0.5743631881676253,1
3572.0,4.94568868980963,0.4686450167973124,0.458006718924972,1
5073.0,4.82160457323083,0.5038438793613247,0.33471318746303963,1
8512.0,4.604910714285714,0.5198543233082706,0.41329887218045114,1
3043.0,5.274728885967795,0.49293460400920147,0.48274728885967794,1
2118.0,4.546742209631728,0.4513692162417375,0.34608120868744097,1
10868.0,5.037357379462643,0.5470187707029812,0.39832535885167464,1
2207.0,4.968282736746715,0.5088355233348437,0.5971907566832805,1
2874.0,5.018441196938065,0.47981906750173975,0.5386221294363257,1
6504.0,4.939421894218942,0.5873308733087331,0.4237392373923739,1
2984.0,4.682975871313673,0.4178954423592493,0.41152815013404825,1
5098.0,5.1100431541781095,0.5843468026677129,0.4774421341702628,1
4710.0,4.819108280254777,0.4861995753715499,0.489171974522293,1
3023.0,4.57724115117433,0.4770095931194178,0.4856103208733047,1
8546.0,4.745963023636789,0.5005850690381465,0.47437397612918325,1
4447.0,4.577243085225995,0.44816730380031483,0.33977962671463907,1
10617.0,4.901290383347462,0.4742394273335217,0.4208345106904022,1
2782.0,4.509705248023005,0.47375988497483823,0.5158159597411934,1
2438.0,4.876127973748974,0.5266611977030353,0.5537325676784249,1
4584.0,4.894633507853404,0.487565445026178,0.5329406631762653,1
2270.0,4.888546255506608,0.5246696035242291,0.5299559471365639,1
2402.0,4.96586178184846,0.5320566194837635,0.5607826810990841,1
4061.0,4.813838955922186,0.5631617828121153,0.5311499630632849,1
5387.0,4.247076294783739,0.5106738444403193,0.43901986263226284,1
3790.0,5.211081794195251,0.5327176781002638,0.521108179419525,1
2694.0,4.9832962138084635,0.477728285077951,0.48552338530066813,1
7471.0,4.785972426716637,0.47811537946727345,0.44144023557756656,1
6297.0,4.947752898205494,0.43703350801969193,0.4349690328727966,1
4638.0,5.106727037516171,0.5243639499784389,0.4922380336351876,1
5544.0,5.551587301587301,0.6078643578643579,0.47005772005772006,1
3959.0,5.140692093963122,0.5046728971962616,0.4761303359434201,1
2401.0,5.110787172011662,0.5356101624323198,0.5131195335276968,1
2039.0,4.537027954879843,0.577243746934772,0.5095635115252575,1
4174.0,5.178725443219933,0.4501677048394825,0.439865836128414,1
6492.0,4.939155884165126,0.5552988293284042,0.466728280961183,1
4089.0,4.689655172413793,0.5595500122279286,0.5627292736610419,1
8965.0,5.357612939208031,0.4759620747350809,0.43234802007808143,1
3076.0,4.955136540962289,0.4866710013003901,0.5159297789336801,1
2217.0,4.999548940009022,0.4803788903924222,0.5426251691474966,1
3622.0,5.138873550524572,0.518498067366096,0.34870237437879625,1
6657.0,5.1571278353612735,0.46462370437133843,0.4925642181162686,1
2874.0,4.667014613778706,0.45789839944328464,0.5139178844815588,1
3322.0,5.172185430463577,0.4858518964479229,0.4539434075857917,1
2478.0,5.200161420500404,0.5855528652138822,0.5040355125100888,1
2463.0,5.069427527405603,0.464880227365002,0.4989849776695087,1
2851.0,4.582602595580498,0.47281655559452823,0.4152928796913364,1
2680.0,5.003358208955224,0.5257462686567164,0.5111940298507462,1
2516.0,4.863275039745628,0.41414944356120825,0.46621621621621623,1
4060.0,4.98423645320197,0.4618226600985222,0.491871921182266,1
3267.0,5.278849097030915,0.5090296908478726,0.5564738292011019,1
3469.0,4.622369558950706,0.5211876621504756,0.5012972038051312,1
13193.0,5.066702038960055,0.48449935571894187,0.411733495035246,1
6894.0,5.059181897302002,0.5147954743255004,0.41456338845372787,1
2135.0,4.936299765807963,0.4786885245901639,0.5681498829039813,1
2648.0,4.7904078549848945,0.46865558912386707,0.4679003021148036,1
2452.0,5.091761827079935,0.4730831973898858,0.49959216965742254,1
2151.0,5.097164109716411,0.4904695490469549,0.5439330543933054,1
1983.0,5.346444780635401,0.5204236006051437,0.5985879979828542,1
2430.0,4.555555555555555,0.5106995884773663,0.5419753086419753,1
2708.0,5.255539143279173,0.5059084194977843,0.5454209748892171,1
3696.0,5.225108225108225,0.466991341991342,0.4283008658008658,1
2801.0,5.079257408068547,0.467690110674759,0.48268475544448414,1
2572.0,5.005054432348367,0.44673405909797825,0.5462674961119751,1
2827.0,4.811107180756986,0.42412451361867703,0.45454545454545453,1
2076.0,5.1247591522158,0.5255298651252408,0.6117533718689788,1
5772.0,4.580561330561331,0.4939362439362439,0.36486486486486486,1
2593.0,4.850752024681836,0.46625530273814114,0.5769379097570382,1
7382.0,4.776889731780005,0.5191005147656461,0.37252777025196426,1
3100.0,4.966129032258064,0.45225806451612904,0.5290322580645161,1
5575.0,4.926995515695067,0.486457399103139,0.3989237668161435,1
2750.0,5.277454545454545,0.4934545454545455,0.44545454545454544,1
2500.0,4.6756,0.4412,0.5364,1
1934.0,5.073940020682524,0.4612202688728025,0.45553257497414684,1
2026.0,5.161895360315893,0.46692991115498517,0.5162882527147088,1
2136.0,4.808988764044944,0.5252808988764045,0.5383895131086143,1
18700.0,5.348288770053476,0.5887700534759358,0.45705882352941174,1
3311.0,4.797644216248868,0.44639081848384177,0.47357293868921774,1
3039.0,4.959526159921027,0.4136229022704837,0.46561368871339254,1
13746.0,5.399898152189728,0.5176778699257966,0.33471555361559724,1
2834.0,5.39167254763585,0.4872971065631616,0.5112914608327452,1
1983.0,5.099344427634897,0.5204236006051437,0.5975794251134644,1
8068.0,5.50805651958354,0.6327466534457115,0.43393653941497273,1
4175.0,5.176047904191617,0.5295808383233533,0.504431137724551,1
4546.0,4.554773427188738,0.4654641443026837,0.41553013638363395,1
3266.0,5.14727495407226,0.5171463563992652,0.46111451316595226,1
5825.0,5.08274678111588,0.5943347639484978,0.31622317596566524,1
3542.0,5.011575381140599,0.5347261434217956,0.39073969508752115,1
3621.0,5.146920740127037,0.5310687655343828,0.46175089754211546,1
4581.0,4.612311722331369,0.4865749836280288,0.4223968565815324,1
4801.0,5.141220579046032,0.5461362216204957,0.4936471568423245,1
3573.0,4.6034144976210465,0.4354883851105514,0.46711446963336134,1
3208.0,5.04145885286783,0.48129675810473815,0.4850374064837905,1
2259.0,4.939796370075254,0.5449313855688358,0.5962815405046481,1
1944.0,5.318415637860082,0.5468106995884774,0.448559670781893,1
5399.0,5.081311353954436,0.5338025560288943,0.43619188738655307,1
1793.0,5.123814835471277,0.5175683212493029,0.4762967094255438,1
3498.0,5.2793024585477415,0.5200114351057747,0.5168667810177244,1
2932.0,4.85743519781719,0.41371077762619374,0.44236016371077763,1
4292.0,5.647250698974837,0.7157502329916123,0.6258154706430569,1
2464.0,4.853084415584416,0.5186688311688312,0.43709415584415584,1
3132.0,4.801404853128991,0.44699872286079184,0.4054916985951469,1
2892.0,4.853042876901798,0.48686030428769017,0.5418395573997233,1
3140.0,4.857006369426752,0.4856687898089172,0.5490445859872611,1
7758.0,4.225186903841196,0.5212683681361175,0.29105439546274814,1
2921.0,6.074289626840123,0.7209859637110578,0.6446422458062308,1
5293.0,4.812771585112412,0.5133194785565842,0.44284904590969204,1
3355.0,4.639344262295082,0.4461997019374069,0.49239940387481373,1
8264.0,5.076597289448209,0.4978218780251694,0.46357696030977735,1
4413.0,4.510310446408339,0.498527079084523,0.4847042828008158,1
1994.0,4.689067201604814,0.48495486459378134,0.5285857572718154,1
2435.0,4.812731006160164,0.497741273100616,0.4887063655030801,1
2102.0,4.790675547098002,0.49191246431969554,0.5699333967649858,1
4912.0,4.866042345276873,0.5311482084690554,0.5360342019543974,1
2159.0,4.833256137100509,0.48448355720240854,0.5673923112552107,1
2539.0,4.289484048838125,0.48601811736904293,0.398188263095707,1
2116.0,5.0061436672967865,0.45982986767485823,0.5737240075614367,1
4230.0,4.894089834515366,0.41371158392434987,0.21843971631205675,1
4219.0,4.500355534486845,0.42118985541597537,0.39701351031050014,1
3052.0,4.931192660550459,0.5638925294888598,0.5258846657929227,1
2431.0,5.105306458247635,0.49238996297819826,0.5178938708350473,1
2468.0,5.081037277147487,0.5782009724473258,0.5538897893030794,1
3181.0,5.25872367180132,0.5454259666771456,0.433825840930525,1
2731.0,4.78469425119004,0.45331380446722813,0.4957890882460637,1
1927.0,4.903995848469123,0.4561494551115724,0.49507005708354956,1
2360.0,4.921610169491525,0.6216101694915255,0.5601694915254237,1
5820.0,4.78127147766323,0.5254295532646048,0.3527491408934708,1
3412.0,5.278135990621337,0.46776084407971863,0.3909730363423212,1
4857.0,5.1136504014823965,0.5126621371216801,0.404982499485279,1
2662.0,4.7175056348610065,0.535687453042825,0.5379413974455297,1
7316.0,4.969928922908693,0.5140787315472936,0.37219792236194643,1
3353.0,5.1419624217118995,0.5058156874440799,0.5451834178347749,1
2195.0,4.520273348519362,0.5635535307517084,0.5822323462414578,1
3404.0,5.051116333725029,0.46533490011750883,0.4612220916568743,1
3077.0,4.906727331816705,0.4605134871628209,0.4081897952551186,1
2573.0,5.065293431791683,0.46599300427516516,0.5441119315973572,1
2650.0,4.996226415094339,0.5113207547169811,0.4716981132075472,1
2513.0,4.866295264623956,0.4568245125348189,0.5017906884202149,1
4711.0,5.187433665888347,0.4850350244109531,0.5043515177244746,1
3907.0,4.77322754031226,0.5101100588686972,0.5052469925774251,1
2767.0,4.741597397903867,0.509938561619082,0.5265630646910011,1
2375.0,5.6387368421052635,0.6273684210526316,0.5494736842105263,1
3797.0,5.632868053726626,0.6281274690545168,0.5356860679483803,1
4095.0,5.657631257631258,0.6293040293040293,0.5106227106227106,1
2628.0,5.007229832572298,0.526255707762557,0.4832572298325723,1
2232.0,5.074820788530466,0.507168458781362,0.5156810035842294,1
4013.0,5.307002242711189,0.48542237727385995,0.47047096934961374,1
3667.0,4.724297791109899,0.4655031360785383,0.40114535042268884,1
2456.0,4.782166123778501,0.5101791530944625,0.5488599348534202,1
2320.0,5.027155172413793,0.4331896551724138,0.5280172413793104,1
3479.0,5.259557344064386,0.49841908594423684,0.5079045702788157,1
2012.0,4.737574552683896,0.525844930417495,0.3633200795228628,1
5256.0,5.010083713850837,0.4882039573820396,0.3942161339421613,1
2131.0,5.43500703894885,0.4791177850774284,0.5110276865321446,1
2813.0,5.245289726270885,0.4656949875577675,0.5055101315321721,1
3990.0,4.36265664160401,0.5358395989974938,0.3719298245614035,1
5910.0,4.406598984771573,0.49796954314720815,0.36091370558375635,1
8121.0,4.785001847063169,0.4754340598448467,0.40857037310676025,1
2250.0,5.2,0.5097777777777778,0.5013333333333333,1
2022.0,5.30811078140455,0.4930761622156281,0.543026706231454,1
3392.0,4.954893867924528,0.4997051886792453,0.4254127358490566,1
2963.0,4.80121498481269,0.5727303408707392,0.5153560580492744,1
2179.0,5.093162000917852,0.525929325378614,0.612207434603029,1
3176.0,4.802896725440806,0.41845088161209065,0.4864609571788413,1
4784.0,4.53950668896321,0.46488294314381273,0.4669732441471572,1
2639.0,5.098143236074271,0.47555892383478593,0.5365668813944676,1
2664.0,4.937687687687688,0.4451951951951952,0.5281531531531531,1
2531.0,5.175819834057685,0.4804425128407744,0.5511655472145397,1
4520.0,5.023008849557522,0.48628318584070795,0.4705752212389381,1
13990.0,5.135596854896354,0.4994996426018585,0.41758398856325946,1
4053.0,5.20774734764372,0.463360473723168,0.536886257093511,1
5392.0,5.042470326409496,0.4872032640949555,0.4284124629080119,1
1913.0,4.958703606900157,0.46889702038682696,0.5321484579194982,1
2199.0,4.954070031832651,0.5334242837653479,0.5429740791268759,1
9419.0,5.033549209045546,0.5097144070495806,0.35863679796156706,1
3192.0,4.8007518796992485,0.4558270676691729,0.4968671679197995,1
2091.0,4.95456719273075,0.44763271162123386,0.4610234337637494,1
9325.0,5.049329758713137,0.5926005361930294,0.486970509383378,1
1973.0,4.86112519006589,0.486568677141409,0.6168271667511404,1
2938.0,4.625255275697754,0.540503744043567,0.5272294077603812,1
2733.0,4.727771679473107,0.4668862056348335,0.557628979143798,1
4270.0,4.962997658079625,0.4962529274004684,0.5110070257611241,1
4284.0,4.758403361344538,0.5165732959850607,0.5126050420168067,1
2216.0,4.926895306859206,0.5207581227436823,0.5112815884476535,1
2035.0,4.676167076167077,0.48402948402948404,0.5218673218673219,1
2187.0,5.375400091449474,0.49016918152720623,0.5482395976223137,1
3006.0,5.324683965402528,0.5282767797737857,0.3393213572854291,1
2493.0,4.682310469314079,0.5098275170477337,0.5278780585639792,1
2860.0,4.882517482517483,0.5276223776223776,0.577972027972028,1
9351.0,5.224254090471607,0.5043310875842156,0.4344989840658753,1
19158.0,5.231130598183526,0.489247311827957,0.33818770226537215,1
2905.0,4.825473321858864,0.5015490533562823,0.48984509466437176,1
2114.0,4.690633869441816,0.5056764427625354,0.5581835383159887,1
14080.0,4.971377840909091,0.5415482954545454,0.41115056818181817,1
3371.0,4.762681696825868,0.5689706318599822,0.4731533669534263,1
2037.0,5.186548846342661,0.5174275895925381,0.5424644084437898,1
3368.0,5.287410926365796,0.5495843230403801,0.40409738717339666,1
3523.0,4.800738007380073,0.5347715015611695,0.5472608572239569,1
2599.0,4.906887264332435,0.47056560215467486,0.4447864563293574,1
2505.0,4.699001996007984,0.513373253493014,0.4782435129740519,1
5967.0,4.894419306184012,0.5101390983743925,0.4058991117814647,1
2440.0,4.725819672131148,0.46967213114754097,0.5311475409836065,1
3809.0,5.071934891047519,0.4807035967445524,0.4604883171436073,1
2539.0,4.961008270972824,0.4706577392674281,0.5265852697912564,1
2960.0,4.757432432432433,0.4594594594594595,0.5084459459459459,1
3016.0,4.60842175066313,0.4552387267904509,0.5298408488063661,1
2982.0,5.043259557344064,0.47183098591549294,0.5492957746478874,1
2436.0,4.808292282430213,0.4667487684729064,0.46264367816091956,1
2427.0,4.687680263700041,0.4297486608982283,0.5517099299546766,1
2340.0,5.555128205128205,0.4982905982905983,0.4482905982905983,1
2067.0,4.926463473633285,0.5462022254475085,0.5824866956942428,1
2406.0,4.768911055694098,0.5448877805486284,0.4393183707398171,1
2730.0,5.002197802197802,0.49853479853479854,0.5238095238095238,1
4151.0,4.7448807516261144,0.4914478438930378,0.5068658154661527,1
5704.0,5.230890603085554,0.511921458625526,0.3502805049088359,1
2328.0,5.024914089347079,0.4849656357388316,0.5077319587628866,1
2198.0,5.197452229299363,0.5191082802547771,0.5409463148316651,1
2218.0,5.118124436429215,0.5166816952209198,0.5969341749323716,1
4379.0,4.633706325645124,0.5357387531399863,0.43982644439369717,1
1977.0,4.795649974709155,0.47091552857865454,0.5346484572584724,1
3047.0,5.2307187397440105,0.4699704627502461,0.5333114538890712,1
2880.0,4.912847222222222,0.4791666666666667,0.5111111111111111,1
3553.0,4.877286799887419,0.4891640866873065,0.5189980298339432,1
2327.0,5.041684572410829,0.5234207133648474,0.6183927804039536,1
9815.0,5.4526744778400404,0.586856851757514,0.48874172185430464,1
1964.0,4.664460285132383,0.3645621181262729,0.37372708757637474,1
2112.0,4.894412878787879,0.5359848484848485,0.5871212121212122,1
1890.0,4.7597883597883595,0.4195767195767196,0.4857142857142857,1
1976.0,4.843117408906883,0.4908906882591093,0.5875506072874493,1
2546.0,4.902985074626866,0.5510604870384918,0.48546739984289083,1
2666.0,4.8203300825206306,0.5183795948987246,0.46136534133533386,1
2564.0,4.83034321372855,0.4984399375975039,0.5187207488299532,1
5857.0,4.821581014171078,0.4831825166467475,0.3955950145125491,1
3769.0,4.986468559299549,0.518970549217299,0.4568851154152295,1
2203.0,5.077167498865184,0.5224693599636859,0.48252383113935543,1
3024.0,4.885251322751323,0.5515873015873016,0.5238095238095238,1
3062.0,4.911822338340953,0.49804049640757675,0.4836708033964729,1
11340.0,4.824250440917107,0.4687830687830688,0.3934744268077601,1
4578.0,4.892747924858017,0.5283966797728266,0.4764089121887287,1
4045.0,4.804944375772559,0.48529048207663783,0.5253399258343634,1
2473.0,4.841083704003235,0.5382126971289931,0.5596441568944601,1
2934.0,4.132583503749148,0.49591002044989774,0.5122699386503068,1
2580.0,4.978294573643411,0.5244186046511627,0.49573643410852714,1
2624.0,4.879573170731708,0.4919969512195122,0.5766006097560976,1
3697.0,4.830403029483365,0.48850419258858535,0.5350284014065458,1
2083.0,5.023043686989919,0.4824771963514162,0.501200192030725,1
2639.0,5.010989010989011,0.4929897688518378,0.5630920803334597,1
2221.0,4.972084646555605,0.520036019810896,0.5411976587122918,1
2167.0,5.186432856483618,0.509460083064144,0.4536225196123673,1
2486.0,5.0374094931617055,0.5245374094931617,0.5744167337087691,1
2691.0,4.950575994054255,0.5098476402824229,0.5466369379412858,1
5374.0,4.917379977670264,0.48120580573129884,0.33848157796799405,1
2772.0,4.895382395382395,0.5321067821067821,0.5670995670995671,1
2419.0,4.690367920628359,0.4460520876395205,0.4344770566349731,1
5104.0,4.8130877742946705,0.5288009404388715,0.4898119122257053,1
4385.0,5.392474344355758,0.5746864310148233,0.44332953249714935,1
1989.0,4.827551533433886,0.481649069884364,0.5424836601307189,1
5209.0,4.788827030140142,0.4400076790170858,0.4791706661547322,1
2688.0,5.123139880952381,0.5327380952380952,0.5677083333333334,1
2146.0,4.723671947809879,0.5479962721342032,0.5787511649580616,1
4429.0,5.185594942424927,0.5102731993678031,0.4386994806954166,1
7450.0,4.668053691275168,0.5194630872483221,0.33046979865771814,1
3370.0,5.044510385756676,0.48160237388724036,0.48189910979228484,1
12280.0,4.896172638436482,0.49006514657980454,0.3509771986970684,1
5107.0,5.256119052281183,0.4856079890346583,0.4703348345408263,1
3015.0,4.069983416252073,0.433167495854063,0.382089552238806,1
1975.0,4.860759493670886,0.43696202531645567,0.5478481012658228,1
1982.0,4.863773965691221,0.4429868819374369,0.4445005045408678,1
3022.0,5.009265387160821,0.5158835208471211,0.5066181336863005,1
3211.0,5.03986297103706,0.5123014637184677,0.46745562130177515,1
6938.0,4.771980397809167,0.47492072643413086,0.4218795041798789,1
2474.0,5.162085691188359,0.6204527081649152,0.5642683912691997,1
5347.0,4.891714980362821,0.516551337198429,0.38357957733308395,1
5437.0,4.95217951075961,0.4892403899209123,0.4844583409968733,1
2541.0,4.931523022432113,0.5474222746950019,0.5269578905942542,1
6678.0,4.817011081162025,0.46196466007786763,0.40386343216531895,1
2546.0,4.623330714846818,0.47800471327572663,0.4422623723487824,1
3671.0,4.935984745301008,0.4843366929991828,0.49169163715608827,1
3457.0,5.209140873589818,0.5522129013595604,0.5498987561469483,1
3386.0,5.077082102776137,0.5460720614294152,0.5472533963378617,1
3082.0,4.999026606099935,0.5113562621674238,0.4646333549643089,1
2861.0,5.00069905627403,0.5127577770010486,0.29220552254456483,1
7081.0,5.051546391752577,0.49074989408275665,0.40107329473238246,1
5801.0,4.449750043096018,0.43854507843475266,0.4249267367695225,1
13199.0,4.798772634290477,0.4698083188120312,0.33517690734146527,1
2505.0,5.339321357285429,0.5173652694610779,0.49860279441117766,1
2459.0,5.409516063440423,0.530296868645791,0.5091500610004067,1
2299.0,4.602000869943454,0.510656807307525,0.5241409308394954,1
2306.0,4.7666955767562875,0.5138768430182133,0.5962705984388552,1
2052.0,4.801656920077972,0.47417153996101363,0.584307992202729,1
5568.0,4.822198275862069,0.5704022988505747,0.4985632183908046,1
2125.0,5.126117647058823,0.45694117647058824,0.5331764705882353,1
2713.0,4.8595650571323254,0.4961297456690011,0.576852193144121,1
2167.0,5.038763267189663,0.5103830179972312,0.543608675588371,1
2283.0,5.490582566798072,0.5654840122645641,0.6456416995181778,1
4235.0,5.066824085005903,0.4833530106257379,0.525383707201889,1
1945.0,4.861696658097687,0.4123393316195373,0.47763496143958867,1
5945.0,4.802859545836838,0.43095037846930195,0.40218671152228763,1
4608.0,5.187065972222222,0.4971788194444444,0.4739583333333333,1
2489.0,5.025311370028124,0.5315387705905986,0.5857774206508638,1
1990.0,4.730150753768844,0.4653266331658292,0.5527638190954773,1
4444.0,4.937893789378938,0.5657065706570658,0.47029702970297027,1
2829.0,5.080240367621068,0.5249204665959704,0.44609402615765287,1
4996.0,4.903122497998399,0.5412329863891113,0.500400320256205,1
3849.0,4.659651857625358,0.6082099246557547,0.47388932190179267,1
7320.0,4.615027322404371,0.5103825136612021,0.43224043715846994,1
2165.0,5.126558891454965,0.5972286374133949,0.4646651270207852,1
6078.0,4.981408358012504,0.5765054294175715,0.34912800263244487,1
10750.0,5.106511627906976,0.4890232558139535,0.31953488372093025,1
2465.0,4.509939148073022,0.4787018255578093,0.506288032454361,1
2775.0,4.952432432432432,0.4735135135135135,0.4854054054054054,1
3938.0,4.6660741493143725,0.601320467242255,0.5406297613001524,1
1929.0,4.940383618455158,0.4976671850699845,0.4769310523587351,1
4185.0,5.1187574671445635,0.5660692951015531,0.5373954599761052,1
2197.0,5.518889394629039,0.5580336822940373,0.5302685480200273,1
16906.0,5.407725068023187,0.5506329113924051,0.42830947592570684,1
2026.0,5.227048371174728,0.5088845014807503,0.5478775913129319,1
3775.0,5.015099337748344,0.49456953642384105,0.5083443708609271,1
3054.0,4.725933202357564,0.5985592665356909,0.5844793713163065,1
2928.0,5.023907103825136,0.49043715846994534,0.5133196721311475,1
3473.0,5.029081485747192,0.5001439677512237,0.47595738554563777,1
3254.0,5.034111862323295,0.42470805162876457,0.3936693300553165,1
2737.0,5.052246985750822,0.5027402265253927,0.5443916697113628,1
2299.0,5.135276207046542,0.5058721183123097,0.49282296650717705,1
2812.0,4.9672830725462305,0.4701280227596017,0.527027027027027,1
3595.0,4.381919332406119,0.4342141863699583,0.37830319888734354,1
2442.0,5.003276003276003,0.4905814905814906,0.547911547911548,1
3925.0,5.0448407643312105,0.46496815286624205,0.47312101910828025,1
4688.0,4.932807167235495,0.4972269624573379,0.4249146757679181,1
1808.0,4.9878318584070795,0.5790929203539823,0.6404867256637168,1
1998.0,4.816816816816817,0.44644644644644643,0.4034034034034034,1
1946.0,4.827852004110997,0.55344295991778,0.5960945529290853,1
2346.0,5.166240409207161,0.5899403239556692,0.592071611253197,1
2257.0,4.435090828533451,0.45857332742578644,0.4838280903854674,1
2535.0,4.4,0.452465483234714,0.4516765285996055,1
2229.0,5.193360251233737,0.5576491700314042,0.6191117092866757,1
1983.0,4.751891074130106,0.5063035804336863,0.5597579425113465,1
3341.0,5.064052678838671,0.5803651601316971,0.5031427716252619,1
2202.0,5.156675749318801,0.46684831970935514,0.5495004541326067,1
2275.0,4.757362637362637,0.5287912087912088,0.48131868131868133,1
4591.0,5.180570681768677,0.4933565671966892,0.5035939882378567,1
2012.0,4.606361829025845,0.5576540755467196,0.5760437375745527,1
5093.0,4.82053799332417,0.4961712153936776,0.4928333006086786,1
2580.0,4.662015503875969,0.5263565891472868,0.45503875968992247,1
3421.0,5.206372405729319,0.5340543700672318,0.5030692779888921,1
3805.0,5.041787122207621,0.4898817345597897,0.5216819973718791,1
3728.0,4.377414163090129,0.4959763948497854,0.35702789699570814,1
3001.0,5.199933355548151,0.571142952349217,0.4888370543152283,1
2003.0,5.421367948077883,0.49925112331502747,0.510234648027958,1
4149.0,4.964087731983611,0.5304892745239816,0.4834899975897807,1
3768.0,4.712845010615712,0.4315286624203822,0.35828025477707004,1
2292.0,5.098167539267016,0.5287958115183246,0.6090750436300174,1
7374.0,5.184296175752644,0.4989151071331706,0.4176837537293192,1
2657.0,5.083552879187053,0.4441098983816334,0.4452389913436206,1
5138.0,5.015959517321916,0.48112105877773453,0.4867652783184118,1
4618.0,4.803378085751407,0.5225205716760503,0.5357297531398874,1
4895.0,5.344433094994892,0.5517875383043922,0.4424923391215526,1
2350.0,4.969361702127659,0.534468085106383,0.5370212765957447,1
2020.0,4.599009900990099,0.5772277227722772,0.5381188118811882,1
5302.0,4.740286684270087,0.45454545454545453,0.4026782346284421,1
1908.0,4.821802935010482,0.48218029350104824,0.48165618448637315,1
2602.0,5.047655649500384,0.5545734050730208,0.526902382782475,1
4693.0,4.398678883443426,0.4579160451736629,0.4001704666524611,1
13617.0,4.829845046632886,0.43511786737166774,0.30124109568921204,1
1905.0,4.918635170603674,0.49501312335958003,0.5364829396325459,1
3120.0,4.7913461538461535,0.610897435897436,0.5038461538461538,1
6532.0,5.036282914880588,0.4924984690753215,0.42146356399265156,1
2516.0,5.151430842607313,0.5242448330683624,0.5286168521462639,1
4821.0,4.94814353868492,0.4963700477079444,0.4611076540136901,1
2613.0,4.965556831228473,0.4898584003061615,0.4753157290470723,1
3750.0,4.8613333333333335,0.5562666666666667,0.5048,1
10101.0,5.240768240768241,0.5065835065835066,0.40124740124740127,1
5848.0,4.909028727770178,0.5054719562243503,0.3847469220246238,1
3257.0,4.946576604237028,0.5431378569235493,0.5382253607614369,1
2196.0,5.057832422586521,0.46174863387978143,0.48360655737704916,1
4265.0,4.850410316529895,0.4935521688159437,0.48581477139507623,1
9132.0,5.155935173017959,0.48149364870784056,0.4819316688567674,1
3011.0,4.792759880438393,0.4995018266356692,0.4915310528063766,1
3155.0,5.095721077654517,0.494770206022187,0.5131537242472266,1
14269.0,5.031256570187119,0.4626112551685472,0.37935384399747707,1
3702.0,4.620745542949757,0.42301458670988656,0.37304159913560236,1
4343.0,4.964540640110522,0.5288970757540871,0.47133317982961087,1
3584.0,4.794363839285714,0.4779575892857143,0.5072544642857143,1
5404.0,4.796076980014804,0.4363434492968172,0.38064396743153217,1
2464.0,4.907467532467533,0.4569805194805195,0.5710227272727273,1
5132.0,5.151597817614965,0.5557287607170693,0.5210444271239283,1
3303.0,4.887980623675446,0.4738116863457463,0.43082046624280956,1
2614.0,4.902448355011477,0.45294567712318284,0.4517980107115532,1
2316.0,4.84412780656304,0.48661485319516407,0.5254749568221071,1
8775.0,4.867350427350427,0.5171509971509971,0.4386324786324786,1
10757.0,5.060797620154318,0.4889839174491029,0.39053639490564285,1
3003.0,4.894105894105894,0.49683649683649683,0.5254745254745254,1
3651.0,4.476307860860039,0.46863872911531085,0.4620651876198302,1
2064.0,4.859011627906977,0.4530038759689923,0.4888565891472868,1
2173.0,5.348366313851818,0.5167970547630004,0.5140358950759318,1
2223.0,5.0701754385964914,0.6027890238416554,0.6531713900134952,1
3708.0,5.086839266450917,0.551779935275081,0.482470334412082,1
4377.0,4.720813342472013,0.47064199223212244,0.4368288782270962,1
3814.0,4.749868904037756,0.4716832721552176,0.43838489774514944,1
4668.0,5.088903170522708,0.5087832047986289,0.4181662382176521,1
2518.0,5.189436060365369,0.47537728355837966,0.5583796664019063,1
2370.0,4.975105485232067,0.4805907172995781,0.3860759493670886,1
2874.0,4.733472512178149,0.5006958942240779,0.5156576200417536,1
3922.0,4.382967873533912,0.47424783273839877,0.4592044875063743,1
2692.0,5.1248142644873695,0.5605497771173849,0.5334323922734027,1
3608.0,5.053492239467849,0.503880266075388,0.5263303769401331,1
1975.0,4.847088607594936,0.5068354430379747,0.5554430379746835,1
7634.0,4.897825517422059,0.5276395074665968,0.388263033796175,1
4439.0,5.03514305023654,0.4793872493804911,0.5025906735751295,1
2152.0,4.889405204460966,0.5106877323420075,0.5487918215613383,1
4609.0,4.972879149490128,0.4241701019743979,0.4250379691907138,1
10911.0,4.92924571533315,0.5090275868389699,0.37650077903033635,1
2125.0,4.573176470588235,0.536,0.4602352941176471,1
7519.0,5.092166511504189,0.48769783215853174,0.4279824444739992,1
3921.0,5.514664626370823,0.5962764600867125,0.4590665646518745,1
2023.0,4.897676717745922,0.5111220958971824,0.5333662876915473,1
2618.0,4.605423987776929,0.4709702062643239,0.3372803666921314,1
2932.0,4.85675306957708,0.502387448840382,0.5344474761255116,1
2742.0,4.950401167031364,0.4668125455871627,0.5448577680525164,1
12782.0,5.092082616179002,0.48122359568142703,0.4358472852448756,1
2366.0,5.012256973795435,0.4243448858833474,0.49323753169907014,1
4364.0,5.2651237396883594,0.5160403299725023,0.45348304307974335,1
2280.0,5.121052631578947,0.4530701754385965,0.4982456140350877,1
3355.0,4.806855439642325,0.49210134128166916,0.46885245901639344,1
3570.0,4.759943977591036,0.5086834733893557,0.515126050420168,1
2678.0,4.930171769977595,0.5164301717699776,0.5209111277072442,1
1548.0,4.724160206718346,0.49870801033591733,0.4541343669250646,1
2071.0,4.591501690004828,0.47899565427329793,0.5316272332206663,1
4291.0,4.621067350268003,0.4644604987182475,0.47448147285015146,1
3158.0,4.394236858771374,0.5297656744775174,0.4658011399620013,1
2340.0,4.93974358974359,0.49230769230769234,0.5491452991452992,1
1990.0,4.548241206030151,0.4396984924623116,0.5371859296482412,1
3061.0,4.743547860176413,0.4887291734727213,0.5050637046716759,1
2423.0,5.392488650433347,0.5555096987205943,0.5703673132480396,1
2490.0,4.989558232931727,0.5052208835341365,0.5024096385542168,1
2220.0,5.18018018018018,0.5328828828828829,0.5274774774774775,1
8149.0,4.92170818505338,0.49024420174254507,0.41367038900478587,1
2109.0,5.007112375533429,0.5206258890469416,0.49312470365101946,1
4258.0,4.580554250821982,0.4643024894316581,0.45349929544387035,1
4195.0,5.077711561382598,0.5473182359952324,0.332061978545888,1
14086.0,4.963864830327985,0.5121397131904019,0.3987647309385205,1
2988.0,4.882530120481928,0.4742302543507363,0.5632530120481928,1
3675.0,5.090068027210885,0.48925170068027213,0.462312925170068,1
2360.0,4.777118644067796,0.510593220338983,0.5567796610169492,1
5874.0,5.134150493701055,0.46714334354783793,0.45743956418113724,1
2204.0,4.845281306715064,0.49319419237749546,0.5040834845735027,1
4613.0,4.1571645350097555,0.4985909386516367,0.3876002601344028,1
3803.0,4.669734420194583,0.5064422824086248,0.49382066789376805,1
2410.0,4.68298755186722,0.4946058091286307,0.5721991701244813,1
10655.0,4.6671046457062415,0.471515720319099,0.3682778038479587,1
3072.0,4.78515625,0.5188802083333334,0.5657552083333334,1
1970.0,4.969543147208122,0.46598984771573604,0.5360406091370559,1
3417.0,4.787532923617208,0.4852209540532631,0.5124378109452736,1
2183.0,4.912505726065048,0.4983967017865323,0.5148877691250573,1
3611.0,4.6590972029908615,0.4876765438936583,0.3514261977291609,1
3907.0,5.312260046071154,0.4870744816995137,0.39621192730995647,1
2498.0,4.898318654923939,0.4763811048839071,0.4967974379503603,1
2627.0,4.9318614389036926,0.4655500570993529,0.5123715264560335,1
3569.0,4.66601288876436,0.4519473241804427,0.3919865508545811,1
5238.0,4.947117220313096,0.5406643757159221,0.4284077892325315,1
2815.0,5.002131438721137,0.46536412078152756,0.39289520426287744,1
3003.0,5.000999000999001,0.4701964701964702,0.44522144522144524,1
5986.0,4.795522886735717,0.4574006014032743,0.39492148346141,1
10281.0,5.115552961774147,0.48730668222935514,0.3740881237233732,1
2467.0,4.9959464937170655,0.5224969598702878,0.4852047020672882,1
2612.0,4.261868300153139,0.41807044410413474,0.45903522205206737,1
3066.0,4.515655577299413,0.45596868884540115,0.46673189823874756,1
2192.0,4.848083941605839,0.5072992700729927,0.48677007299270075,1
3214.0,5.021157436216552,0.4698195395146235,0.48537647790914745,1
2576.0,4.9394409937888195,0.4518633540372671,0.5124223602484472,1
2036.0,5.194007858546169,0.5550098231827112,0.5830058939096268,1
6953.0,5.108298576154178,0.48367611103120955,0.40931971810729184,1
2108.0,5.190702087286527,0.5023719165085389,0.5332068311195446,1
4658.0,4.909188492915415,0.4510519536281666,0.3810648346930013,1
2378.0,4.8624894869638355,0.5828427249789739,0.5504625735912532,1
3785.0,5.0338177014531045,0.4966974900924703,0.5268163804491414,1
3071.0,5.142950179094758,0.5242591989579941,0.5268642136112016,1
5906.0,4.979850998984084,0.5045716220792414,0.4100914324415848,1
2499.0,4.405362144857943,0.49419767907162865,0.5622248899559824,1
2908.0,4.904057771664374,0.4642365887207703,0.5061898211829436,1
5918.0,4.806860425819534,0.48191956742142616,0.48935451165934435,1
2614.0,4.925019127773528,0.4678653404743688,0.5306044376434583,1
4857.0,4.665431336215771,0.46921968293185096,0.392011529750875,1
5299.0,4.734666918286469,0.5655784110209473,0.3683713908284582,1
7796.0,4.979861467419189,0.5237301180092355,0.38417136993329914,1
1415.0,5.288339222614841,0.5151943462897527,0.5031802120141343,1
3331.0,5.182227559291504,0.5169618733113179,0.4890423296307415,1
2142.0,5.254435107376284,0.49299719887955185,0.5303454715219421,1
3028.0,5.189564068692206,0.47589167767503304,0.4600396301188904,1
7788.0,5.19542886492039,0.5683102208525938,0.49422187981510013,1
2190.0,5.273059360730594,0.5328767123287671,0.6264840182648402,1
3646.0,4.865331870543061,0.4821722435545804,0.5466264399341745,1
3837.0,4.685952567109721,0.4975241073755538,0.5199374511336982,1
5371.0,4.722584248743251,0.49469372556320984,0.40215974678830757,1
2989.0,4.514218802275009,0.47908999665439944,0.516226162596186,1
5217.0,5.250335441824803,0.5830937320299022,0.5054629097182288,1
6862.0,4.9248032643544155,0.4676479160594579,0.3803555814631303,1
3198.0,4.804565353345841,0.47717323327079425,0.49530956848030017,1
3099.0,4.972249112616973,0.43691513391416587,0.45595353339787026,1
2136.0,4.713483146067416,0.45880149812734083,0.5575842696629213,1
10669.0,4.800824819570719,0.46592932795950887,0.41419064579623205,1
4445.0,4.874240719910011,0.5264341957255343,0.46951631046119235,1
2312.0,4.916522491349481,0.47750865051903113,0.4312283737024221,1
2146.0,4.88210624417521,0.44315004659832247,0.5456663560111836,1
2136.0,4.858614232209738,0.5159176029962547,0.525749063670412,1
2576.0,5.260869565217392,0.5613354037267081,0.42934782608695654,1
2433.0,5.003288121660502,0.4418413481298808,0.5425400739827374,1
2329.0,4.9179905538857875,0.5178188063546586,0.5487333619579219,1
2523.0,4.60166468489893,0.4863258026159334,0.5663892191835117,1
2000.0,4.891,0.49,0.5785,1
2267.0,6.128363475959418,0.521835024261138,0.3846493162770181,1
2733.0,4.918770581778266,0.5159165751920965,0.4961580680570801,1
2666.0,4.686796699174794,0.5180045011252813,0.3915978994748687,1
4442.0,4.8160738406123365,0.4479963980189104,0.33318325078793337,1
4434.0,4.915200721695985,0.5336039693279206,0.41520072169598554,1
2819.0,5.140830081589216,0.4824405817665839,0.4895352962043278,1
2852.0,5.092917251051893,0.4887798036465638,0.49859747545582045,1
2008.0,4.2923306772908365,0.4865537848605578,0.547808764940239,1
3807.0,5.010506960861571,0.49120042027843447,0.48148148148148145,1
4023.0,5.018642803877703,0.5090728312204822,0.42878448918717377,1
2376.0,4.953282828282828,0.4553872053872054,0.5214646464646465,1
3570.0,4.971988795518207,0.4756302521008403,0.5126050420168067,1
4614.0,4.713697442566104,0.4681404421326398,0.3610749891634157,1
6721.0,5.13896741556316,0.4923374497842583,0.37315875613747956,1
4733.0,4.9864779209803505,0.4308049862666385,0.43672089583773505,1
3309.0,4.614385010577213,0.44998488969477185,0.4412209126624358,1
2670.0,4.710486891385767,0.44756554307116103,0.5119850187265917,1
2849.0,4.7946647946647944,0.4991224991224991,0.5633555633555634,1
3098.0,4.907036797934151,0.5374435119431892,0.5816655907036798,1
5277.0,4.840439643736972,0.5283304908091718,0.4449497820731476,1
2281.0,5.503288031565103,0.5348531345900921,0.5637878123629987,1
8460.0,4.818203309692671,0.48782505910165486,0.35650118203309694,1
2604.0,5.035714285714286,0.4738863287250384,0.4846390168970814,1
2115.0,5.002364066193853,0.4581560283687943,0.2978723404255319,1
2476.0,5.016155088852988,0.48707592891760904,0.5630048465266559,1
4793.0,5.176090131441685,0.5230544544126852,0.4775714583767995,1
2074.0,4.947444551591128,0.44889103182256507,0.5308582449373191,1
2483.0,4.777688280306081,0.47442609746274667,0.42448650825614176,1
2025.0,5.35358024691358,0.557037037037037,0.4582716049382716,1
4301.0,4.980469658219019,0.5168565449895374,0.5163915368518949,1
2457.0,4.780626780626781,0.4827024827024827,0.5413105413105413,1
2438.0,5.179655455291222,0.5102543068088597,0.5213289581624282,1
4235.0,4.506021251475797,0.48288075560802834,0.4975206611570248,1
2080.0,5.0211538461538465,0.4980769230769231,0.5403846153846154,1
9067.0,4.750744457924341,0.5318186831366494,0.33638469173927427,1
7617.0,4.607588289352764,0.4709203098332677,0.4272023106209794,1
4291.0,5.487298997902587,0.4984852015847122,0.47821020741085996,1
4787.0,4.630248589931063,0.49174848548151245,0.5053269270942135,1
2041.0,5.1611954924056835,0.4973052425281725,0.5399314061734444,1
4982.0,5.107185869128864,0.4723002810116419,0.4289441991168206,1
2524.0,4.823296354992076,0.4326465927099842,0.45839936608557846,1
2871.0,4.92302333681644,0.513758272378962,0.498780912574016,1
2560.0,5.037890625,0.430859375,0.500390625,1
4417.0,5.20919175911252,0.5100747113425402,0.3706135386008603,1
2369.0,4.826509075559308,0.5137188687209793,0.6032081046855213,1
2155.0,5.064501160092807,0.5740139211136891,0.5280742459396752,1
4195.0,5.0865315852205,0.5361144219308701,0.4474374255065554,1
5809.0,4.879669478395593,0.4468927526252367,0.4582544327767258,1
2937.0,4.792986040177051,0.49948927477017363,0.4776983316309159,1
3512.0,4.84253986332574,0.47465831435079725,0.5128132118451025,1
3753.0,5.294431121769251,0.4977351452171596,0.486810551558753,1
2996.0,4.546061415220294,0.5070093457943925,0.4939919893190921,1
2888.0,4.82202216066482,0.5332409972299169,0.5522853185595568,1
3214.0,4.761356565028002,0.3879900435594275,0.3326073428749222,1
2259.0,5.2616201859229745,0.4904825143868969,0.4878264718902169,1
2057.0,4.771025765678172,0.45892075838599905,0.5060768108896451,1
5884.0,4.912474507138001,0.532800815771584,0.5023793337865398,1
5079.0,4.885804292183501,0.5063988974207522,0.40775743256546565,1
8762.0,4.71570417712851,0.498972837251769,0.42330518146541884,1
2211.0,4.815015829941203,0.4943464495703302,0.5635459068294889,1
1945.0,5.069922879177378,0.4838046272493573,0.5475578406169666,1
4044.0,5.2626112759643915,0.4957962413452028,0.5118694362017804,1
4904.0,4.44310766721044,0.4567699836867863,0.40456769983686786,1
3312.0,4.552838164251208,0.5458937198067633,0.5021135265700483,1
2152.0,4.954460966542751,0.5088289962825279,0.483271375464684,1
2413.0,4.8184832159138,0.5230004144218815,0.4620803978450062,1
3557.0,5.055102614562834,0.47624402586449255,0.4706213100927748,1
2016.0,4.934523809523809,0.5059523809523809,0.6180555555555556,1
13138.0,4.605114933779875,0.4592023138986147,0.3962551377683057,1
4274.0,4.8383247543284975,0.3823116518483856,0.2655591951333645,1
2311.0,5.768931198615318,0.606663781912592,0.5084379056685417,1
2346.0,4.931798806479113,0.5605285592497868,0.5682011935208866,1
13836.0,4.956851691240243,0.46783752529632844,0.3677363399826539,1
2410.0,4.892531120331951,0.49377593360995853,0.5531120331950208,1
3626.0,5.279646993932708,0.5281301709873139,0.4881412024269167,1
5272.0,5.135242792109256,0.5580424886191199,0.40345220030349016,1
3323.0,4.8597652723442675,0.5194101715317484,0.5591333132711406,1
4983.0,4.7122215532811556,0.47260686333534013,0.46357615894039733,1
4932.0,5.174776966747769,0.5079075425790754,0.4578264395782644,1
4401.0,4.768916155419223,0.5162463076573506,0.446034992047262,1
2309.0,4.944131658726722,0.41316587267215243,0.4720658293633608,1
2308.0,4.892547660311958,0.41767764298093585,0.5125649913344887,1
2151.0,5.5927475592747555,0.5648535564853556,0.5099953509995351,1
4254.0,5.290785143394452,0.5456041372825576,0.4992947813822285,1
2971.0,4.924604510265904,0.5035341635812858,0.5018512285425782,1
2004.0,5.036926147704591,0.5354291417165669,0.6172654690618763,1
2220.0,5.054954954954955,0.4581081081081081,0.5635135135135135,1
2101.0,5.3255592574964306,0.46311280342693956,0.5202284626368396,1
2163.0,4.925566343042071,0.47711511789181693,0.6102635228848821,1
2084.0,5.404990403071017,0.5379078694817658,0.43186180422264875,1
5177.0,5.284141394630095,0.6235271392698474,0.5254008112806645,1
2004.0,5.0409181636726546,0.5044910179640718,0.5548902195608783,1
2134.0,5.01124648547329,0.5074976569821931,0.47703842549203374,1
4832.0,4.866100993377484,0.45302152317880795,0.43853476821192056,1
1979.0,4.949469429004548,0.5042950985346134,0.46589186457806975,1
1925.0,4.723636363636364,0.5942857142857143,0.5574025974025975,1
2485.0,4.870422535211268,0.5207243460764588,0.5480885311871228,1
2397.0,4.8531497705465165,0.49687108886107634,0.46391322486441383,1
8528.0,4.983935272045028,0.5556988742964353,0.48604596622889307,1
2167.0,5.548223350253807,0.456391324411629,0.3830179972311952,1
2105.0,4.738717339667458,0.4878859857482185,0.4783847980997625,1
7157.0,4.935447813329607,0.4855386335056588,0.44613664943412046,1
6114.0,4.973830552829572,0.4996728819103696,0.41969250899574745,1
4059.0,5.205715693520571,0.48139935944813994,0.4745011086474501,1
3544.0,4.875,0.5445823927765236,0.5186230248306998,1
2834.0,5.387085391672548,0.5988002822865208,0.48694424841213835,1
7007.0,5.051234479805909,0.4456971599828743,0.45682888540031397,1
1952.0,4.70594262295082,0.49385245901639346,0.5317622950819673,1
1874.0,5.009605122732124,0.49626467449306294,0.5992529348986126,1
2453.0,5.2152466367713,0.48471259682022017,0.4362005707297187,1
4047.0,5.309117865085248,0.5124783790462071,0.5433654558932542,1
4177.0,5.033038065597319,0.473066794350012,0.47091213789801295,1
4206.0,5.063956252971945,0.49310508796956726,0.4474560152163576,1
2026.0,5.362783810463968,0.6090819348469891,0.5468904244817374,1
3689.0,4.914339929520195,0.533477907291949,0.49335863377609107,1
2114.0,5.140491958372753,0.48297067171239355,0.5411542100283823,1
2387.0,4.915374947633012,0.4696271470465019,0.47884373690825305,1
1853.0,4.697247706422019,0.47976254722072315,0.44846195358877494,1
10369.0,5.31449512971357,0.5159610377085544,0.4394830745491369,1
2493.0,5.130365022061773,0.5102286401925391,0.4897713598074609,1
5752.0,4.97913769123783,0.5417246175243393,0.4581015299026426,1
2402.0,5.121149042464613,0.5308076602830974,0.5299750208159867,1
2413.0,5.20555325321177,0.47326978864484043,0.5130542892664732,1
2135.0,5.18360655737705,0.4927400468384075,0.5690866510538641,1
8405.0,4.379535990481856,0.45330160618679355,0.40701963117192147,1
2038.0,4.936211972522081,0.4921491658488714,0.4661432777232581,1
1991.0,4.663987945755902,0.5223505775991963,0.5956805625313912,1
5080.0,4.9503937007874015,0.4767716535433071,0.3844488188976378,1
1975.0,4.811645569620254,0.5478481012658228,0.5539240506329114,1
3454.0,4.7620150550086855,0.48494499131441804,0.45512449334105387,1
2573.0,4.543723280217645,0.5818111154294597,0.48542557326078506,1
2346.0,4.908780903665814,0.49744245524296676,0.5605285592497868,1
2025.0,4.92,0.4730864197530864,0.5545679012345679,1
2570.0,4.719455252918288,0.4431906614785992,0.511284046692607,1
6762.0,4.816918071576457,0.5220349009168885,0.4837326234841763,1
1999.0,4.941470735367684,0.512256128064032,0.4822411205602801,1
3634.0,4.827738029719318,0.46917996697853603,0.4658778205833792,1
5264.0,4.986322188449848,0.4810030395136778,0.3349164133738602,1
6376.0,5.058343789209536,0.493099121706399,0.4628293601003764,1
3939.0,5.173648134044174,0.49174917491749176,0.49555724803249557,1
3703.0,4.722657304887929,0.5095868214960843,0.5149878476910613,1
1881.0,5.284954811270601,0.47527910685805425,0.46730462519936206,1
2908.0,5.100412654745529,0.45667125171939477,0.4958734525447043,1
2269.0,5.109739973556633,0.510797708241516,0.5085940943146761,1
3048.0,5.117782152230971,0.5016404199475065,0.479002624671916,1
6864.0,4.941870629370629,0.5107808857808858,0.3780594405594406,1
2458.0,4.914971521562245,0.45362082994304315,0.54759967453214,1
7631.0,5.083737386974184,0.46953217140610665,0.45197221858209935,1
8140.0,5.05012285012285,0.49643734643734644,0.36068796068796066,1
2164.0,4.767097966728281,0.5212569316081331,0.5771719038817006,1
1980.0,4.945959595959596,0.4777777777777778,0.5328282828282829,1
5819.0,4.88468809073724,0.4612476370510397,0.4182849286819041,1
3205.0,4.653354134165367,0.45241809672386896,0.5232449297971918,1
4414.0,5.202310829179882,0.5142727684639783,0.48255550521069324,1
3662.0,4.903604587657018,0.4833424358274167,0.5177498634625888,1
13053.0,5.039990806711101,0.47184555274649503,0.31257182256952426,1
2520.0,4.8277777777777775,0.46944444444444444,0.45555555555555555,1
2574.0,4.576146076146076,0.49572649572649574,0.508935508935509,1
2864.0,4.751396648044692,0.5506284916201117,0.46368715083798884,1
7068.0,5.0959252971137525,0.5008488964346349,0.5024052065647991,1
2650.0,5.3022641509433965,0.6094339622641509,0.5279245283018867,1
2491.0,4.844239261340827,0.4191087916499398,0.5146527498996387,1
4197.0,4.62687634024303,0.4793900405051227,0.40886347390993566,1
3046.0,5.245896257386737,0.4694681549573211,0.5210111621799081,1
10090.0,5.020515361744302,0.48097125867195245,0.32547076313181367,1
3898.0,5.055926115956901,0.4853771164699846,0.48589020010261674,1
2940.0,4.929931972789116,0.49727891156462584,0.42959183673469387,1
2078.0,4.907122232916266,0.49037536092396533,0.5745909528392685,1
4462.0,4.903854773644106,0.4778126400717167,0.4796055580457194,1
7366.0,4.848085799619875,0.49443388541949496,0.4474613087157209,1
3611.0,4.57158681805594,0.5114926613126558,0.46967599003046245,1
2679.0,5.172825681224338,0.5128779395296752,0.47816349384098544,1
4875.0,4.859692307692308,0.4826666666666667,0.3932307692307692,1
3584.0,4.310267857142857,0.5499441964285714,0.4799107142857143,1
6100.0,4.848196721311475,0.49836065573770494,0.4419672131147541,1
5627.0,5.097387595521592,0.44748533854629463,0.39043895503820863,1
2602.0,4.824365872405842,0.5226748654880861,0.5883935434281322,1
2036.0,5.06237721021611,0.5456777996070727,0.5579567779960707,1
2946.0,4.850644942294637,0.5084860828241684,0.5329260013577732,1
3422.0,5.18614845119813,0.4842197545295149,0.39158386908240794,1
5195.0,4.921462945139557,0.490279114533205,0.434456207892204,1
6585.0,5.203948367501898,0.5266514806378132,0.4411541381928626,1
5930.0,4.984991568296796,0.4239460370994941,0.36930860033726814,1
4682.0,4.978855190089705,0.4525843656557027,0.42076035882101664,1
2108.0,5.03415559772296,0.551707779886148,0.6038899430740038,1
3823.0,5.014909756735548,0.5210567617054669,0.5166099921527596,1
6461.0,5.007893514935769,0.45472837022132795,0.4245472837022133,1
11506.0,4.5391100295498,0.4298626803406918,0.35407613419085693,1
2025.0,5.129382716049383,0.5812345679012346,0.5807407407407408,1
1812.0,4.118653421633554,0.4392935982339956,0.10485651214128035,1
3596.0,5.180756395995551,0.45522803114571747,0.4905450500556173,1
3709.0,4.789700727959018,0.4489080614720949,0.4305742787813427,1
2943.0,4.601087325857968,0.4478423377505946,0.4162419300033979,1
1882.0,4.875132837407014,0.47449521785334753,0.5791710945802337,1
5895.0,4.956064461407973,0.5487701441899915,0.5043256997455471,1
3669.0,4.9809212319433085,0.5301171981466339,0.5437448896156991,1
2688.0,5.098214285714286,0.5230654761904762,0.5286458333333334,1
2715.0,5.171639042357274,0.4913443830570902,0.5160220994475138,1
2195.0,4.666059225512528,0.5731207289293849,0.6441913439635535,1
4423.0,4.384354510513226,0.505313135880624,0.4634863215012435,1
2287.0,5.1259291648447745,0.5981635330126803,0.6007870572802798,1
2175.0,4.937931034482759,0.5416091954022989,0.5094252873563219,1
2257.0,5.418254319893665,0.6694727514399645,0.25387682764731945,1
2731.0,4.767484437934822,0.47674844379348225,0.41816184547784696,1
6685.0,4.69035153328347,0.4818249813014211,0.45265519820493644,1
1831.0,5.762971054068815,0.5652648825778264,0.4598580010922993,1
2080.0,5.117307692307692,0.4908653846153846,0.5865384615384616,1
2310.0,5.335064935064935,0.6619047619047619,0.70995670995671,1
2492.0,4.797351524879614,0.4570626003210273,0.4967897271268058,1
3558.0,5.26363125351321,0.48988195615514335,0.5387858347386172,1
2259.0,5.32182381584772,0.5590969455511288,0.4701195219123506,1
2590.0,5.196911196911197,0.4934362934362934,0.5675675675675675,1
2931.0,5.042647560559536,0.5841009894234049,0.4790174002047083,1
2048.0,4.62109375,0.5029296875,0.509765625,1
5305.0,5.235815268614514,0.5751178133836004,0.42073515551366636,1
2023.0,4.849233811171527,0.46267918932278795,0.4903608502224419,1
2008.0,4.825697211155378,0.4721115537848606,0.5383466135458167,1
2827.0,4.8447117085249385,0.5196321188539087,0.4842589317297489,1
2732.0,4.951683748169839,0.537701317715959,0.5406295754026355,1
2459.0,4.638470923139487,0.49979666531110206,0.5103700691337942,1
1967.0,4.658362989323844,0.5277071682765633,0.47941026944585663,1
2082.0,5.085494716618636,0.43707973102785785,0.5124879923150817,1
2056.0,4.282587548638133,0.49319066147859925,0.49416342412451364,1
2326.0,5.150902837489252,0.46646603611349957,0.5472914875322442,1
14304.0,5.500908836689038,0.5973853467561522,0.42932046979865773,1
4447.0,4.7964920170901735,0.4859455812907578,0.48009894310771306,1
2793.0,4.763694951664877,0.5352667382742571,0.5159326888650196,1
5730.0,4.949040139616056,0.543804537521815,0.43089005235602096,1
5142.0,4.829638273045507,0.46363282769350445,0.45196421625826527,1
2579.0,5.32842186894145,0.49631640170608765,0.40868553702985655,1
2095.0,5.446778042959427,0.45966587112171836,0.5427207637231504,1
7071.0,4.850657615613067,0.4686748691839909,0.3375760147079621,1
2101.0,4.792003807710614,0.5069014754878629,0.46263683960019036,1
3548.0,4.519729425028185,0.44701240135287484,0.3976888387824126,1
6838.0,4.662035682948231,0.5119918104708979,0.4454518865165253,1
2224.0,5.044964028776978,0.539568345323741,0.6438848920863309,1
2619.0,4.828178694158075,0.46200840015273004,0.4639175257731959,1
10553.0,5.185160617833791,0.46460722069553684,0.34625225054486874,1
2292.0,4.722949389179756,0.4973821989528796,0.40095986038394416,1
2171.0,4.822201750345463,0.5711653615845232,0.5421464762782128,1
6277.0,4.947905050183208,0.47602357814242474,0.4150071690297913,1
4216.0,5.025142314990513,0.5185009487666035,0.45683111954459205,1
6585.0,4.934396355353075,0.5105542900531511,0.3476082004555809,1
2541.0,4.586383313656041,0.42384887839433294,0.4868162140889414,1
2655.0,4.762335216572505,0.5800376647834274,0.5427495291902071,1
6320.0,5.108227848101266,0.4931962025316456,0.40332278481012657,1
2135.0,5.014988290398127,0.5011709601873536,0.5283372365339578,1
3140.0,4.695222929936306,0.4353503184713376,0.3853503184713376,1
2696.0,4.781157270029674,0.5270771513353115,0.5118694362017804,1
3133.0,5.270667092243856,0.4759016916693265,0.4854771784232365,1
2630.0,5.100760456273764,0.5551330798479087,0.5049429657794677,1
4214.0,4.863787375415282,0.5071191267204557,0.41029900332225916,1
4665.0,4.569989281886388,0.4366559485530547,0.42186495176848876,1
5334.0,4.69610048743907,0.4814398200224972,0.4236970378702662,1
3445.0,5.3584905660377355,0.5509433962264151,0.47750362844702465,1
2292.0,4.705061082024433,0.5026178010471204,0.5767888307155323,1
5102.0,4.525676205409643,0.5162681301450411,0.47001176009408074,1
2996.0,4.85781041388518,0.47563417890520693,0.5226969292389854,1
10539.0,4.67985577379258,0.4547869816870671,0.358952462282949,1
1990.0,5.0879396984924625,0.4829145728643216,0.542713567839196,1
3176.0,5.106423173803527,0.47858942065491183,0.4927581863979849,1
3386.0,5.2610750147666865,0.4616066154754873,0.48907265209686945,1
7192.0,4.78615127919911,0.4956896551724138,0.4185205784204672,1
3194.0,5.016593613024421,0.49217282404508456,0.5212899185973701,1
1940.0,5.019587628865979,0.5195876288659794,0.5865979381443299,1
4957.0,4.655436756102481,0.5317732499495663,0.4732701230583014,1
3089.0,5.0168339268371644,0.44674651990935577,0.4525736484299126,1
3720.0,4.729838709677419,0.4836021505376344,0.539247311827957,1
2739.0,5.0602409638554215,0.5162468054034319,0.5034684191310698,1
2872.0,4.989902506963788,0.46413649025069637,0.5334261838440112,1
2565.0,4.658869395711501,0.4760233918128655,0.5165692007797271,1
2405.0,5.037837837837838,0.5334719334719334,0.6145530145530146,1
2946.0,5.197216564833672,0.6011541072640869,0.2926001357773252,1
2186.0,4.792314730100641,0.4464775846294602,0.5709057639524245,1
10883.0,5.024717449232749,0.45226500045943213,0.3283102085821924,1
2074.0,4.896817743490839,0.49373191899710706,0.4884281581485053,1
2767.0,5.20889049512107,0.5081315504156125,0.5695699313335743,1
10565.0,5.000757217226692,0.4823473734027449,0.3787032654992901,1
2509.0,4.739338381825428,0.4866480669589478,0.48266241530490234,1
2298.0,4.752393385552654,0.43777197563098347,0.4865100087032202,1
2499.0,4.401760704281712,0.4837935174069628,0.5158063225290116,1
2226.0,4.7488769092542675,0.573225516621743,0.6401617250673854,1
4735.0,4.947835269271383,0.5265047518479409,0.42618796198521647,1
7496.0,4.623265741728922,0.5366862326574173,0.35779082177161153,1
3688.0,4.292570498915401,0.46800433839479394,0.3915401301518438,1
9400.0,5.268404255319149,0.47648936170212763,0.36829787234042555,1
9529.0,5.052261517472977,0.45650120684227097,0.3621576240948683,1
1953.0,4.871479774705581,0.4910394265232975,0.5345622119815668,1
2358.0,5.393553859202714,0.49787955894826125,0.3422391857506361,1
1975.0,5.0111392405063295,0.5681012658227849,0.4278481012658228,1
5935.0,5.006234203875316,0.5176074136478517,0.3324347093513058,1
8197.0,4.867024521166281,0.49078931316335245,0.42478955715505673,1
2121.0,5.505893446487506,0.5030645921735031,0.5403111739745403,1
2001.0,4.971514242878561,0.5252373813093453,0.5867066466766616,1
4192.0,4.941078244274809,0.5229007633587787,0.4673187022900763,1
3237.0,4.794562866852023,0.45628668520234783,0.4402224281742354,1
5409.0,4.691625069328897,0.48622665927158437,0.43686448511739695,1
2583.0,5.011227255129694,0.49554781262098335,0.5226480836236934,1
2665.0,5.310694183864916,0.4896810506566604,0.5054409005628517,1
3668.0,5.100054525627045,0.4899127589967285,0.46892039258451473,1
2553.0,5.328632980806894,0.5088131609870741,0.5307481394437916,1
2810.0,5.269395017793594,0.5049822064056939,0.5220640569395018,1
2316.0,5.067357512953368,0.4745250431778929,0.5228842832469776,1
2852.0,4.600981767180926,0.4435483870967742,0.358695652173913,1
9864.0,4.7751419302514195,0.5315287915652879,0.40845498783454987,1
5062.0,4.758395890952193,0.5448439352034768,0.5349664164361912,1
1949.0,4.71677783478707,0.5079527963057978,0.5705489994869164,1
4890.0,4.854601226993865,0.45848670756646215,0.49263803680981594,1
2321.0,4.880224041361482,0.4829814735028005,0.5781990521327014,1
1977.0,4.907435508345979,0.5118866970156803,0.5407182599898837,1
5071.0,5.157957010451588,0.4991126010648787,0.41037270755275096,1
2678.0,4.79798356982823,0.4854368932038835,0.5332337565347274,1
4590.0,4.696296296296296,0.5344226579520697,0.4289760348583878,1
3379.0,4.657295057709382,0.4767682746374667,0.4010062148564664,1
1990.0,5.351256281407035,0.5386934673366834,0.521608040201005,1
3381.0,4.746524696835256,0.5454007690032535,0.5944986690328306,1
2437.0,4.4661469019286,0.43947476405416497,0.39351661879359867,1
2636.0,5.476479514415781,0.605083459787557,0.49051593323216997,1
5684.0,4.898838845883181,0.5154820548909219,0.4667487684729064,1
3802.0,4.653340347185692,0.4471330878485008,0.48684902682798525,1
7398.0,5.823195458231955,0.5359556636928899,0.33400919167342524,1
2000.0,4.6495,0.502,0.6015,1
3038.0,5.031270572745227,0.4726793943383805,0.5559578670177748,1
2822.0,5.005315379163713,0.4397590361445783,0.46739900779588944,1
2906.0,4.9693737095664146,0.44872677219545765,0.55712319339298,1
5758.0,5.435741576936437,0.5218825981243488,0.4534560611323376,1
2359.0,4.466723187791437,0.4616362865621026,0.5481136074607885,1
3404.0,5.1548178613396,0.5834312573443008,0.5126321974148061,1
2636.0,5.100910470409712,0.5785280728376327,0.5701820940819423,1
1933.0,4.9399896533885155,0.5307811691670977,0.5173305742369374,1
2985.0,5.017755443886097,0.5112227805695142,0.47772194304857624,1
2611.0,5.121792416698583,0.48525469168900803,0.585982382229031,1
2030.0,4.4955665024630544,0.48472906403940885,0.5443349753694581,1
2247.0,5.06186025812194,0.5002225189141077,0.52514463729417,1
3898.0,4.6900974858902,0.521292970754233,0.5405336069779374,1
2603.0,4.983096427199385,0.5451402228198233,0.5605071071840184,1
2710.0,5.351291512915129,0.5494464944649446,0.5952029520295203,1
5818.0,5.036782399449983,0.5238913716053627,0.44688896528016503,1
2298.0,4.84769364664926,0.46127067014795475,0.5026109660574413,1
3067.0,5.087707857841539,0.4731007499184871,0.48712096511248776,1
3054.0,5.0474787164374595,0.4947609692206942,0.5124426981008513,1
2453.0,4.542600896860987,0.49612719119445575,0.5719527109661638,1
2181.0,4.6579550664832645,0.5552498853736818,0.5515818431911967,1
2392.0,4.898411371237458,0.5129598662207357,0.5765050167224081,1
3394.0,4.713612256923984,0.44342958161461404,0.5253388332351208,1
2687.0,5.4365463342017115,0.5548939337551172,0.6457015258652773,1
3296.0,4.984830097087379,0.5,0.529126213592233,1
3977.0,5.18632134774956,0.4684435504148856,0.4880563238622077,1
2195.0,4.762186788154898,0.5293849658314351,0.5011389521640092,1
2224.0,4.965827338129497,0.48651079136690645,0.5400179856115108,1
3527.0,5.016728097533314,0.47490785370002836,0.4295435214062943,1
3702.0,4.274986493787142,0.43111831442463533,0.23446785521339816,1
2211.0,5.148349163274537,0.5020352781546812,0.5617367706919946,1
3611.0,5.040985876488508,0.4898919966768208,0.47743007477153143,1
2319.0,4.96248382923674,0.5316946959896507,0.5855972401897369,1
2555.0,5.372211350293542,0.5315068493150685,0.5037181996086105,1
6449.0,5.334315397736083,0.4889130097689564,0.42378663358660257,1
2633.0,5.026585643752374,0.5009494872768705,0.4713254842385112,1
12462.0,4.8884609212004495,0.49101267854277003,0.32410528005135614,1
2813.0,5.341628154994668,0.5449697831496623,0.5694987557767508,1
2854.0,5.359495444989489,0.5543097407147862,0.6510161177295024,1
2033.0,4.684210526315789,0.4510575504181013,0.47860304968027545,1
2831.0,5.028965030024726,0.502649240551042,0.430943129636171,1
3270.0,4.690214067278287,0.46085626911314986,0.42568807339449544,1
2431.0,4.960098724804607,0.48128342245989303,0.5475113122171946,1
5617.0,4.91739362649101,0.44436531956560443,0.39736514153462704,1
4565.0,5.032858707557502,0.4600219058050383,0.47798466593647315,1
2116.0,4.874291115311909,0.5160680529300568,0.41304347826086957,1
2082.0,4.952929875120077,0.4990393852065322,0.48703170028818443,1
2475.0,4.9781818181818185,0.5070707070707071,0.47878787878787876,1
4959.0,4.97197015527324,0.4906231094978826,0.40330711837063926,1
2109.0,5.605500237079185,0.5481270744428639,0.5827406353722143,1
2688.0,4.855654761904762,0.4713541666666667,0.5342261904761905,1
7345.0,5.346221919673247,0.586929884275017,0.40095302927161336,1
2936.0,5.016348773841962,0.46151226158038144,0.5384877384196185,1
5957.0,4.827597784119523,0.387275474231996,0.3763639415813329,1
2470.0,5.211740890688259,0.49676113360323887,0.4421052631578947,1
3932.0,4.8725839267548325,0.4898270600203459,0.512970498474059,1
2205.0,5.112925170068027,0.48253968253968255,0.5165532879818594,1
4430.0,4.853047404063205,0.47426636568848757,0.4715575620767494,1
2264.0,5.161219081272085,0.4752650176678445,0.5543286219081273,1
3444.0,4.698315911730546,0.5275842044134728,0.5133565621370499,1
1875.0,5.2624,0.6037333333333333,0.5850666666666666,1
1752.0,4.6255707762557075,0.4777397260273973,0.5587899543378996,1
3035.0,4.181878088962109,0.4359143327841845,0.40823723228995057,1
2409.0,5.088418430884184,0.6338729763387297,0.5317559153175592,1
3507.0,4.872540633019675,0.4981465640148275,0.5286569717707442,1
2837.0,4.970038773352132,0.46422277053225236,0.49418399718011985,1
2415.0,5.143271221532091,0.4886128364389234,0.5561076604554865,1
3486.0,4.930579460699943,0.5238095238095238,0.43516924842226046,1
2461.0,4.621292157659488,0.4855749695245835,0.4997968305566843,1
8397.0,4.905918780516851,0.4574252709300941,0.4239609384303918,1
3782.0,4.832099418297197,0.4769962982548916,0.47461660497091485,1
1958.0,5.065883554647599,0.4790602655771195,0.5081716036772217,1
2506.0,4.989225857940942,0.4920191540303272,0.6105347166799681,1
3377.0,4.899911163754812,0.4948178856973645,0.5803968018951732,1
3675.0,4.955918367346939,0.4440816326530612,0.4206802721088435,1
2469.0,4.500607533414338,0.5577156743620899,0.5540704738760632,1
3672.0,4.5247821350762525,0.44961873638344224,0.4338235294117647,1
5013.0,5.096748454019549,0.507081587871534,0.43068023139836425,1
4502.0,4.529542425588628,0.49133718347401156,0.4300310972900933,1
17866.0,5.044274040076123,0.523732228814508,0.41861636628232396,1
2013.0,4.917536015896672,0.47242921013412814,0.5668156979632389,1
4805.0,4.618938605619147,0.44703433922996877,0.30822060353798125,1
2677.0,5.056779977586851,0.5270825550989914,0.38998879342547627,1
3294.0,4.9647844565877355,0.5488767455980571,0.348816029143898,1
6573.0,5.313251179065875,0.466605811653735,0.3270956945078351,1
5019.0,4.831241283124128,0.4753935046822076,0.43594341502291295,1
6363.0,5.025616847399026,0.44617318874744616,0.4306144900204306,1
2361.0,4.933502753070733,0.5366370182126218,0.5993223210504024,1
5346.0,4.9206883651328095,0.45379723157500934,0.46502057613168724,1
12752.0,5.107983061480552,0.5237609786700126,0.4189146800501882,1
3724.0,4.904940923737916,0.5953276047261009,0.5155746509129968,1
3870.0,5.224031007751938,0.5656330749354005,0.5677002583979328,1
6476.0,5.0880172946263125,0.5248610253242743,0.474212476837554,1
6059.0,4.852450899488365,0.46872421191615776,0.422677009407493,1
2032.0,5.0295275590551185,0.45915354330708663,0.5590551181102362,1
4665.0,4.871168274383709,0.5159699892818864,0.4857449088960343,1
3930.0,4.484223918575063,0.45572519083969465,0.3969465648854962,1
2052.0,4.485867446393762,0.4766081871345029,0.44883040935672514,1
1981.0,5.065623422513882,0.4815749621403332,0.508329126703685,1
4728.0,4.920262267343485,0.4253384094754653,0.39805414551607443,1
5199.0,4.787266782073476,0.4710521254087324,0.42431236776303133,1
2986.0,4.9176155391828535,0.544206296048225,0.5056932350971199,1
2109.0,4.6661925082977715,0.48079658605974396,0.5234708392603129,1
9076.0,5.035037461436756,0.5977302776553548,0.3201851035698546,1
3094.0,5.095345830639948,0.5106658047834518,0.4602456367162249,1
5407.0,4.716108747919364,0.4834473830220085,0.43388200480858147,1
6401.0,4.776128729885955,0.4871113888454929,0.4157162943290111,1
8215.0,5.037248934875228,0.5367011564211808,0.5157638466220329,1
3179.0,4.404529726329034,0.48537275872916014,0.524693299779805,1
3411.0,4.733509234828496,0.513046027557901,0.5042509527997655,1
2507.0,5.1240526525727965,0.47945751894694855,0.5221380135620263,1
2349.0,5.061302681992337,0.4891443167305236,0.6049382716049383,1
4568.0,4.4174693520140105,0.4947460595446585,0.4835814360770578,1
2451.0,5.153406772745818,0.4610363117095063,0.5124439004487964,1
2791.0,4.943031171623074,0.5034037979218918,0.5750627015406664,1
2951.0,4.933920704845815,0.515757370382921,0.5018637749915283,1
5963.0,4.544859969813852,0.4103639107831628,0.28626530269998324,1
3153.0,4.273390421820489,0.4186489058039962,0.37266095781795117,1
3885.0,4.941570141570142,0.5065637065637065,0.48416988416988416,1
2843.0,5.120998944776645,0.5321843123461133,0.5170594442490327,1
2510.0,5.174900398406375,0.47768924302788845,0.4450199203187251,1
4619.0,4.620913617666162,0.5126650790214332,0.5408096990690626,1
2203.0,5.3359055832955065,0.46118928733545167,0.48479346345891966,1
2294.0,5.208369659982563,0.514821272885789,0.5431560592850916,1
2860.0,4.963986013986014,0.4506993006993007,0.5052447552447552,1
2101.0,4.697762970014279,0.5083293669681104,0.3755354593050928,1
2124.0,4.6831450094161955,0.5470809792843692,0.5400188323917138,1
2522.0,5.019032513877875,0.556304520222046,0.4456780333068993,1
11596.0,4.920403587443946,0.4940496723007934,0.3654708520179372,1
3614.0,5.04786939679026,0.49806308799114557,0.4607083563918096,1
5259.0,4.882106864422894,0.46263548203080435,0.387906446092413,1
4309.0,4.639359480157809,0.46112787189603155,0.4089115804130889,1
2990.0,5.049832775919732,0.4729096989966555,0.47224080267558527,1
2896.0,4.838052486187845,0.47341160220994477,0.5214088397790055,1
5445.0,5.011753902662994,0.5188246097337006,0.5041322314049587,1
6548.0,4.590714722052535,0.47296884544899204,0.3993585827733659,1
2827.0,4.720551821719137,0.4669260700389105,0.492041032897064,1
4742.0,4.488612399831295,0.4822859552931253,0.444327288064108,1
1934.0,4.810754912099276,0.42450879007238884,0.5046535677352637,1
2419.0,5.421248449772634,0.5217031831335263,0.5638693675072344,1
13381.0,5.287646663179134,0.564457065989089,0.4282191166579478,1
4336.0,4.891143911439114,0.49677121771217714,0.3378690036900369,1
2244.0,4.913101604278075,0.5049019607843137,0.49910873440285203,1
5350.0,4.682056074766355,0.48,0.46785046728971963,1
3035.0,4.808896210873146,0.5624382207578253,0.5901153212520593,1
3190.0,4.8517241379310345,0.4952978056426332,0.5614420062695925,1
3617.0,5.040364943323196,0.5266795687033453,0.4401437655515621,1
4903.0,4.688761982459718,0.48154191311441974,0.48541709157658575,1
2286.0,4.702974628171479,0.4881889763779528,0.5507436570428696,1
2434.0,4.628184059161874,0.4926047658175842,0.5238290879211175,1
2874.0,4.91579679888657,0.4745998608211552,0.4523312456506611,1
4768.0,4.856124161073826,0.47797818791946306,0.42428691275167785,1
1879.0,4.919105907397552,0.545502927088877,0.5737094199042043,1
6223.0,4.991322513257272,0.45556805399325084,0.46970914349991966,1
2357.0,5.021637675010607,0.5159100551548579,0.47136190072125583,1
7122.0,4.993541140129177,0.5404380791912384,0.4633529907329402,1
1998.0,4.988488488488488,0.5105105105105106,0.5725725725725725,1
2115.0,5.018439716312057,0.5078014184397163,0.5347517730496454,1
5161.0,4.831234256926952,0.4760705289672544,0.45126913388878126,1
2056.0,4.840953307392996,0.4353112840466926,0.4965953307392996,1
2170.0,5.3271889400921655,0.5221198156682028,0.45714285714285713,1
5528.0,4.84081041968162,0.49384949348769897,0.5278581765557163,1
1964.0,4.812118126272912,0.4954175152749491,0.5290224032586558,1
2533.0,5.028030003947888,0.5025661271219898,0.4658507698381366,1
3154.0,5.008877615726062,0.5098287888395688,0.5190234622701332,1
5109.0,4.901742023879429,0.4830690937561167,0.37678606380896457,1
4257.0,4.7634484378670425,0.46723044397463004,0.34507869391590323,1
2843.0,4.6253957087583535,0.5297221245163559,0.4699261343651073,1
6907.0,4.992471405820182,0.5319241349355726,0.4256551324743014,1
3741.0,4.611601176156108,0.47367014167334937,0.24592354985298048,1
5115.0,4.970869990224829,0.47878787878787876,0.4422287390029325,1
2488.0,5.333199356913183,0.5502411575562701,0.4927652733118971,1
2814.0,4.981165600568586,0.48045486851457003,0.46766169154228854,1
2000.0,4.7015,0.477,0.4975,1
3644.0,5.434687156970362,0.5779363336992316,0.4934138309549945,1
4020.0,5.052487562189055,0.4634328358208955,0.49975124378109453,1
2815.0,4.817051509769094,0.45541740674955594,0.5406749555950267,1
2572.0,4.588646967340591,0.5034992223950233,0.46850699844479005,1
3019.0,5.24743292480954,0.5008280887711163,0.5263332229214972,1
2465.0,4.736713995943205,0.49330628803245435,0.41379310344827586,1
2205.0,5.322448979591837,0.563265306122449,0.490249433106576,1
2145.0,5.046620046620046,0.5827505827505828,0.5137529137529138,1
4426.0,4.431540894713059,0.5311793944871216,0.3940352462720289,1
3700.0,5.087297297297297,0.5789189189189189,0.5537837837837838,1
3223.0,5.015823766677009,0.5228048402109835,0.46571517219981384,1
3586.0,5.054656999442275,0.46207473508087005,0.5156162855549359,1
2253.0,4.5858854860186415,0.46249445184198845,0.5059920106524634,1
1976.0,5.439777327935222,0.562753036437247,0.6067813765182186,1
2512.0,4.907643312101911,0.49761146496815284,0.5362261146496815,1
2394.0,4.968671679197995,0.47619047619047616,0.5559732664995823,1
3609.0,5.1515655306179,0.5214740925464117,0.5103906899418121,1
2418.0,4.5686517783291976,0.45533498759305213,0.5024813895781638,1
2769.0,5.00216684723727,0.49656915854098954,0.5182376309136872,1
2805.0,4.86096256684492,0.4028520499108734,0.4377896613190731,1
8573.0,5.029977837396477,0.4908433453866791,0.41012481045141724,1
5135.0,4.995326192794547,0.4453748782862707,0.4251217137293087,1
6115.0,4.850858544562551,0.4938675388389207,0.3712183156173344,1
2026.0,4.943731490621915,0.45360315893385983,0.4777887462981244,1
2209.0,5.041195110909914,0.5310095065640561,0.5260298777727479,1
1915.0,5.162924281984334,0.5582245430809399,0.5101827676240209,1
2329.0,4.789609274366681,0.4727350794332332,0.541004723057106,1
2869.0,4.67654234925061,0.4294179156500523,0.45799930289299406,1
2999.0,4.974324774924975,0.4744914971657219,0.4774924974991664,1
4951.0,4.565542314683902,0.4754595031306807,0.4685922035952333,1
1934.0,4.9276111685625645,0.5418821096173733,0.5972078593588418,1
2717.0,5.5774751564225244,0.6569746043430253,0.507177033492823,1
8886.0,5.04501462975467,0.48593292820166556,0.3405356740940806,1
5935.0,5.216849199663016,0.48070766638584667,0.3966301600673968,1
2209.0,4.816206428248076,0.4775916704391127,0.5350837483023992,1
2183.0,4.75400824553367,0.5309207512597343,0.581768208886853,1
2178.0,4.7415059687786965,0.4898989898989899,0.4807162534435262,1
3072.0,5.1748046875,0.5764973958333334,0.6025390625,1
1980.0,5.128787878787879,0.5131313131313131,0.5343434343434343,1
2012.0,5.068091451292246,0.5253479125248509,0.507455268389662,1
6759.0,4.8672880603639594,0.5019973368841545,0.41899689303151355,1
23552.0,4.564325747282608,0.5226307744565217,0.22520380434782608,1
3619.0,5.066040342636088,0.5399281569494335,0.4194528875379939,1
2104.0,5.102661596958175,0.5085551330798479,0.5736692015209125,1
3212.0,4.801992528019925,0.4701120797011208,0.5205479452054794,1
1994.0,5.118355065195587,0.522567703109328,0.5702106318956871,1
3117.0,4.830927173564325,0.5120307988450433,0.4606993904395252,1
2002.0,4.8306693306693305,0.498001998001998,0.4955044955044955,1
2422.0,4.620148637489678,0.43765483071841454,0.5483071841453344,1
2257.0,4.788657509968985,0.4838280903854674,0.565352237483385,1
3754.0,4.814331379861481,0.49893446989877466,0.4533830580713905,1
2239.0,5.050915587315766,0.507815989280929,0.5993747208575256,1
3634.0,4.58337919647771,0.6774903687396808,0.5137589433131535,1
1930.0,5.1015544041450775,0.5626943005181347,0.5373056994818652,1
2353.0,4.396515087122822,0.5040373990650234,0.5622609434764131,1
1972.0,4.8640973630831645,0.4964503042596349,0.5927991886409736,1
2758.0,5.2291515591007975,0.4807831762146483,0.4865844815083394,1
2950.0,4.832881355932203,0.4549152542372881,0.4505084745762712,1
2651.0,5.094681252357601,0.5058468502451905,0.5477178423236515,1
5167.0,4.904586800851558,0.4699051674085543,0.4453261079930327,1
7261.0,4.738190331910205,0.5328467153284672,0.47941054951108664,1
3063.0,5.1658504733921,0.5354227881162259,0.47535096310806396,1
3578.0,4.664617104527669,0.5438792621576299,0.5357741755170486,1
9795.0,4.916079632465544,0.44318529862174577,0.41888718734047986,1
3027.0,5.185992732077965,0.5348529897588371,0.5665675586389164,1
3063.0,5.224289911851127,0.4802481227554685,0.40450538687561216,1
2740.0,4.775182481751825,0.49635036496350365,0.5321167883211679,1
3107.0,4.922111361441905,0.4753781783070486,0.4242034116511104,1
2325.0,4.726021505376344,0.45376344086021503,0.5539784946236559,1
7862.0,4.778555075044518,0.567667260239125,0.35868735690663955,1
4127.0,4.972377029319118,0.5127211049188273,0.3908408044584444,1
4266.0,4.7693389592123765,0.4859353023909986,0.3816221284575715,1
2800.0,5.041071428571429,0.5539285714285714,0.4328571428571429,1
5294.0,5.036834151870042,0.49471099357763504,0.47109935776350587,1
2941.0,4.715742944576674,0.49710982658959535,0.5113906834410065,1
5356.0,4.750186706497386,0.5080283793876027,0.3678117998506348,1
2078.0,4.889797882579403,0.5173243503368624,0.582771896053898,1
2698.0,4.9833209785025945,0.4788732394366197,0.48072646404744257,1
3183.0,4.869305686459315,0.49198868991517436,0.449890040841973,1
4878.0,4.628126281262813,0.45182451824518244,0.43316933169331695,1
7298.0,4.717045765963277,0.48163880515209645,0.4577966566182516,1
2875.0,5.108869565217391,0.552,0.5144347826086957,1
3232.0,4.850556930693069,0.5021658415841584,0.5080445544554455,1
2519.0,5.142913854704248,0.4783644303294958,0.37475188566891626,1
13803.0,5.224661305513294,0.5358979931898863,0.40295587915670505,1
2181.0,4.936726272352132,0.5016047684548373,0.4855570839064649,1
3840.0,5.048177083333333,0.5127604166666667,0.46510416666666665,1
6614.0,4.468551557302691,0.46250377986090113,0.39673420018143335,1
2090.0,4.941626794258373,0.47751196172248805,0.5688995215311005,1
7148.0,5.144096250699496,0.5523223279238948,0.4266927811975378,1
7138.0,4.913561221630709,0.47814513869431213,0.31157186887083216,1
2079.0,4.24963924963925,0.5036075036075036,0.5363155363155363,1
2252.0,5.72246891651865,0.5261989342806395,0.4800177619893428,1
2522.0,4.687153053132435,0.4940523394131642,0.5836637589214909,1
3068.0,5.490873533246415,0.5433507170795306,0.45664928292046936,1
2246.0,5.071682991985752,0.6188780053428317,0.5930543187889582,1
2262.0,5.306808134394341,0.5017683465959328,0.4447391688770999,1
14675.0,5.052742759795571,0.4703236797274276,0.41008517887563883,1
2280.0,4.883333333333334,0.5600877192982456,0.6175438596491228,1
2844.0,4.752461322081575,0.48628691983122363,0.569620253164557,1
3823.0,4.957101752550353,0.5100706251634842,0.43081349725346585,1
5668.0,5.042519407198307,0.518348623853211,0.45871559633027525,1
4711.0,5.158352791339419,0.6100615580556146,0.5446826576098492,1
3194.0,4.605823418910457,0.5012523481527865,0.4376956793988729,1
4288.0,5.504897388059701,0.6849347014925373,0.420009328358209,1
2760.0,4.879710144927536,0.5315217391304348,0.5771739130434783,1
2825.0,5.049911504424779,0.44920353982300887,0.4633628318584071,1
4481.0,4.985940638250391,0.5065833519303727,0.3961169381834412,1
3716.0,4.825888051668461,0.4913885898815931,0.4895048439181916,1
2089.0,4.9392053614169455,0.48922929631402584,0.5710866443274294,1
2379.0,4.8806221101303064,0.48045397225725095,0.5308953341740227,1
4770.0,4.8283018867924525,0.5209643605870021,0.5127882599580713,1
6759.0,4.798786802781477,0.47876904867583964,0.4083444296493564,1
6999.0,4.8802686098014005,0.4464923560508644,0.4153450492927561,1
2017.0,4.843827466534457,0.4615765989092712,0.473475458601884,1
2251.0,5.199466903598401,0.519768991559307,0.5775211017325633,1
2814.0,4.501421464108032,0.4427860696517413,0.5028429282160626,1
4185.0,4.819593787335723,0.4210274790919952,0.404778972520908,1
2353.0,5.093922651933702,0.44028899277518063,0.4611134721631959,1
5194.0,4.893530997304582,0.5142472083172892,0.41682710820177127,1
1981.0,5.006057546693589,0.4911660777385159,0.5739525492175669,1
4753.0,4.813170629076373,0.5447086050915212,0.3867031348621923,1
2140.0,4.843457943925234,0.49439252336448597,0.5214953271028038,1
3546.0,4.782571912013537,0.4895657078398195,0.4957698815566836,1
2633.0,4.904291682491454,0.4561336878085834,0.5472844663881504,1
2598.0,4.428406466512702,0.5300230946882217,0.48036951501154734,1
1348.0,4.913204747774481,0.41097922848664686,0.5853115727002968,1
2851.0,4.933005962820063,0.47316730971588916,0.44861452122062434,1
3351.0,4.835273052820054,0.4422560429722471,0.5216353327364965,1
3373.0,4.9024607174621995,0.4669433738511711,0.46427512600059295,1
3012.0,4.9568393094289505,0.44787516600265603,0.545816733067729,1
14399.0,5.085700395860823,0.4962150149315925,0.3807208833946802,1
3616.0,5.147953539823009,0.5348451327433629,0.5071902654867256,1
7031.0,5.069833594083345,0.482861612857346,0.41530365524107526,1
8331.0,4.871924138758852,0.43908294322410274,0.37834593686232143,1
5956.0,4.973472128945601,0.43720617864338485,0.45013431833445267,1
2808.0,4.902421652421652,0.43625356125356124,0.5092592592592593,1
2465.0,4.833265720081136,0.4462474645030426,0.47586206896551725,1
5287.0,5.287119349347456,0.5617552487232835,0.4454321921694723,1
1852.0,4.62365010799136,0.4519438444924406,0.5064794816414687,1
2033.0,4.761436301032957,0.5553369404820462,0.5061485489424495,1
2763.0,5.070213536011582,0.5193630112196888,0.49764748461816866,1
4649.0,4.942138094213809,0.5173155517315552,0.5033340503334051,1
3924.0,5.102191641182467,0.495158002038736,0.4339959225280326,1
2052.0,5.194444444444445,0.48830409356725146,0.5165692007797271,1
2421.0,4.980173482032218,0.486575795125981,0.4250309789343247,1
3337.0,5.275996403955649,0.5379083008690441,0.4462091699130956,1
3687.0,5.141578519121237,0.49118524545701114,0.40412259289395175,1
2599.0,4.666025394382455,0.4913428241631397,0.5532897268180069,1
2615.0,5.148374760994264,0.4608030592734226,0.5384321223709368,1
3107.0,4.616350177019633,0.4560669456066946,0.4077888638558095,1
5086.0,4.897758552890287,0.49213527329925283,0.42410538733779,1
2034.0,4.871189773844641,0.47984267453294,0.5216322517207473,1
2948.0,5.092944369063772,0.4962686567164179,0.46506105834464045,1
10608.0,5.309671945701357,0.5657993966817496,0.427130467571644,1
5204.0,4.753651037663336,0.41641045349730976,0.30841660261337434,1
6506.0,4.636335690132186,0.4795573316938211,0.3688902551490931,1
2042.0,5.233594515181195,0.5274240940254652,0.4794319294809011,1
3990.0,5.092230576441103,0.4506265664160401,0.4471177944862155,1
2025.0,5.308641975308642,0.5106172839506172,0.5279012345679013,1
2243.0,4.8640213999108335,0.514489522960321,0.4364690147124387,1
3432.0,5.002039627039627,0.4819347319347319,0.4927156177156177,1
6531.0,5.029245138569897,0.4492420762517226,0.4348491808298882,1
4048.0,5.279397233201581,0.4975296442687747,0.4869071146245059,1
2271.0,4.883751651254954,0.5195948921180097,0.44165565830030823,1
4065.0,4.780565805658057,0.5079950799507995,0.5350553505535055,1
2510.0,4.6737051792828685,0.5195219123505976,0.5330677290836653,1
3772.0,4.931071049840933,0.5074231177094379,0.5249204665959704,1
2234.0,4.986123545210385,0.5393912264995524,0.5962399283795882,1
2490.0,4.809236947791165,0.4891566265060241,0.4867469879518072,1
8716.0,4.809775126204681,0.5106700321248279,0.43919229004130333,1
2576.0,5.308229813664596,0.5493012422360248,0.546583850931677,1
5446.0,4.730260741828865,0.45391112743297835,0.4272860815277268,1
2797.0,4.8462638541294245,0.4694315337861995,0.40972470504111547,1
2192.0,5.099452554744525,0.5246350364963503,0.5620437956204379,1
3256.0,5.04054054054054,0.5546683046683046,0.51504914004914,1
9136.0,4.888353765323993,0.4990148861646235,0.42972854640980734,1
3195.0,4.495148669796557,0.4222222222222222,0.40625978090766823,1
2168.0,5.029981549815498,0.48523985239852396,0.5742619926199262,1
6237.0,4.958633958633959,0.49687349687349686,0.44733044733044736,1
3296.0,5.206917475728155,0.5834344660194175,0.47906553398058255,1
2103.0,4.397527341892535,0.4217784117926771,0.4113171659533999,1
3844.0,5.099635796045786,0.48829344432882416,0.42065556711758584,1
7177.0,5.105893827504528,0.47080953044447543,0.423714644001672,1
2285.0,5.029321663019694,0.5330415754923413,0.6144420131291028,1
5272.0,4.986722306525038,0.5967374810318664,0.4360773899848255,1
1229.0,4.5882831570382425,0.515052888527258,0.43612693246541906,1
3647.0,4.877433506992048,0.5154921853578284,0.49355634768302714,1
3723.0,4.740800429760945,0.47139403706688154,0.3478377652430835,1
2258.0,4.981399468556244,0.4933569530558016,0.5354295837023915,1
3335.0,5.019190404797601,0.6488755622188905,0.5469265367316342,1
15877.0,4.89412357498268,0.4834666498708824,0.3704730112741702,1
11472.0,5.120728730822873,0.5627615062761506,0.289313110181311,1
1978.0,4.429726996966633,0.537917087967644,0.5394337714863499,1
2055.0,5.108029197080292,0.5041362530413626,0.5781021897810219,1
3580.0,4.957541899441341,0.4810055865921788,0.46759776536312847,1
3713.0,5.144357662267708,0.5319148936170213,0.5548074333423108,1
4891.0,4.665099161725618,0.4250664485790227,0.38253935800449806,1
3534.0,5.181097906055461,0.4434069043576684,0.47453310696095075,1
2434.0,5.008627773212819,0.4601479046836483,0.5349219391947412,1
2026.0,4.790227048371174,0.4422507403751234,0.5162882527147088,1
4672.0,5.115796232876712,0.5040667808219178,0.5278253424657534,1
2180.0,5.295412844036697,0.591743119266055,0.5082568807339449,1
4209.0,4.813019719648373,0.5146115466856735,0.5319553338085056,1
3080.0,4.943506493506494,0.5191558441558441,0.48603896103896105,1
5926.0,4.669760377995275,0.46776915288558896,0.32197097536280794,1
4332.0,4.853647276084949,0.5041551246537396,0.5020775623268698,1
2206.0,5.217588395285585,0.5,0.5394378966455122,1
5480.0,5.1981751824817515,0.4760948905109489,0.41332116788321166,1
3936.0,5.2647357723577235,0.6478658536585366,0.5386178861788617,1
3473.0,4.818888568960553,0.5171321623956234,0.504750935790383,1
1967.0,5.58312150482969,0.5765124555160143,0.5622775800711743,1
5797.0,5.090736587890288,0.49853372434017595,0.4685181990684837,1
2066.0,4.818489835430784,0.45885769603097776,0.5721200387221684,1
2940.0,4.446598639455782,0.4312925170068027,0.4034013605442177,1
2135.0,4.720374707259953,0.4370023419203747,0.49039812646370023,1
4110.0,5.853284671532847,0.7639902676399026,0.6489051094890511,1
2028.0,5.1060157790927025,0.5138067061143984,0.5251479289940828,1
2244.0,4.911764705882353,0.5334224598930482,0.5570409982174688,1
2055.0,4.795133819951338,0.46277372262773725,0.4856447688564477,1
2584.0,5.251547987616099,0.4674922600619195,0.4938080495356037,1
3046.0,4.936638214051214,0.5147734734077478,0.5741956664478004,1
11743.0,4.8116324618921915,0.5716597121689517,0.4842885123052031,1
2055.0,4.853041362530414,0.5128953771289537,0.5012165450121655,1
2821.0,4.856788372917405,0.4845799361928394,0.543069833392414,1
2457.0,4.852258852258852,0.4818884818884819,0.4171754171754172,1
3739.0,4.814656325220647,0.4667023268253544,0.4939823482214496,1
2260.0,4.774778761061947,0.5269911504424779,0.5495575221238939,1
4538.0,5.117672983693257,0.4775231379462318,0.4649625385632437,1
4335.0,4.997693194925029,0.514878892733564,0.5220299884659746,1
2113.0,5.077141504969238,0.44202555608140087,0.4945575011831519,1
2432.0,4.925986842105263,0.5209703947368421,0.4041940789473684,1
2178.0,5.067033976124885,0.4830119375573921,0.4972451790633609,1
2273.0,5.006159260888693,0.4483062032556093,0.5085789705235372,1
3275.0,4.963969465648855,0.4861068702290076,0.41893129770992366,1
2335.0,5.018843683083512,0.4728051391862955,0.5164882226980728,1
2439.0,4.98359983599836,0.44772447724477243,0.5453054530545306,1
8693.0,4.9605429656045095,0.518578166340734,0.4198780628091568,1
2152.0,4.974907063197026,0.44284386617100374,0.516728624535316,1
2052.0,4.458576998050682,0.5896686159844055,0.5462962962962963,1
2177.0,4.914101975195223,0.5627009646302251,0.4662379421221865,1
3137.0,4.802677717564552,0.4953777494421422,0.5508447561364361,1
5825.0,5.236394849785408,0.47708154506437767,0.41545064377682406,1
2617.0,4.643484906381353,0.48949178448605274,0.48299579671379445,1
3088.0,4.944300518134715,0.46178756476683935,0.5262305699481865,1
4552.0,4.747363796133568,0.4907732864674868,0.3554481546572935,1
2498.0,4.626901521216974,0.5136108887109688,0.5752602081665332,1
5115.0,4.807038123167155,0.4735092864125122,0.39178885630498533,1
4512.0,5.196808510638298,0.5361258865248227,0.5150709219858156,1
3274.0,4.682956627978008,0.4499083689676237,0.5448992058643861,1
3540.0,5.132768361581921,0.4884180790960452,0.4542372881355932,1
2239.0,4.747208575256811,0.517641804376954,0.35774899508709246,1
5056.0,5.048852848101266,0.5316455696202531,0.42108386075949367,1
3024.0,4.66765873015873,0.5072751322751323,0.49603174603174605,1
2017.0,5.005949429846306,0.4779375309866138,0.5503222607833416,1
5378.0,4.821680922275939,0.4988843436221644,0.37727779843808107,1
2587.0,5.076536528797836,0.5106300734441438,0.4897564746810978,1
2732.0,5.194729136163982,0.5245241581259151,0.5728404099560761,1
2224.0,4.735611510791367,0.5094424460431655,0.6079136690647482,1
7668.0,4.252086593635889,0.44561815336463223,0.3741523213354199,1
7032.0,4.806882821387941,0.4768202502844141,0.38708759954493743,1
3270.0,4.640978593272171,0.5278287461773701,0.45382262996941897,1
2009.0,5.208561473369835,0.49427575908412147,0.6142359382777501,1
8550.0,5.341052631578948,0.5106432748538011,0.38222222222222224,1
1994.0,4.458876629889669,0.4453360080240722,0.48244734202607825,1
2509.0,4.93423674770825,0.4511757672379434,0.5372658429653249,1
7522.0,4.787157670832226,0.5015953203935124,0.46596649827173625,1
2112.0,4.904829545454546,0.4753787878787879,0.5113636363636364,1
3100.0,4.893870967741935,0.5096774193548387,0.3841935483870968,1
3831.0,4.909684155572958,0.4463586530931872,0.4139911250326286,1
2117.0,4.809636277751535,0.4704770902220123,0.5526688710439301,1
2207.0,4.498867240598097,0.4997734481196194,0.5038513819664703,1
5275.0,5.133270142180095,0.46218009478672983,0.40246445497630334,1
9490.0,4.8388830347734455,0.5119072708113804,0.2879873551106428,1
5184.0,4.605324074074074,0.6091820987654321,0.46315586419753085,1
2046.0,4.46871945259042,0.4951124144672532,0.46725317693059626,1
2191.0,5.344591510725696,0.5180282975810132,0.553628480146052,1
2081.0,5.1902931283037,0.513695338779433,0.5353195579048534,1
17395.0,4.95958608795631,0.4939350388042541,0.3595860879563093,1
2541.0,4.882723337268792,0.46635182998819363,0.46871310507674147,1
10207.0,4.70735769569903,0.5039678651905555,0.36974625257176447,1
2976.0,4.785618279569892,0.5309139784946236,0.5329301075268817,1
3598.0,4.834352418010005,0.5069483046136742,0.5036131183991106,1
2881.0,4.576188823325234,0.5609163484901076,0.48038875390489416,1
20959.0,5.3673362278734675,0.523259697504652,0.34510234266902046,1
2492.0,4.928571428571429,0.5485553772070626,0.5854735152487961,1
5110.0,5.227788649706458,0.461839530332681,0.40117416829745595,1
2808.0,4.830840455840455,0.46260683760683763,0.43554131054131057,1
3478.0,4.761932144910868,0.44968372627947095,0.41374353076480735,1
4905.0,4.8831804281345565,0.5070336391437309,0.42752293577981654,1
4034.0,4.8016856717897864,0.43877045116509666,0.39687654933068917,1
1998.0,4.863363363363363,0.44894894894894893,0.525025025025025,1
7738.0,4.946627035409667,0.53980356681313,0.3654691134660119,1
2235.0,4.897539149888143,0.4715883668903803,0.5727069351230425,1
3239.0,5.061438715652979,0.488731089842544,0.4575486261191726,1
2927.0,4.865732832251452,0.5066621113768364,0.5773829859924837,1
2172.0,4.8411602209944755,0.4732965009208103,0.5828729281767956,1
3392.0,5.357900943396227,0.4669811320754717,0.48850235849056606,1
2034.0,5.211897738446411,0.5275319567354966,0.4665683382497542,1
14331.0,5.269206615030353,0.5870490544972438,0.42041727723117717,1
3797.0,4.958124835396365,0.4677376876481433,0.49381090334474587,1
3616.0,5.207688053097345,0.5376106194690266,0.4941924778761062,1
4075.0,5.031901840490797,0.44147239263803684,0.4716564417177914,1
2028.0,4.654339250493097,0.40384615384615385,0.45019723865877714,1
2125.0,4.8094117647058825,0.5157647058823529,0.5388235294117647,1
11987.0,5.129557020105114,0.4411445732877284,0.3318595144740135,1
1910.0,4.67434554973822,0.4329842931937173,0.4397905759162304,1
3621.0,4.898370615851975,0.42225904446285556,0.4802540734603701,1
3180.0,4.820125786163522,0.4226415094339623,0.4286163522012579,1
3260.0,4.779447852760736,0.5165644171779141,0.4726993865030675,1
6775.0,4.229372693726937,0.4739483394833948,0.36870848708487086,1
2263.0,5.152010605391074,0.4891736632788334,0.547945205479452,1
4002.0,4.652423788105947,0.5,0.4230384807596202,1
3104.0,4.978737113402062,0.5260953608247423,0.34181701030927836,1
3513.0,4.518645032735554,0.45288926843154,0.4864787930543695,1
3555.0,4.89985935302391,0.48213783403656824,0.4933895921237693,1
2154.0,4.595171773444754,0.5222841225626741,0.564066852367688,1
3869.0,4.675626776944947,0.4794520547945205,0.4665288188162316,1
4252.0,4.92450611476952,0.4484948259642521,0.4548447789275635,1
2064.0,5.2359496124031,0.46656976744186046,0.4680232558139535,1
9613.0,5.168937896598356,0.4960990325600749,0.4010194528243004,1
18112.0,4.934076855123675,0.47167623674911663,0.30587455830388693,1
4537.0,5.076041437072956,0.5349349790610536,0.4707956799647344,1
6275.0,4.283187250996016,0.5115537848605578,0.3360956175298805,1
6421.0,4.430774022737891,0.5131599439339667,0.36396199968852205,1
2514.0,4.9463007159904535,0.4590294351630867,0.515115354017502,1
2062.0,4.772065955383123,0.501454898157129,0.51454898157129,1
2032.0,4.753444881889764,0.4881889763779528,0.5113188976377953,1
2157.0,4.565600370885489,0.5725544738062124,0.43069077422345853,1
2570.0,4.882490272373541,0.5136186770428015,0.5603112840466926,1
2535.0,5.349112426035503,0.5072978303747534,0.4185404339250493,1
2869.0,4.85569884977344,0.4538166608574416,0.4081561519693273,1
4422.0,4.596110357304387,0.4364540931705111,0.3701944821347806,1
2334.0,4.691945158526136,0.4768637532133676,0.5535561268209083,1
4019.0,4.858920129385419,0.4817118686240358,0.4963921373475989,1
4020.0,4.863681592039801,0.4942786069651741,0.5104477611940299,1
2897.0,4.890231273731446,0.4104245771487746,0.4922333448394891,1
3225.0,4.933333333333334,0.4158139534883721,0.4564341085271318,1
3418.0,4.797249853715623,0.46284376828554713,0.4745465184318315,1
2217.0,5.00766801984664,0.4758682904826342,0.5096977898060442,1
2842.0,5.242083040112597,0.5552427867698804,0.5446868402533427,1
6038.0,5.175057966213978,0.4792977807220934,0.42977807220934083,1
11314.0,4.745890047728478,0.5146720876789818,0.44634965529432563,1
5936.0,4.9863544474393535,0.5048854447439353,0.44154312668463613,1
3179.0,4.912551116703366,0.4746775715633847,0.4548600188738597,1
2671.0,4.822912766754024,0.4739797828528641,0.48184200673904903,1
5915.0,4.849027895181742,0.4617075232459848,0.4600169061707523,1
2155.0,4.451508120649652,0.5243619489559165,0.5373549883990719,1
3880.0,4.912628865979381,0.5005154639175258,0.49716494845360826,1
2378.0,4.94659377628259,0.4953742640874685,0.5222876366694701,1
5041.0,4.737552073001389,0.5159690537591748,0.47589763935727036,1
3463.0,5.08605255558764,0.5252671094426797,0.3785734911926076,1
1903.0,4.7398843930635834,0.41565948502364686,0.4487651077246453,1
1928.0,5.471991701244813,0.6011410788381742,0.5684647302904564,1
5389.0,4.903136017814066,0.5203191686769345,0.3824457227686027,1
2026.0,4.883514313919052,0.4753208292201382,0.5927936821322803,1
2119.0,4.8419065596979705,0.536101934874941,0.5384615384615384,1
4477.0,4.6406075496984585,0.49452758543667635,0.3777082867991959,1
2806.0,4.762295081967213,0.46364932287954386,0.5167498218104063,1
3599.0,5.218949708252293,0.5156988052236733,0.5201444845790497,1
2803.0,4.853371387798787,0.4958972529432751,0.5269354263289333,1
2431.0,5.030851501439737,0.6211435623200329,0.48951048951048953,1
2080.0,5.29375,0.5461538461538461,0.5350961538461538,1
4082.0,4.844683978441941,0.486281234688878,0.43434590886820185,1
1914.0,4.7857889237199585,0.4587251828631139,0.5010449320794148,1
4009.0,4.688201546520329,0.482913444749314,0.41880768271389374,1
2963.0,4.895713803577455,0.4542693216334796,0.5190685116436045,1
2952.0,4.815040650406504,0.43733062330623307,0.5433604336043361,1
2541.0,4.660369933097206,0.4773711137347501,0.5285320739866194,1
3326.0,5.398977751052315,0.571858087793145,0.39717378232110645,1
5725.0,5.002270742358078,0.5821834061135371,0.4310917030567686,1
2202.0,4.935967302452316,0.4682107175295186,0.5495004541326067,1
2788.0,5.281922525107604,0.4723816355810617,0.4878048780487805,1
1977.0,5.050581689428427,0.5336368234699039,0.42286292362164896,1
2154.0,5.070566388115135,0.5821727019498607,0.44057567316620244,1
3235.0,4.795672333848532,0.45811437403400307,0.49768160741885625,1
2478.0,4.481840193704601,0.5411622276029056,0.46569814366424533,1
5452.0,4.877659574468085,0.5135730007336757,0.4732208363903155,1
3699.0,4.937821032711543,0.5050013517166801,0.4863476615301433,1
2124.0,4.8069679849340865,0.4934086629001883,0.5202448210922788,1
1824.0,4.543311403508772,0.4654605263157895,0.49835526315789475,1
3308.0,4.682285368802902,0.4866989117291415,0.5335550181378477,1
2119.0,4.7328928739971685,0.4922133081642284,0.5667767815007079,1
2363.0,4.701227253491324,0.5679221328819297,0.47228099873042745,1
4181.0,3.98254006218608,0.5025113609184406,0.42430040660129154,1
4418.0,4.695110909913988,0.5194658216387505,0.5486645540968764,1
3693.0,4.8020579474681835,0.4838884375846195,0.3000270782561603,1
3359.0,4.550759154510271,0.49955343852337003,0.45608812146472166,1
3099.0,4.704098096160052,0.5027428202646015,0.4620845434010971,1
3734.0,5.063470808784146,0.5058918050348152,0.43813604713444027,1
5677.0,4.946098291351066,0.549057600845517,0.44090188479830894,1
2221.0,5.09905447996398,0.49662314272850067,0.5285907248986943,1
2421.0,4.918628665840561,0.5291201982651796,0.4444444444444444,1
5213.0,4.5507385382697105,0.5797045846921158,0.4872434298868214,1
2035.0,4.6702702702702705,0.48746928746928747,0.5857493857493857,1
2136.0,4.373595505617978,0.47284644194756553,0.4747191011235955,1
4108.0,4.759980525803311,0.46592015579357354,0.3936222005842259,1
4479.0,4.85420852868944,0.459254297834338,0.35878544317928107,1
1897.0,4.743806009488666,0.46863468634686345,0.5260938323668951,1
12562.0,5.241601655787295,0.5813564718993791,0.425569176882662,1
2053.0,4.68339016074038,0.46176327325864586,0.5031660983925962,1
2593.0,5.258002313922098,0.5472425761666024,0.4319321249517933,1
7052.0,5.0198525241066365,0.44753261486103235,0.4157685762904141,1
2976.0,4.766129032258065,0.4952956989247312,0.5070564516129032,1
2154.0,4.92246982358403,0.5171773444753947,0.44939647168059427,1
2032.0,4.723917322834645,0.4625984251968504,0.5034448818897638,1
10723.0,4.991420311479996,0.5140352513289191,0.4687121141471603,1
8865.0,4.973491257755217,0.4751269035532995,0.33457416807670615,1
4216.0,4.911053130929791,0.45801707779886147,0.502134724857685,1
2911.0,5.699416008244589,0.5462040535898317,0.310889728615596,1
6732.0,5.005941770647653,0.4922756981580511,0.3593285799168152,1
2349.0,5.580672626649638,0.5610898254576415,0.46871008939974457,1
3044.0,4.737516425755585,0.5545335085413929,0.5009855453350854,1
3606.0,5.247642817526345,0.511924570160843,0.47420965058236275,1
2214.0,5.528003613369467,0.568654019873532,0.5212285456187895,1
3345.0,4.994917787742899,0.45979073243647234,0.5133034379671151,1
3585.0,4.8806136680613665,0.5458856345885634,0.39637377963737797,1
2079.0,4.8773448773448775,0.5695045695045695,0.5483405483405484,1
3281.0,4.9119170984455955,0.4998476074367571,0.5077720207253886,1
2089.0,5.044518908568693,0.4226902824317855,0.45907132599329825,1
3848.0,4.820686070686071,0.4534823284823285,0.43451143451143454,1
2796.0,5.15307582260372,0.5457796852646638,0.5658082975679543,1
5274.0,4.887372013651877,0.5417140690178233,0.32081911262798635,1
2436.0,4.974137931034483,0.5574712643678161,0.6691297208538588,1
2835.0,4.917460317460318,0.49947089947089945,0.580599647266314,1
3295.0,4.976327769347496,0.4983308042488619,0.5186646433990896,1
4656.0,5.138960481099656,0.5165378006872853,0.3906786941580756,1
1521.0,4.221564760026299,0.41420118343195267,0.5226824457593688,1
4058.0,4.797190734351897,0.4913750616067028,0.4563824544110399,1
2167.0,4.761421319796955,0.5486848177203507,0.4794646977388094,1
2517.0,4.366309098132698,0.4453714739769567,0.44934445768772346,1
2164.0,5.090573012939002,0.49491682070240295,0.5522181146025879,1
6162.0,5.279454722492697,0.5751379422265498,0.40847127555988316,1
1970.0,5.247208121827411,0.5248730964467005,0.4984771573604061,1
2429.0,4.8390284067517495,0.5100864553314121,0.5397282832441334,1
2639.0,4.937097385373248,0.44903372489579385,0.5217885562713149,1
2003.0,4.652021967049426,0.528207688467299,0.4957563654518223,1
2673.0,5.048260381593715,0.5282454171343061,0.5072951739618407,1
2493.0,4.9422382671480145,0.4925792218210991,0.5607701564380265,1
4094.0,4.785295554469956,0.4877870053737176,0.3944797264289204,1
2477.0,5.29592248687929,0.5147355672184094,0.5139281388776746,1
4619.0,5.096341199393808,0.45962329508551636,0.3511582593634986,1
5349.0,5.197420078519349,0.4668162273322116,0.39745746868573567,1
6085.0,5.163023829087921,0.5485620377978636,0.47576006573541496,1
2678.0,4.988797610156833,0.5724421209858103,0.5601194921583271,1
3211.0,4.6882591093117405,0.5017128620367487,0.533167237620679,1
2450.0,4.8914285714285715,0.4775510204081633,0.5608163265306122,1
3084.0,4.756160830090791,0.4961089494163424,0.5492866407263295,1
2038.0,4.344455348380765,0.5024533856722276,0.47399411187438667,1
2089.0,5.005265677357587,0.5265677357587363,0.5327908089995212,1
2795.0,5.051162790697674,0.4898032200357782,0.49409660107334524,1
2364.0,5.145516074450085,0.4978849407783418,0.5308798646362098,1
2098.0,5.164442326024785,0.4542421353670162,0.5743565300285987,1
1995.0,5.093734335839599,0.4967418546365915,0.5032581453634085,1
2346.0,4.948849104859335,0.417306052855925,0.53154305200341,1
2314.0,5.308556611927399,0.4818496110630942,0.5903197925669835,1
1999.0,4.4922461230615305,0.5662831415707854,0.34367183591795897,1
2854.0,4.651016117729503,0.4821303433777155,0.5,1
5396.0,4.804855448480356,0.519644180874722,0.4670126019273536,1
4109.0,5.436845947919202,0.5120467266974933,0.4697006570941835,1
5510.0,5.555716878402904,0.5629764065335753,0.5437386569872958,1
3792.0,5.368934599156118,0.5524789029535865,0.4385548523206751,1
2836.0,4.698166431593794,0.4862482369534556,0.5225669957686883,1
7232.0,4.735896017699115,0.45464601769911506,0.3212112831858407,1
2795.0,4.534525939177102,0.4779964221824687,0.47942754919499103,1
2154.0,4.135561745589601,0.44428969359331477,0.5324976787372331,1
3684.0,4.777958740499457,0.49131378935939196,0.43023887079261675,1
3924.0,4.780581039755352,0.5117227319062182,0.45871559633027525,1
10943.0,4.895732431691492,0.5400712784428402,0.44028145846659966,1
2233.0,4.973578145991939,0.5790416480071653,0.5185848634124496,1
3669.0,5.193785772690107,0.5124011992368492,0.48841646225129465,1
4296.0,4.445065176908752,0.45391061452513964,0.3780260707635009,1
4734.0,4.92247570764681,0.4909167722855936,0.42585551330798477,1
2229.0,4.500672947510094,0.47868999551368324,0.5607895917451772,1
2473.0,4.66518398706025,0.5131419328750505,0.5369995956328346,1
3528.0,5.234977324263038,0.5654761904761905,0.4628684807256236,1
3434.0,4.857891671520093,0.5562026790914385,0.5157251019219569,1
5437.0,4.952915210594077,0.5013794371896266,0.4099687327570351,1
4611.0,4.865105183257428,0.4812405118195619,0.40902190414226847,1
6140.0,4.972638436482085,0.5415309446254072,0.41205211726384366,1
2711.0,4.936923644411657,0.46182220582810773,0.4367392106233862,1
2027.0,4.390231869758264,0.5046867291563888,0.5851011346817958,1
12773.0,4.480310028967353,0.4854771784232365,0.41728646363422844,1
2254.0,5.251109139307897,0.47160603371783494,0.5483584738243124,1
5976.0,4.343206157965194,0.4800870147255689,0.43406961178045517,1
1965.0,5.813740458015267,0.6030534351145038,0.517557251908397,1
2385.0,5.090146750524109,0.5023060796645702,0.5316561844863732,1
2243.0,4.949175211769951,0.49754792688363797,0.4551939366919304,1
2509.0,5.038660821044241,0.4894380231167796,0.4639298525308888,1
2372.0,4.8756323777403034,0.49873524451939294,0.565345699831366,1
3014.0,4.576974120769742,0.44625082946250827,0.5418049104180491,1
2811.0,5.018498754891498,0.47314123087869087,0.4902170046246887,1
2074.0,5.108003857280617,0.5043394406943105,0.49662487945998074,1
4232.0,4.973534971644613,0.4950378071833648,0.3960302457466919,1
3544.0,4.623589164785553,0.47686230248307,0.481941309255079,1
2913.0,5.459663577068315,0.5695159629248198,0.4414692756608308,1
2787.0,4.914244707570865,0.4736275565123789,0.5238607822030857,1
3443.0,4.630845193145513,0.5082776648271856,0.46645367412140576,1
2817.0,4.951366702165425,0.47994320198793045,0.4487042953496628,1
2630.0,4.797718631178707,0.49315589353612166,0.5357414448669201,1
2475.0,4.814949494949495,0.4492929292929293,0.5434343434343434,1
6604.0,5.2711992731677775,0.5408843125378558,0.38476680799515445,1
3456.0,4.953993055555555,0.4644097222222222,0.5303819444444444,1
2965.0,4.957504215851602,0.5824620573355818,0.5143338954468802,1
3600.0,5.3677777777777775,0.5113888888888889,0.4761111111111111,1
2328.0,5.469072164948454,0.522766323024055,0.5189003436426117,1
9918.0,4.631780600927606,0.5127041742286751,0.39019963702359345,1
2579.0,5.115160915083366,0.45870492438929816,0.5323768902675455,1
2771.0,5.220498015156983,0.4980151569830386,0.4965716347888849,1
4348.0,4.839926402943882,0.48045078196872126,0.4606715731370745,1
4369.0,4.981460288395514,0.44930189974822615,0.47882810711833373,1
2908.0,4.928473177441541,0.49449793672627235,0.5646492434662999,1
2826.0,5.13588110403397,0.47983014861995754,0.49115357395612175,1
4395.0,4.63230944254835,0.5324232081911263,0.3720136518771331,1
3111.0,5.139504982320797,0.5371263259402121,0.5245901639344263,1
4893.0,4.976905783772737,0.5438381361128142,0.4741467402411608,1
2878.0,4.903752605976372,0.4645587213342599,0.5562890896455872,1
3973.0,4.609363201610873,0.4246161590737478,0.48150012584948404,1
3466.0,5.046162723600692,0.47951529140219273,0.5559723023658396,1
4044.0,5.16864490603363,0.49357072205736896,0.5445103857566765,1
2270.0,5.140088105726872,0.4814977973568282,0.5753303964757709,1
2142.0,4.6003734827264235,0.5060690943043884,0.5364145658263305,1
2031.0,4.780403741999015,0.5061546036435254,0.568193008370261,1
4386.0,4.706338349293206,0.5043319653442773,0.5278157774737802,1
5609.0,5.188625423426636,0.6248885719379569,0.5933321447673382,1
7269.0,4.731737515476682,0.5240060531022149,0.5279955977438437,1
4343.0,5.290582546626756,0.6203085424821552,0.5586000460511168,1
4292.0,4.8240913327120225,0.48112767940354145,0.44245107176141657,1
5865.0,5.111508951406649,0.4925831202046036,0.5024722932651321,1
2613.0,4.921546115575966,0.5235361653272101,0.47837734404898585,1
2050.0,4.992682926829269,0.5463414634146342,0.5629268292682926,1
9574.0,5.0435554627115105,0.4789011907248799,0.39962398161687906,1
1903.0,4.943247503941145,0.488176563321072,0.5112979506043089,1
4087.0,4.649376070467335,0.47859065329092243,0.5294837288965011,1
3361.0,4.668551026480214,0.5551919071704849,0.6010116036893781,1
1761.0,4.622373651334469,0.4752981260647359,0.5746734809767178,1
1975.0,4.9569620253164555,0.4870886075949367,0.5473417721518987,1
4762.0,4.856362872742545,0.497270054598908,0.36791264174716504,1
2397.0,5.3408427200667505,0.5369211514392991,0.5381727158948686,1
3468.0,5.1732987312572085,0.5348904267589388,0.5190311418685121,1
9354.0,4.40891597177678,0.45007483429548856,0.386144964720975,1
3816.0,4.879716981132075,0.5613207547169812,0.539832285115304,1
2578.0,4.929402637703646,0.5170674941815361,0.58688906128782,1
2639.0,4.951496779082986,0.4751799924213717,0.5581659719590754,1
3306.0,5.105565638233514,0.5232909860859044,0.4727767695099819,1
4015.0,4.876712328767123,0.4866749688667497,0.4368617683686177,1
2366.0,4.987320371935756,0.4640743871513102,0.5160608622147084,1
3670.0,4.591280653950954,0.5040871934604905,0.41198910081743867,1
6245.0,4.910648518815052,0.5542033626901521,0.44979983987189753,1
4452.0,4.696990116801437,0.5449236298292902,0.46990116801437554,1
3951.0,4.5598582637307015,0.4153378891419894,0.4606428752214629,1
4466.0,4.76936856247201,0.5273175100761308,0.4961934617107031,1
2735.0,5.280073126142596,0.5305301645338208,0.613528336380256,1
2028.0,4.894970414201183,0.45019723865877714,0.5083826429980276,1
2852.0,5.011921458625526,0.538218793828892,0.4635343618513324,1
2099.0,4.886136255359695,0.45593139590281084,0.5040495474035255,1
2836.0,5.0059943582510575,0.5,0.5320874471086037,1
2294.0,4.7375762859633825,0.461639058413252,0.43112467306015695,1
2142.0,4.753034547152194,0.5303454715219421,0.5583566760037348,1
2092.0,4.897227533460803,0.4187380497131931,0.5071701720841301,1
3224.0,4.912220843672457,0.4472704714640198,0.4993796526054591,1
3140.0,4.979299363057325,0.47738853503184714,0.4834394904458599,1
2880.0,4.737847222222222,0.515625,0.5184027777777778,1
2915.0,4.8020583190394515,0.4703259005145798,0.5018867924528302,1
2366.0,4.70625528317836,0.510989010989011,0.569737954353339,1
6869.0,4.385936817586257,0.5286067841024894,0.4287378075411268,1
2947.0,4.947064811672887,0.5232439769256871,0.5595520868680014,1
1789.0,4.762996087199553,0.5410844046953606,0.4790385690329793,1
2757.0,4.976060935799782,0.5397170837867247,0.44831338411316646,1
1984.0,5.408266129032258,0.5594758064516129,0.5241935483870968,1
3056.0,4.6714659685863875,0.4898560209424084,0.4368455497382199,1
2440.0,5.334426229508197,0.5471311475409836,0.5262295081967213,1
2795.0,5.1288014311270125,0.5062611806797853,0.5463327370304114,1
2632.0,5.177051671732523,0.5406534954407295,0.567629179331307,1
2868.0,4.604253835425384,0.4996513249651325,0.5198744769874477,1
5220.0,4.974712643678161,0.5101532567049808,0.4528735632183908,1
3297.0,4.86260236578708,0.5222929936305732,0.4182590233545648,1
1996.0,5.19939879759519,0.5601202404809619,0.5601202404809619,1
2161.0,4.712170291531698,0.47987043035631655,0.4993058769088385,1
5609.0,5.013193082545908,0.474950971652701,0.4480299518630772,1
2191.0,5.170241898676403,0.47193062528525787,0.5175718849840255,1
3852.0,4.701713395638629,0.5124610591900312,0.4356178608515057,1
2231.0,5.155535634244734,0.47243388614970866,0.5535634244733303,1
2089.0,4.893729056965055,0.5074198180947822,0.5749162278602202,1
2441.0,4.71446128635805,0.5354362965997542,0.5104465383039738,1
1964.0,4.822810590631365,0.4419551934826884,0.575356415478615,1
3033.0,4.6772172766238045,0.4780745136828223,0.5314869765908341,1
2500.0,5.1352,0.4824,0.5792,1
4926.0,4.838814453917986,0.537555826228177,0.4508729192042225,1
11404.0,5.158365485794458,0.4936864258155033,0.4024903542616626,1
4147.0,5.152158186640945,0.49240414757656137,0.49023390402700745,1
3051.0,5.586037364798427,0.5476892822025565,0.5178629957391019,1
4218.0,5.045045045045045,0.46088193456614507,0.44997629208155526,1
2532.0,5.145339652448657,0.4687993680884676,0.46248025276461296,1
2537.0,4.940480882932597,0.4793062672447773,0.4635396137169886,1
2029.0,4.854608181370133,0.4972893050763923,0.5603745687530803,1
2910.0,5.105498281786941,0.5515463917525774,0.5542955326460481,1
5025.0,4.794626865671642,0.5094527363184079,0.3460696517412935,1
5161.0,5.201317574113544,0.5103662080992056,0.4706452237938384,1
2529.0,4.883353103993674,0.4523527085804666,0.5417160933175168,1
1846.0,4.604008667388949,0.5054171180931745,0.48429035752979416,1
1987.0,5.272269753397081,0.5183694011071968,0.45948666331152493,1
3824.0,4.645135983263598,0.549163179916318,0.49110878661087864,1
2934.0,4.861963190184049,0.45262440354464895,0.569188820722563,1
2376.0,4.66456228956229,0.47853535353535354,0.4617003367003367,1
6372.0,4.880728185812932,0.5004708097928436,0.31434400502197113,1
7364.0,4.846550787615427,0.5454915806626833,0.4951113525258012,1
2380.0,5.0436974789915965,0.5,0.5012605042016807,1
1973.0,5.307146477445515,0.4906234161175874,0.5514445007602635,1
2290.0,5.034934497816594,0.6122270742358079,0.3537117903930131,1
3432.0,4.682109557109557,0.4662004662004662,0.29603729603729606,1
1616.0,5.056930693069307,0.6008663366336634,0.4870049504950495,1
5810.0,4.8989672977624785,0.4820998278829604,0.3994836488812392,1
2028.0,4.700197238658777,0.48372781065088755,0.5769230769230769,1
2902.0,4.72053756030324,0.5117160578911096,0.5,1
2271.0,5.288419198590929,0.5107881990312637,0.49889916336415674,1
1926.0,5.284527518172378,0.5233644859813084,0.5560747663551402,1
2089.0,5.001436093824797,0.46864528482527523,0.5098133078027764,1
6918.0,5.011564035848511,0.500722752240532,0.37958947672737786,1
1964.0,4.947556008146639,0.43533604887983707,0.4969450101832994,1
6963.0,5.001867011345684,0.47278471923021687,0.3774235243429556,1
3658.0,5.229086932750136,0.5511208310552215,0.3843630399125205,1
2175.0,4.571494252873563,0.5402298850574713,0.6059770114942529,1
2251.0,5.3802754331408265,0.45579742336739226,0.5068858285206574,1
5270.0,4.869449715370019,0.4599620493358634,0.4100569259962049,1
4518.0,4.8778220451527226,0.5097388224878264,0.5683930942895087,1
1924.0,5.007796257796258,0.5218295218295218,0.5857588357588358,1
10181.0,5.034868873391612,0.44435713584127295,0.3974069344858069,1
2791.0,4.5972769616624864,0.46399140093156577,0.5653887495521318,1
8409.0,5.06136282554406,0.5036270662385539,0.38387442026400287,1
3865.0,4.704010349288486,0.508150064683053,0.4998706338939198,1
5379.0,4.691950176612753,0.5428518311953895,0.4796430563301729,1
2787.0,5.15464657337639,0.49695012558306423,0.4951560818083961,1
2141.0,5.166277440448389,0.4885567491826249,0.5679588977113499,1
3630.0,5.104132231404959,0.5234159779614325,0.5650137741046832,1
2047.0,4.980947728383,0.5051294577430386,0.6018563751831949,1
2733.0,4.765825100622027,0.46176362971094037,0.5170142700329309,1
4225.0,5.0624852071005915,0.533491124260355,0.3725443786982249,1
2331.0,4.34019734019734,0.3835263835263835,0.43114543114543114,1
2178.0,4.912764003673095,0.5091827364554637,0.5550964187327824,1
6756.0,4.808762581409118,0.4866785079928952,0.40600947306098284,1
2284.0,4.933887915936952,0.45402802101576184,0.5748686514886164,1
6282.0,5.027379815345431,0.4665711556829035,0.42581980261063357,1
12492.0,4.867435158501441,0.4271533781620237,0.34165866154338775,1
2023.0,5.068215521502719,0.5037073652990608,0.6337123084527929,1
2022.0,5.198813056379822,0.5474777448071216,0.625618199802176,1
4335.0,5.025836216839677,0.5047289504036909,0.3780853517877739,1
21433.0,5.221154294779079,0.48845238650678857,0.2968319880558018,1
2078.0,5.110202117420597,0.41000962463907603,0.5052935514918191,1
5553.0,4.781919683054205,0.5159373311723393,0.4768593553034396,1
4205.0,4.7379310344827585,0.48561236623067777,0.44209274673008325,1
1772.0,4.551918735891648,0.5067720090293454,0.45428893905191875,1
3815.0,4.910353866317169,0.5543905635648755,0.44089121887287025,1
5309.0,4.477302693539273,0.5492559804106235,0.35016010548125825,1
2505.0,4.699800399201597,0.4243512974051896,0.3916167664670659,1
3161.0,4.859854476431509,0.5014236001265422,0.5378044922492882,1
2054.0,4.688412852969815,0.4902629016553067,0.5866601752677703,1
2871.0,4.864158829676071,0.4876349703935911,0.5235109717868338,1
3082.0,5.155743024010383,0.509409474367294,0.48864373783257625,1
2860.0,4.62972027972028,0.4314685314685315,0.4314685314685315,1
3788.0,4.716209081309398,0.5005279831045406,0.4440337909186906,1
4532.0,5.01765225066196,0.5306707855251545,0.500441306266549,1
6967.0,5.419549303861059,0.5635137074781111,0.41639156021243,1
3526.0,5.549914917753829,0.5859330686330119,0.49801474758933634,1
4322.0,5.014807959278112,0.4826469227209625,0.4942156409069875,1
2000.0,4.6375,0.4995,0.578,1
2105.0,4.0679334916864605,0.40760095011876485,0.47078384798099765,1
2884.0,4.749306518723994,0.40499306518723993,0.39181692094313453,1
2486.0,4.9094931617055515,0.47144006436041835,0.5261464199517297,1
2010.0,5.220398009950249,0.46119402985074626,0.5144278606965174,1
21254.0,4.975957466829773,0.46156017690787615,0.3481697562811706,1
4176.0,4.994971264367816,0.5158045977011494,0.49592911877394635,1
9638.0,4.654596389292385,0.42353185308155217,0.42768209172027394,1
3754.0,4.997602557272243,0.5122535961640916,0.45897709110282364,1
7431.0,5.244381644462387,0.500605571255551,0.4300901628313821,1
9060.0,5.203642384105961,0.48300220750551875,0.42008830022075055,1
2247.0,4.957276368491322,0.5020026702269693,0.4000890075656431,1
3551.0,4.934103069557871,0.5412559842297944,0.481554491692481,1
2952.0,5.108739837398374,0.49254742547425473,0.5433604336043361,1
6345.0,4.955713159968479,0.5624901497241923,0.5205673758865248,1
2133.0,4.728551336146273,0.4964838255977497,0.5977496483825597,1
4635.0,4.882632146709817,0.44983818770226536,0.3918015102481122,1
2632.0,4.73936170212766,0.5106382978723404,0.5585106382978723,1
3758.0,5.174827035657264,0.5146354443853113,0.5279403938265035,1
2295.0,4.618300653594771,0.5002178649237473,0.42657952069716776,1
2933.0,5.041595635867712,0.48448687350835323,0.5028980565973407,1
2628.0,5.098934550989346,0.517503805175038,0.502283105022831,1
3588.0,4.938405797101449,0.4654403567447046,0.5306577480490524,1
2650.0,4.501132075471698,0.40226415094339624,0.4781132075471698,1
3574.0,4.496082820369334,0.4353665360940123,0.4076664801343033,1
2616.0,5.059633027522936,0.44762996941896027,0.4399847094801223,1
1950.0,4.512307692307692,0.44666666666666666,0.3605128205128205,1
8361.0,4.869393613204162,0.520511900490372,0.4284176533907427,1
2390.0,4.792887029288703,0.5259414225941422,0.5472803347280335,1
2089.0,4.460028721876496,0.4538056486357109,0.389181426519866,1
3401.0,4.976477506615701,0.5030873272566893,0.4969126727433108,1
2007.0,4.897359242650722,0.5206776283009467,0.44245142002989535,1
5404.0,4.885270170244263,0.45817912657290893,0.481680236861584,1
2478.0,5.106941081517353,0.5246166263115416,0.5125100887812752,1
4592.0,4.8270905923344944,0.4481707317073171,0.30270034843205573,1
2333.0,4.811401628804115,0.4564937848264038,0.5345049292756108,1
3392.0,4.6883844339622645,0.4543042452830189,0.48997641509433965,1
2111.0,4.775461866414021,0.5291331122690668,0.5646612979630506,1
2951.0,4.324296848525924,0.5594713656387665,0.4103693663165029,1
2128.0,4.757048872180451,0.5578007518796992,0.6080827067669173,1
2791.0,4.775707631673235,0.4908634897886062,0.5539233249731279,1
2210.0,4.7710407239819,0.4266968325791855,0.497737556561086,1
5130.0,4.815789473684211,0.45419103313840153,0.4378167641325536,1
3118.0,4.616100064143682,0.4217447081462476,0.34092366901860166,1
2664.0,5.05518018018018,0.5319069069069069,0.5431681681681682,1
3617.0,5.182748133812552,0.4807851810893005,0.42991429361349187,1
3722.0,5.03358409457281,0.5437936593229447,0.600214938205266,1
3321.0,4.802770249924722,0.4378199337548931,0.45769346582354714,1
2186.0,4.805123513266239,0.4890210430009149,0.5690759377859104,1
5490.0,5.148816029143898,0.507103825136612,0.533879781420765,1
8033.0,4.910120751898419,0.5687787875015561,0.36661272251960664,1
3095.0,4.790306946688207,0.5095315024232633,0.524394184168013,1
4330.0,5.2297921478060045,0.5267898383371824,0.5073903002309469,1
2022.0,5.088526211671613,0.4980217606330366,0.5103857566765578,1
2762.0,4.765387400434467,0.4547429398986242,0.4866039102099928,1
2031.0,4.442146725750861,0.4731659281142294,0.5228951255539144,1
4092.0,4.58822091886608,0.4904692082111437,0.42179863147605084,1
3188.0,4.699498117942284,0.5034504391468005,0.6003764115432874,1
3141.0,4.993632601082457,0.4769181789239096,0.5380452085323145,1
2415.0,4.679089026915114,0.4745341614906832,0.43643892339544516,1
2923.0,5.012658227848101,0.43619568936024633,0.484775915155662,1
2030.0,4.7379310344827585,0.4379310344827586,0.4748768472906404,1
2644.0,4.8305597579425115,0.46520423600605143,0.47276853252647505,1
2761.0,4.6950380296993846,0.5240854762767113,0.48279608837377763,1
1961.0,5.196838347781744,0.4854665986741458,0.450790413054564,1
6735.0,5.2994803266518185,0.5172976985894581,0.4494432071269488,1
3682.0,4.77104834329169,0.46333514394350894,0.39869636067354697,1
3514.0,4.1511098463289695,0.5147979510529311,0.3232783153101878,1
2134.0,4.788659793814433,0.5299906279287723,0.5721649484536082,1
6814.0,4.970648664514235,0.45362488993249195,0.3921338420898151,1
2433.0,4.7422934648582,0.5458281956432388,0.5651459103986848,1
2551.0,5.700901607212858,0.502156017248138,0.4492355938847511,1
4927.0,4.736553683783235,0.4576821595291252,0.4958392530951898,1
2891.0,5.201660325147008,0.5171221030785196,0.5233483223797993,1
11856.0,5.081815114709851,0.5177125506072875,0.3982793522267207,1
3296.0,4.858313106796117,0.44599514563106796,0.4672330097087379,1
2266.0,4.657546337157988,0.5185348631950574,0.559576345984113,1
2365.0,4.986892177589852,0.5399577167019027,0.6088794926004228,1
4214.0,4.926198386331277,0.46179401993355484,0.39677266255339344,1
5890.0,4.95314091680815,0.4877758913412564,0.4232597623089983,1
15320.0,5.011227154046997,0.5284595300261097,0.3681462140992167,1
3497.0,4.955962253360023,0.519874177866743,0.41492708035458964,1
2403.0,4.802330420307948,0.5160216396171452,0.5809404910528506,1
2241.0,4.737617135207497,0.5060240963855421,0.4908522980812137,1
3628.0,4.989801543550166,0.5253583241455347,0.5438257993384785,1
4204.0,5.054471931493816,0.4131779257849667,0.4433872502378687,1
4599.0,4.063274624918461,0.49445531637312456,0.47923461622091756,1
4065.0,5.006642066420664,0.4878228782287823,0.5070110701107011,1
2063.0,4.748424624333495,0.46776539020843433,0.5695588948133786,1
2604.0,4.739247311827957,0.44738863287250386,0.43663594470046085,1
2031.0,4.711472181191532,0.45790251107828656,0.4588872476612506,1
3360.0,4.475297619047619,0.4767857142857143,0.48660714285714285,1
3014.0,4.812873258128732,0.4708029197080292,0.4887193098871931,1
3933.0,4.756674294431732,0.5387744724129163,0.5113145181795067,1
3792.0,4.813027426160337,0.5593354430379747,0.35970464135021096,1
2754.0,4.741466957153231,0.5257806826434277,0.4974582425562818,1
2719.0,4.5641780066200806,0.5307098197866863,0.474439132033836,1
5821.0,4.728740766191376,0.5047242741796942,0.49390139151348567,1
2011.0,4.602187966185977,0.4415713575335654,0.5420188960716061,1
3349.0,4.884443117348463,0.45535980889817856,0.4186324275903255,1
2163.0,5.112806287563569,0.49422098936662046,0.5233472029588534,1
1968.0,4.824186991869919,0.4644308943089431,0.5533536585365854,1
2152.0,4.852695167286245,0.487453531598513,0.49070631970260226,1
2764.0,5.0495658465991315,0.5097684515195369,0.48263386396526775,1
13963.0,5.0572942777340115,0.5263911766812289,0.40951085010384586,1
2463.0,4.803085667884694,0.46000812017864395,0.5452699959399107,1
5332.0,5.163540885221305,0.48780945236309076,0.3852213053263316,1
2127.0,4.8204043253408555,0.5420780441937001,0.5702867889045604,1
5076.0,4.749605988967691,0.47576832151300236,0.4280929866036249,1
4196.0,5.2047187797902765,0.4938036224976168,0.4752144899904671,1
1949.0,4.735761929194458,0.4905079527963058,0.38173422267829654,1
2641.0,5.0234759560772435,0.5198788337750851,0.5418402120408936,1
2584.0,4.844427244582043,0.43846749226006193,0.47871517027863775,1
2064.0,4.692829457364341,0.5271317829457365,0.5736434108527132,1
2023.0,5.38902619871478,0.5467128027681661,0.560059317844785,1
4751.0,5.189854767417386,0.454851610187329,0.42159545358871814,1
3780.0,4.843386243386243,0.4542328042328042,0.4097883597883598,1
2482.0,4.787671232876712,0.5507655116841257,0.46897663174858983,1
2141.0,5.037832788416628,0.48435310602522186,0.5310602522185894,1
5943.0,4.8700992764597,0.5254921756688541,0.4334511189634865,1
20519.0,5.299478532092207,0.5843364686388226,0.41498123690238314,1
2477.0,4.854662898667743,0.5660072668550666,0.5163504238998788,1
2312.0,4.661764705882353,0.4757785467128028,0.5726643598615917,1
5321.0,4.854914489757564,0.5222702499530163,0.4625070475474535,1
2400.0,4.865,0.5008333333333334,0.5333333333333333,1
2363.0,5.365636902242912,0.5408379179009734,0.5095217943292425,1
1845.0,4.9105691056910565,0.5132791327913279,0.44661246612466127,1
6160.0,4.666396103896104,0.4753246753246753,0.3767857142857143,1
4226.0,4.783956460009465,0.5056791292001893,0.4337434926644581,1
3590.0,4.382172701949861,0.47214484679665736,0.381058495821727,1
3068.0,4.5387874837027375,0.4664276401564537,0.379400260756193,1
3327.0,4.940186354072738,0.49684400360685305,0.5293056807935077,1
1977.0,5.112797167425392,0.49114820435002526,0.5179564997470916,1
2655.0,5.212052730696798,0.48512241054613936,0.4858757062146893,1
3104.0,4.725515463917525,0.47519329896907214,0.48131443298969073,1
2468.0,4.828606158833063,0.4874392220421394,0.5632090761750406,1
7466.0,4.849450843825341,0.4706670238414144,0.4039646396999732,1
6455.0,5.03439194422928,0.4988381099922541,0.33199070487993804,1
3821.0,4.9159905783826225,0.44490970950013087,0.45747186600366396,1
1914.0,4.47962382445141,0.4952978056426332,0.45245559038662486,1
2369.0,4.728999577880963,0.4926129168425496,0.5605740818910933,1
2207.0,4.707294970548255,0.49614861803352966,0.5224286361576801,1
3794.0,5.0052714812862416,0.48365840801265153,0.4599367422245651,1
3843.0,4.984647410876919,0.44054124381993237,0.501951600312256,1
2411.0,4.910825383658233,0.42554956449605974,0.43177104935711325,1
3427.0,4.77064487890283,0.5231981324773854,0.4552086372920922,1
7289.0,4.526409658389354,0.4553436685416381,0.3320071340375909,1
2016.0,4.6726190476190474,0.45535714285714285,0.38740079365079366,1
2166.0,5.1149584487534625,0.4649122807017544,0.5627885503231763,1
8564.0,4.705978514712751,0.47839794488556747,0.42526856609061187,1
4613.0,5.131801430739215,0.5501842618686321,0.44222848471710385,1
2568.0,4.53309968847352,0.5708722741433022,0.5085669781931464,1
2227.0,4.852267624607094,0.4548720251459362,0.4081724292770543,1
4047.0,5.049913516184828,0.45317519149987645,0.504571287373363,1
2761.0,5.072075335023542,0.49583484244838827,0.576240492575154,1
8976.0,4.76403743315508,0.4877450980392157,0.40129233511586454,1
2913.0,4.672502574665294,0.5259182972880192,0.49742533470648814,1
1904.0,4.758403361344538,0.40441176470588236,0.40861344537815125,1
2782.0,4.372034507548526,0.5204888569374551,0.5237239396117901,1
2704.0,4.787721893491124,0.48668639053254437,0.46708579881656803,1
3127.0,4.78893508154781,0.4915254237288136,0.5628397825391749,1
2838.0,4.796687808315715,0.4393939393939394,0.5253699788583509,1
2977.0,5.254618743701713,0.5613033254954652,0.556936513268391,1
2769.0,5.214517876489707,0.47165041531238716,0.48465149873600577,1
3025.0,4.976528925619835,0.5514049586776859,0.5583471074380165,1
2192.0,4.726277372262774,0.4657846715328467,0.43886861313868614,1
9628.0,5.041649356044869,0.43560448691316994,0.34451599501454094,1
2023.0,5.011863568956994,0.46861097380128525,0.5106277805239743,1
3508.0,5.179589509692132,0.43814139110604333,0.44412770809578106,1
3254.0,4.801167793484941,0.5119852489244008,0.5089121081745543,1
3206.0,5.627885215221459,0.5436681222707423,0.44915782907049284,1
2033.0,5.016724053123463,0.5391047712739794,0.48844072798819477,1
2593.0,4.67682221365214,0.518318549942152,0.43925954492865404,1
2257.0,5.007089056269384,0.49889233495790875,0.5369960124058485,1
5948.0,4.730497646267653,0.5220242098184263,0.3233019502353732,1
2242.0,5.128010704727921,0.4817127564674398,0.47948260481712757,1
1977.0,5.030349013657056,0.5032878098128477,0.5356600910470409,1
2150.0,4.725116279069767,0.4586046511627907,0.5130232558139535,1
5207.0,4.83310927597465,0.48377184559247166,0.20606875360092183,1
4255.0,4.694947121034078,0.5431257344300823,0.5083431257344301,1
3327.0,4.925157799819657,0.5782987676585513,0.4556657649534115,1
3406.0,5.012918379330593,0.46623605402231355,0.5369935408103347,1
1953.0,4.795698924731183,0.5934459805427548,0.48847926267281105,1
3659.0,4.832741186116425,0.45531566001639795,0.462968024050287,1
11921.0,4.85630400134217,0.4552470430333026,0.37815619495008806,1
2730.0,4.476923076923077,0.46190476190476193,0.5714285714285714,1
8377.0,4.767816640802197,0.4761847916915363,0.4170944252118897,1
10913.0,4.842023274993127,0.46797397599193624,0.41033629616054246,1
2824.0,4.975566572237961,0.44794617563739375,0.4830028328611898,1
4244.0,5.136427898209236,0.5240339302544769,0.4180018850141376,1
11128.0,4.7673436376707405,0.509705248023005,0.4458123652048886,1
2512.0,4.782643312101911,0.5187101910828026,0.6174363057324841,1
2360.0,4.991525423728813,0.49745762711864405,0.5635593220338984,1
1822.0,5.009879253567508,0.4544456641053787,0.5543358946212953,1
2050.0,4.951219512195122,0.48390243902439023,0.5712195121951219,1
2808.0,4.686609686609686,0.4675925925925926,0.4668803418803419,1
2056.0,4.742217898832685,0.436284046692607,0.4357976653696498,1
2454.0,4.763651181744091,0.4682151589242054,0.4409127954360228,1
2833.0,4.723967525591246,0.4888810448288034,0.5322979174020473,1
